year,week_start,dat_member,out_path,bytes,sha256
2026,2026-01-05,001_SALES_DATA_NNME_05012026.DAT,C:\Users\jonat\PycharmProjects\NSWpropertyData\RawData\DAT\2026\20260105\001_SALES_DATA_NNME_05012026.DAT,373,a3a1d7d726eecc9fa039947f031130b07e7daff2e1dcc466f1f0b703283b5729
2026,2026-01-05,004_SALES_DATA_NNME_05012026.DAT,C:\Users\jonat\PycharmProjects\NSWpropertyData\RawData\DAT\2026\20260105\004_SALES_DATA_NNME_05012026.DAT,873,3f72b9577628e21e66819185f49fe1f35c1b84e2ab5b8466b8d21765bcbd4dea
2026,2026-01-05,005_SALES_DATA_NNME_05012026.DAT,C:\Users\jonat\PycharmProjects\NSWpropertyData\RawData\DAT\2026\20260105\005_SALES_DATA_NNME_05012026.DAT,299,f8563ea2a4daed1de64d0b2fb4d833ab96a8a901ff402183d62a0b1825f02071
2026,2026-01-05,007_SALES_DATA_NNME_05012026.DAT,C:\Users\jonat\PycharmProjects\NSWpropertyData\RawData\DAT\2026\20260105\007_SALES_DATA_NNME_05012026.DAT,291,c5fcebd9f623a26f2d200be4cb7d6c429370bdf29b6accccf3f9d5cb742786ff
2026,2026-01-05,008_SALES_DATA_NNME_05012026.DAT,C:\Users\jonat\PycharmProjects\NSWpropertyData\RawData\DAT\2026\20260105\008_SALES_DATA_NNME_05012026.DAT,895,fb34a03ed3119d3d7310b8a46fe3decb23b43d4885ffdcfde2f684218d1ade57
2026,2026-01-05,010_SALES_DATA_NNME_05012026.DAT,C:\Users\jonat\PycharmProjects\NSWpropertyData\RawData\DAT\2026\20260105\010_SALES_DATA_NNME_05012026.DAT,730,a1297aafd5312781fb7dc92c32b2891c496fac1d244c1c43eda6c9965c6d78fe
2026,2026-01-05,018_SALES_DATA_NNME_05012026.DAT,C:\Users\jonat\PycharmProjects\NSWpropertyData\RawData\DAT\2026\20260105\018_SALES_DATA_NNME_05012026.DAT,654,564166693c9cafba857c75b217def612084af85f71e1e7396c1bc17e26eec35c
2026,2026-01-05,070_SALES_DATA_NNME_05012026.DAT,C:\Users\jonat\PycharmProjects\NSWpropertyData\RawData\DAT\2026\20260105\070_SALES_DATA_NNME_05012026.DAT,300,0b4f65f1a50dfd51066b70a55643e20b6d573359094746ba127efa32aa8b99ea
2026,2026-01-05,081_SALES_DATA_NNME_05012026.DAT,C:\Users\jonat\PycharmProjects\NSWpropertyData\RawData\DAT\2026\20260105\081_SALES_DATA_NNME_05012026.DAT,3000,ce7c3726b676cdc4e032466233506c78cbf64474a6452644e16355a8c4895f21
2026,2026-01-05,082_SALES_DATA_NNME_05012026.DAT,C:\Users\jonat\PycharmProjects\NSWpropertyData\RawData\DAT\2026\20260105\082_SALES_DATA_NNME_05012026.DAT,961,04c83eda436be58eb41dbc4c32810da27a2f86de11b13d37a7be12af8d014e9c
2026,2026-01-05,084_SALES_DATA_NNME_05012026.DAT,C:\Users\jonat\PycharmProjects\NSWpropertyData\RawData\DAT\2026\20260105\084_SALES_DATA_NNME_05012026.DAT,619,9f20ee1b6848da2e2fe39facdb614d5d495a9243f7affc5ae01543a34ff4f90c
2026,2026-01-05,085_SALES_DATA_NNME_05012026.DAT,C:\Users\jonat\PycharmProjects\NSWpropertyData\RawData\DAT\2026\20260105\085_SALES_DATA_NNME_05012026.DAT,871,d5508b6351de3c091857f83617d6e3d542ea2a60485831cee0e2b9d3b7fe639c
2026,2026-01-05,087_SALES_DATA_NNME_05012026.DAT,C:\Users\jonat\PycharmProjects\NSWpropertyData\RawData\DAT\2026\20260105\087_SALES_DATA_NNME_05012026.DAT,1055,b47f2220de72a2e6a0733284e4f8ceed11785e14c971beea8fe8b99571b45454
2026,2026-01-05,088_SALES_DATA_NNME_05012026.DAT,C:\Users\jonat\PycharmProjects\NSWpropertyData\RawData\DAT\2026\20260105\088_SALES_DATA_NNME_05012026.DAT,541,83c2536e742ae9f8a1a421bcf6e012f55c8b1e741e22b901f6d1bb77bdcba869
2026,2026-01-05,090_SALES_DATA_NNME_05012026.DAT,C:\Users\jonat\PycharmProjects\NSWpropertyData\RawData\DAT\2026\20260105\090_SALES_DATA_NNME_05012026.DAT,1859,c8e7b150cd18cb46736f34055a2f02d238dd0906b76051fb15dce4a33a3925b1
2026,2026-01-05,092_SALES_DATA_NNME_05012026.DAT,C:\Users\jonat\PycharmProjects\NSWpropertyData\RawData\DAT\2026\20260105\092_SALES_DATA_NNME_05012026.DAT,297,fd6dbc5ef4eccf09e48cd437a374f93be79a8522032792b431090173caa84a55
2026,2026-01-05,100_SALES_DATA_NNME_05012026.DAT,C:\Users\jonat\PycharmProjects\NSWpropertyData\RawData\DAT\2026\20260105\100_SALES_DATA_NNME_05012026.DAT,335,08a9d3ace79a1e30ec9948f564fa2afeca173319d7abc707ee9d0eb0c3e7a5f0
2026,2026-01-05,101_SALES_DATA_NNME_05012026.DAT,C:\Users\jonat\PycharmProjects\NSWpropertyData\RawData\DAT\2026\20260105\101_SALES_DATA_NNME_05012026.DAT,553,4907af6e35e13277a890b91ce0a041c4a56032dd796ba217f45f7bc27d9b6501
2026,2026-01-05,103_SALES_DATA_NNME_05012026.DAT,C:\Users\jonat\PycharmProjects\NSWpropertyData\RawData\DAT\2026\20260105\103_SALES_DATA_NNME_05012026.DAT,337,2d2275b5b354281dae7a9075c9dfe48f72893b22ae804a11bd9196988422460d
2026,2026-01-05,137_SALES_DATA_NNME_05012026.DAT,C:\Users\jonat\PycharmProjects\NSWpropertyData\RawData\DAT\2026\20260105\137_SALES_DATA_NNME_05012026.DAT,581,32d7ff219e1eea1ba5738b0e9e80b25ce552055a9c0673cb4715d7dd434d7e9e
2026,2026-01-05,139_SALES_DATA_NNME_05012026.DAT,C:\Users\jonat\PycharmProjects\NSWpropertyData\RawData\DAT\2026\20260105\139_SALES_DATA_NNME_05012026.DAT,1719,9d7fde605c1577dbddbd719ed166e77648ec5a953bb2d945316263e4e3621ee7
2026,2026-01-05,143_SALES_DATA_NNME_05012026.DAT,C:\Users\jonat\PycharmProjects\NSWpropertyData\RawData\DAT\2026\20260105\143_SALES_DATA_NNME_05012026.DAT,1135,d2c6d21d4766b56a29a7784ba0476f827da3ac24af4c2da618378fe6c87a15b5
2026,2026-01-05,144_SALES_DATA_NNME_05012026.DAT,C:\Users\jonat\PycharmProjects\NSWpropertyData\RawData\DAT\2026\20260105\144_SALES_DATA_NNME_05012026.DAT,298,3d66313f5e11701c6ba8bd3145be8c000ca48a5ed59ee09cd6be995e2c3946e7
2026,2026-01-05,151_SALES_DATA_NNME_05012026.DAT,C:\Users\jonat\PycharmProjects\NSWpropertyData\RawData\DAT\2026\20260105\151_SALES_DATA_NNME_05012026.DAT,846,2b23dd3431c26165ae9015ed7c0690631d246ec656af1882cb5aed1753a5e0d3
2026,2026-01-05,152_SALES_DATA_NNME_05012026.DAT,C:\Users\jonat\PycharmProjects\NSWpropertyData\RawData\DAT\2026\20260105\152_SALES_DATA_NNME_05012026.DAT,340,aae335f60dc723e4a0addbd1c90766132f48f638b31b8e00cae9c7f5ded73929
2026,2026-01-05,159_SALES_DATA_NNME_05012026.DAT,C:\Users\jonat\PycharmProjects\NSWpropertyData\RawData\DAT\2026\20260105\159_SALES_DATA_NNME_05012026.DAT,567,d53b889f76a30c0c6d84943d799ca791d19ae3c5362f9b4f313a5aa52d55ffa6
2026,2026-01-05,171_SALES_DATA_NNME_05012026.DAT,C:\Users\jonat\PycharmProjects\NSWpropertyData\RawData\DAT\2026\20260105\171_SALES_DATA_NNME_05012026.DAT,307,b3a73243028639e642beaf084cf60b2f8ebc89a02916c38e2e58aef2222d097d
2026,2026-01-05,207_SALES_DATA_NNME_05012026.DAT,C:\Users\jonat\PycharmProjects\NSWpropertyData\RawData\DAT\2026\20260105\207_SALES_DATA_NNME_05012026.DAT,1031,3255d38b4e6ebb9baa59671e4350c1f6938fee5f591f148512888c4dc269e9a2
2026,2026-01-05,209_SALES_DATA_NNME_05012026.DAT,C:\Users\jonat\PycharmProjects\NSWpropertyData\RawData\DAT\2026\20260105\209_SALES_DATA_NNME_05012026.DAT,294,8a0e0d1686adf0572b084ba0690929187ac8f2631b0b0ecab2834d3621937d98
2026,2026-01-05,210_SALES_DATA_NNME_05012026.DAT,C:\Users\jonat\PycharmProjects\NSWpropertyData\RawData\DAT\2026\20260105\210_SALES_DATA_NNME_05012026.DAT,875,97a8ea35dff5167c5fe846a5fa357698bfcd31f40878f6867e40895c87436dc0
2026,2026-01-05,214_SALES_DATA_NNME_05012026.DAT,C:\Users\jonat\PycharmProjects\NSWpropertyData\RawData\DAT\2026\20260105\214_SALES_DATA_NNME_05012026.DAT,5431,3d4c13ea94778c3152520aaac729ff595a1dba978a7a96c717baac19a12db60c
2026,2026-01-05,216_SALES_DATA_NNME_05012026.DAT,C:\Users\jonat\PycharmProjects\NSWpropertyData\RawData\DAT\2026\20260105\216_SALES_DATA_NNME_05012026.DAT,671,99ea07c227824814a17c7a069058a9fa23cdced13abcebbd9197d6ac8e702201
2026,2026-01-05,217_SALES_DATA_NNME_05012026.DAT,C:\Users\jonat\PycharmProjects\NSWpropertyData\RawData\DAT\2026\20260105\217_SALES_DATA_NNME_05012026.DAT,2312,9b7dd50ce174d0b2829e3aeb1186bc34e7c13407ad3cfc8054fff6731162c10f
2026,2026-01-05,218_SALES_DATA_NNME_05012026.DAT,C:\Users\jonat\PycharmProjects\NSWpropertyData\RawData\DAT\2026\20260105\218_SALES_DATA_NNME_05012026.DAT,343,652497d0cc130edf222080c2337d4e6b9dd0ae31a97980ab277739e03fb53e99
2026,2026-01-05,219_SALES_DATA_NNME_05012026.DAT,C:\Users\jonat\PycharmProjects\NSWpropertyData\RawData\DAT\2026\20260105\219_SALES_DATA_NNME_05012026.DAT,706,2660cd87422610e1a02eac9af3f3f4c68eebc87c668620882ffe6d73fbf49cdb
2026,2026-01-05,220_SALES_DATA_NNME_05012026.DAT,C:\Users\jonat\PycharmProjects\NSWpropertyData\RawData\DAT\2026\20260105\220_SALES_DATA_NNME_05012026.DAT,1947,046463f93f67012fb2ab6c39186cb4328b98d836a8f443eb216e7885a4d6517a
2026,2026-01-05,223_SALES_DATA_NNME_05012026.DAT,C:\Users\jonat\PycharmProjects\NSWpropertyData\RawData\DAT\2026\20260105\223_SALES_DATA_NNME_05012026.DAT,3138,be788358676a4cc270fed5fde34e465a8dec8baa9c05f557be385d6f7c012a48
2026,2026-01-05,224_SALES_DATA_NNME_05012026.DAT,C:\Users\jonat\PycharmProjects\NSWpropertyData\RawData\DAT\2026\20260105\224_SALES_DATA_NNME_05012026.DAT,1499,2d63d2ee16d36de1f28aae1ffb520b56390977dca1352091225659aa2bb3f444
2026,2026-01-05,226_SALES_DATA_NNME_05012026.DAT,C:\Users\jonat\PycharmProjects\NSWpropertyData\RawData\DAT\2026\20260105\226_SALES_DATA_NNME_05012026.DAT,336,589cedcbd45524697be4929a53116fa32ffcd1a0440e8fb1449e043875439116
2026,2026-01-05,251_SALES_DATA_NNME_05012026.DAT,C:\Users\jonat\PycharmProjects\NSWpropertyData\RawData\DAT\2026\20260105\251_SALES_DATA_NNME_05012026.DAT,307,4ba1b099d235d3205e9bd51b860f34da70309306862efd5ca392d0b88d1572ab
2026,2026-01-05,253_SALES_DATA_NNME_05012026.DAT,C:\Users\jonat\PycharmProjects\NSWpropertyData\RawData\DAT\2026\20260105\253_SALES_DATA_NNME_05012026.DAT,304,06b574e227c55993562350fbad301f589ebb4e9a0e268086d4b73763e6f3393a
2026,2026-01-05,258_SALES_DATA_NNME_05012026.DAT,C:\Users\jonat\PycharmProjects\NSWpropertyData\RawData\DAT\2026\20260105\258_SALES_DATA_NNME_05012026.DAT,2903,5bd199ec0eb4277f68fb1689f95d225b1c54b0a7c8ed0133522f012c0f057813
2026,2026-01-05,259_SALES_DATA_NNME_05012026.DAT,C:\Users\jonat\PycharmProjects\NSWpropertyData\RawData\DAT\2026\20260105\259_SALES_DATA_NNME_05012026.DAT,1948,bf41cbd994d6da0540dc0b14f11fc976bb126c35adef80b92887444b88587444
2026,2026-01-05,260_SALES_DATA_NNME_05012026.DAT,C:\Users\jonat\PycharmProjects\NSWpropertyData\RawData\DAT\2026\20260105\260_SALES_DATA_NNME_05012026.DAT,2616,055937341daad2ba93e38199b8074f860edf843f5ee7432fad561fabee975050
2026,2026-01-05,261_SALES_DATA_NNME_05012026.DAT,C:\Users\jonat\PycharmProjects\NSWpropertyData\RawData\DAT\2026\20260105\261_SALES_DATA_NNME_05012026.DAT,2970,2f60a0a1eac1e17759fc18ed992a3730fcdf92a3a99d0e4226789ec5e0fdce30
2026,2026-01-05,264_SALES_DATA_NNME_05012026.DAT,C:\Users\jonat\PycharmProjects\NSWpropertyData\RawData\DAT\2026\20260105\264_SALES_DATA_NNME_05012026.DAT,1883,a2a7bbc513118d421a6f550343cd8c33b8284abed1abeb9e281c674e59b8c912
2026,2026-01-05,267_SALES_DATA_NNME_05012026.DAT,C:\Users\jonat\PycharmProjects\NSWpropertyData\RawData\DAT\2026\20260105\267_SALES_DATA_NNME_05012026.DAT,1216,eae20a42bee7a01b53978e8f01e7ec801349cdcc14e8faafdf6f0b356531aaf2
2026,2026-01-05,268_SALES_DATA_NNME_05012026.DAT,C:\Users\jonat\PycharmProjects\NSWpropertyData\RawData\DAT\2026\20260105\268_SALES_DATA_NNME_05012026.DAT,336,7ab18cdcbee7f953fa3493e373efd93fd46a3e3f5794daa9e9e47dcc6e52ead6
2026,2026-01-05,271_SALES_DATA_NNME_05012026.DAT,C:\Users\jonat\PycharmProjects\NSWpropertyData\RawData\DAT\2026\20260105\271_SALES_DATA_NNME_05012026.DAT,1530,eb2c864c0eb754566393ceb97105302da7ff2568245a052b23a510f8c5eed7c3
2026,2026-01-05,276_SALES_DATA_NNME_05012026.DAT,C:\Users\jonat\PycharmProjects\NSWpropertyData\RawData\DAT\2026\20260105\276_SALES_DATA_NNME_05012026.DAT,1604,3c8076f724c10adcd1468cd50a519ef3c6a7ca0df6ea92f1f87b0a65050404a2
2026,2026-01-05,526_SALES_DATA_NNME_05012026.DAT,C:\Users\jonat\PycharmProjects\NSWpropertyData\RawData\DAT\2026\20260105\526_SALES_DATA_NNME_05012026.DAT,419,42834e3c04f33a671658c9bcebaae9aed7d038669c87162988df8e9bc090ab49
2026,2026-01-05,529_SALES_DATA_NNME_05012026.DAT,C:\Users\jonat\PycharmProjects\NSWpropertyData\RawData\DAT\2026\20260105\529_SALES_DATA_NNME_05012026.DAT,343,4af05362bf263b78f9d6c01f2e3f34a05261e0a89f8f3141b1de508e704ff231
2026,2026-01-05,608_SALES_DATA_NNME_05012026.DAT,C:\Users\jonat\PycharmProjects\NSWpropertyData\RawData\DAT\2026\20260105\608_SALES_DATA_NNME_05012026.DAT,300,bea3fee9fbec5b5b60430cfd89ecff786e7fa924add468aafead07af4bb39a4c
2026,2026-01-05,620_SALES_DATA_NNME_05012026.DAT,C:\Users\jonat\PycharmProjects\NSWpropertyData\RawData\DAT\2026\20260105\620_SALES_DATA_NNME_05012026.DAT,350,cbec24d0bb52ac9283388993a4c6bcbcaf126eb3f6a3dfce8a0950d0c4155c07
2026,2026-01-05,656_SALES_DATA_NNME_05012026.DAT,C:\Users\jonat\PycharmProjects\NSWpropertyData\RawData\DAT\2026\20260105\656_SALES_DATA_NNME_05012026.DAT,303,49b625d4030bedb6948782179d0c2463cf1341b08e7301f198225685022b50fe
2026,2026-01-05,708_SALES_DATA_NNME_05012026.DAT,C:\Users\jonat\PycharmProjects\NSWpropertyData\RawData\DAT\2026\20260105\708_SALES_DATA_NNME_05012026.DAT,3377,7e74f24423af338e89f97625af61d72e4fbe37b83789432d2cbb4e24912368de
2026,2026-01-12,001_SALES_DATA_NNME_12012026.DAT,C:\Users\jonat\PycharmProjects\NSWpropertyData\RawData\DAT\2026\20260112\001_SALES_DATA_NNME_12012026.DAT,2612,e486310edb47fc9dd9250b1bfa28799d56328c1ebfc88cd8058028598c8cef00
2026,2026-01-12,002_SALES_DATA_NNME_12012026.DAT,C:\Users\jonat\PycharmProjects\NSWpropertyData\RawData\DAT\2026\20260112\002_SALES_DATA_NNME_12012026.DAT,374,878f81b25ce81dacccebb86d9cdd48e4910deafc77a7394da7080d65cfa6f601
2026,2026-01-12,004_SALES_DATA_NNME_12012026.DAT,C:\Users\jonat\PycharmProjects\NSWpropertyData\RawData\DAT\2026\20260112\004_SALES_DATA_NNME_12012026.DAT,4751,95fc1fdb0557fd74709c2a16a2a614d6c95cf3f3f8ffe46baeb34f6a9279738f
2026,2026-01-12,005_SALES_DATA_NNME_12012026.DAT,C:\Users\jonat\PycharmProjects\NSWpropertyData\RawData\DAT\2026\20260112\005_SALES_DATA_NNME_12012026.DAT,2588,b9e7a640a0b916e342bad27e386ff9f97664e48aac91229fba1de01916972eda
2026,2026-01-12,008_SALES_DATA_NNME_12012026.DAT,C:\Users\jonat\PycharmProjects\NSWpropertyData\RawData\DAT\2026\20260112\008_SALES_DATA_NNME_12012026.DAT,4740,a0a3626d2a930940d9973495c60973a58b1df2cb3764f900f7cd7d4e8195d059
2026,2026-01-12,010_SALES_DATA_NNME_12012026.DAT,C:\Users\jonat\PycharmProjects\NSWpropertyData\RawData\DAT\2026\20260112\010_SALES_DATA_NNME_12012026.DAT,2744,20b1b4b0fbca25698db02d917e04663b4cd695ff9ed8fe5ea2eb72e66ff4f448
2026,2026-01-12,012_SALES_DATA_NNME_12012026.DAT,C:\Users\jonat\PycharmProjects\NSWpropertyData\RawData\DAT\2026\20260112\012_SALES_DATA_NNME_12012026.DAT,1750,19ca3396e57953003d9e95f1d3c5be310e471f11203e023a3abadd91fd3e88c4
2026,2026-01-12,018_SALES_DATA_NNME_12012026.DAT,C:\Users\jonat\PycharmProjects\NSWpropertyData\RawData\DAT\2026\20260112\018_SALES_DATA_NNME_12012026.DAT,649,24aa0329ec136f06f332a977bd9604a55b4756d8600410434e99541549738cd9
2026,2026-01-12,050_SALES_DATA_NNME_12012026.DAT,C:\Users\jonat\PycharmProjects\NSWpropertyData\RawData\DAT\2026\20260112\050_SALES_DATA_NNME_12012026.DAT,1153,fabf717fd8be973050f1a673264ac3294436e0756cdf58a7b97440bcbebbaa34
2026,2026-01-12,052_SALES_DATA_NNME_12012026.DAT,C:\Users\jonat\PycharmProjects\NSWpropertyData\RawData\DAT\2026\20260112\052_SALES_DATA_NNME_12012026.DAT,450,7cb7baa5b396146186dcdb53567f8ebec312ff630a81dd62c0523a27dd7a4181
2026,2026-01-12,054_SALES_DATA_NNME_12012026.DAT,C:\Users\jonat\PycharmProjects\NSWpropertyData\RawData\DAT\2026\20260112\054_SALES_DATA_NNME_12012026.DAT,299,3e5d47986c5c587a6ecb9cc2eeb6bfc9360ada939b74a51d2e378037d53260bb
2026,2026-01-12,074_SALES_DATA_NNME_12012026.DAT,C:\Users\jonat\PycharmProjects\NSWpropertyData\RawData\DAT\2026\20260112\074_SALES_DATA_NNME_12012026.DAT,1506,3dfbe4a25048fa7763fc1faf7cd94e676c2743401a03fa785866b303b770e095
2026,2026-01-12,081_SALES_DATA_NNME_12012026.DAT,C:\Users\jonat\PycharmProjects\NSWpropertyData\RawData\DAT\2026\20260112\081_SALES_DATA_NNME_12012026.DAT,3803,c82ff4ff2ba595dd03d6792686e49b0b0fac194b1e6173d69dd2764d9d1243e0
2026,2026-01-12,082_SALES_DATA_NNME_12012026.DAT,C:\Users\jonat\PycharmProjects\NSWpropertyData\RawData\DAT\2026\20260112\082_SALES_DATA_NNME_12012026.DAT,2431,48516c123621144a84af452c6df9fc31959c1bbaad4d9635c443208c8e748e81
2026,2026-01-12,083_SALES_DATA_NNME_12012026.DAT,C:\Users\jonat\PycharmProjects\NSWpropertyData\RawData\DAT\2026\20260112\083_SALES_DATA_NNME_12012026.DAT,354,8efb7c4a25af6f664dbbbe8aac2f38745fdc4d5d15cd6be456c6a4465638b30c
2026,2026-01-12,084_SALES_DATA_NNME_12012026.DAT,C:\Users\jonat\PycharmProjects\NSWpropertyData\RawData\DAT\2026\20260112\084_SALES_DATA_NNME_12012026.DAT,3218,4246c5a12f4538bffe7dc6c00d5f72b00e5171867ca066de3a55dc849e21c412
2026,2026-01-12,085_SALES_DATA_NNME_12012026.DAT,C:\Users\jonat\PycharmProjects\NSWpropertyData\RawData\DAT\2026\20260112\085_SALES_DATA_NNME_12012026.DAT,955,4247742e65e8ee05ed24e390d9d0e72b2ac7656f643864d499313ddf8343c6d8
2026,2026-01-12,088_SALES_DATA_NNME_12012026.DAT,C:\Users\jonat\PycharmProjects\NSWpropertyData\RawData\DAT\2026\20260112\088_SALES_DATA_NNME_12012026.DAT,1932,ac1236a726973f44de666c2275c7845bfbd7b435d7fe5466929e473da2c4f272
2026,2026-01-12,090_SALES_DATA_NNME_12012026.DAT,C:\Users\jonat\PycharmProjects\NSWpropertyData\RawData\DAT\2026\20260112\090_SALES_DATA_NNME_12012026.DAT,3079,aa742a5d704c7257ffc448caff1a66168f61520e832f95151100695dcd3138de
2026,2026-01-12,092_SALES_DATA_NNME_12012026.DAT,C:\Users\jonat\PycharmProjects\NSWpropertyData\RawData\DAT\2026\20260112\092_SALES_DATA_NNME_12012026.DAT,1283,5e9687a6675eb66a7c0887149455d567c5d29a8c92535b437c05d60630f88f96
2026,2026-01-12,097_SALES_DATA_NNME_12012026.DAT,C:\Users\jonat\PycharmProjects\NSWpropertyData\RawData\DAT\2026\20260112\097_SALES_DATA_NNME_12012026.DAT,615,b75a9ae50c2d1bf5a0aeacba816f621a0f121430ab521af03c188414fb9d547e
2026,2026-01-12,098_SALES_DATA_NNME_12012026.DAT,C:\Users\jonat\PycharmProjects\NSWpropertyData\RawData\DAT\2026\20260112\098_SALES_DATA_NNME_12012026.DAT,337,ed86dcf5ae593fe6c66a4057c8b31cd3a0d45d7d2437d5887bd7c62d7eca0620
2026,2026-01-12,100_SALES_DATA_NNME_12012026.DAT,C:\Users\jonat\PycharmProjects\NSWpropertyData\RawData\DAT\2026\20260112\100_SALES_DATA_NNME_12012026.DAT,1523,d446cdc13382623a1a995a7afa6465c097d4087496e1120d66fdc1c02e4b16c1
2026,2026-01-12,101_SALES_DATA_NNME_12012026.DAT,C:\Users\jonat\PycharmProjects\NSWpropertyData\RawData\DAT\2026\20260112\101_SALES_DATA_NNME_12012026.DAT,2265,f31ba92ffb28ef436b08d5fc861f369e3146bb4b6861545e46e25e3fb2f7e856
2026,2026-01-12,102_SALES_DATA_NNME_12012026.DAT,C:\Users\jonat\PycharmProjects\NSWpropertyData\RawData\DAT\2026\20260112\102_SALES_DATA_NNME_12012026.DAT,1035,db862b1a4d2b17b4970185d57f2a6bca9f2c43882e00a16fc8d0dd049bf7b07b
2026,2026-01-12,103_SALES_DATA_NNME_12012026.DAT,C:\Users\jonat\PycharmProjects\NSWpropertyData\RawData\DAT\2026\20260112\103_SALES_DATA_NNME_12012026.DAT,2608,2591eed770b3f4c01dc469285302c36163c6fadc384f3d99b4992eb94531a722
2026,2026-01-12,109_SALES_DATA_NNME_12012026.DAT,C:\Users\jonat\PycharmProjects\NSWpropertyData\RawData\DAT\2026\20260112\109_SALES_DATA_NNME_12012026.DAT,547,5e29c7b9cb0a1eff87c8e46748af9c25f8b2faf94ba346917ac1daec89fdd675
2026,2026-01-12,116_SALES_DATA_NNME_12012026.DAT,C:\Users\jonat\PycharmProjects\NSWpropertyData\RawData\DAT\2026\20260112\116_SALES_DATA_NNME_12012026.DAT,866,98bbda725f4136aad83221468b3e3b4878a2b95aa370292c9a1247951853a598
2026,2026-01-12,117_SALES_DATA_NNME_12012026.DAT,C:\Users\jonat\PycharmProjects\NSWpropertyData\RawData\DAT\2026\20260112\117_SALES_DATA_NNME_12012026.DAT,333,8cce70daa59a99e26d68c9b48358a438ffd24d343dd00f1113afb7b80e31e8d1
2026,2026-01-12,118_SALES_DATA_NNME_12012026.DAT,C:\Users\jonat\PycharmProjects\NSWpropertyData\RawData\DAT\2026\20260112\118_SALES_DATA_NNME_12012026.DAT,346,529f8dd4fe8914242f4d11469da30a8d238babb920657ed5c932aba70fa0c45a
2026,2026-01-12,124_SALES_DATA_NNME_12012026.DAT,C:\Users\jonat\PycharmProjects\NSWpropertyData\RawData\DAT\2026\20260112\124_SALES_DATA_NNME_12012026.DAT,656,e77173c6c95e4320ad5b0b4927f3e1884e7997e108e3963a41167cf8aeee060a
2026,2026-01-12,137_SALES_DATA_NNME_12012026.DAT,C:\Users\jonat\PycharmProjects\NSWpropertyData\RawData\DAT\2026\20260112\137_SALES_DATA_NNME_12012026.DAT,1428,ae9c3f2b739de572a1ec75f6581326f6cee9e9313834611fd13cc180d1a97571
2026,2026-01-12,139_SALES_DATA_NNME_12012026.DAT,C:\Users\jonat\PycharmProjects\NSWpropertyData\RawData\DAT\2026\20260112\139_SALES_DATA_NNME_12012026.DAT,1949,12f686fed368b8bc3959fa39ab235e0074ae1a32e3426fc05a940aa32710d736
2026,2026-01-12,143_SALES_DATA_NNME_12012026.DAT,C:\Users\jonat\PycharmProjects\NSWpropertyData\RawData\DAT\2026\20260112\143_SALES_DATA_NNME_12012026.DAT,333,4637d8eb863eb364d3056e5b7f895c6556947ba745a07edd08f504fa7b48036e
2026,2026-01-12,144_SALES_DATA_NNME_12012026.DAT,C:\Users\jonat\PycharmProjects\NSWpropertyData\RawData\DAT\2026\20260112\144_SALES_DATA_NNME_12012026.DAT,2481,11fb0a204b6e5b30280bc5d024d947fc3a707f1342430a1a73a7065353787ce6
2026,2026-01-12,148_SALES_DATA_NNME_12012026.DAT,C:\Users\jonat\PycharmProjects\NSWpropertyData\RawData\DAT\2026\20260112\148_SALES_DATA_NNME_12012026.DAT,1654,1ebfeb564a9682a4fb84968a4cc25d6f23fe6b78cfe14f1df7e3e8a496d222b8
2026,2026-01-12,149_SALES_DATA_NNME_12012026.DAT,C:\Users\jonat\PycharmProjects\NSWpropertyData\RawData\DAT\2026\20260112\149_SALES_DATA_NNME_12012026.DAT,284,fcd80a339dc8600c8a8b0d901e3d2ae1c33f619c8f69e4ee79e17cc5e697b458
2026,2026-01-12,150_SALES_DATA_NNME_12012026.DAT,C:\Users\jonat\PycharmProjects\NSWpropertyData\RawData\DAT\2026\20260112\150_SALES_DATA_NNME_12012026.DAT,1282,f1bf90b24f82f46613c209536b2098c0af7a1c7ed74966141c1a9ae34d5127a6
2026,2026-01-12,151_SALES_DATA_NNME_12012026.DAT,C:\Users\jonat\PycharmProjects\NSWpropertyData\RawData\DAT\2026\20260112\151_SALES_DATA_NNME_12012026.DAT,924,6300eb31b34219b849491793edbfe8eae8baf62568a8531397bc0c62e21eb43d
2026,2026-01-12,152_SALES_DATA_NNME_12012026.DAT,C:\Users\jonat\PycharmProjects\NSWpropertyData\RawData\DAT\2026\20260112\152_SALES_DATA_NNME_12012026.DAT,1838,e11c77f2f7eee2aa6fec5ed446ec559e218187e896b8194bd9e1afa3bdeb32d4
2026,2026-01-12,157_SALES_DATA_NNME_12012026.DAT,C:\Users\jonat\PycharmProjects\NSWpropertyData\RawData\DAT\2026\20260112\157_SALES_DATA_NNME_12012026.DAT,634,12322acdd704c0625e2c45fed9c7852b86fdf4a84bcbc3aeef60a5f0b1b6f9c1
2026,2026-01-12,158_SALES_DATA_NNME_12012026.DAT,C:\Users\jonat\PycharmProjects\NSWpropertyData\RawData\DAT\2026\20260112\158_SALES_DATA_NNME_12012026.DAT,304,a882317e5f7c0081400884bfd5e70870d034dbe48163d1dc568ea361f18ee393
2026,2026-01-12,159_SALES_DATA_NNME_12012026.DAT,C:\Users\jonat\PycharmProjects\NSWpropertyData\RawData\DAT\2026\20260112\159_SALES_DATA_NNME_12012026.DAT,420,6a24e8e06579f70942c3e36dd3678b1abf526dd71c432b0c33f1826a09ec3424
2026,2026-01-12,171_SALES_DATA_NNME_12012026.DAT,C:\Users\jonat\PycharmProjects\NSWpropertyData\RawData\DAT\2026\20260112\171_SALES_DATA_NNME_12012026.DAT,625,c8e8d79c73eb77ac5def2c1d055893f409b3734b9c6a7fa73d38fcbc08a171d0
2026,2026-01-12,187_SALES_DATA_NNME_12012026.DAT,C:\Users\jonat\PycharmProjects\NSWpropertyData\RawData\DAT\2026\20260112\187_SALES_DATA_NNME_12012026.DAT,337,fad5c5366a1b2bc465438c1cf4a033435c972f0f0f6db08b5da7f5f6e817b5dd
2026,2026-01-12,188_SALES_DATA_NNME_12012026.DAT,C:\Users\jonat\PycharmProjects\NSWpropertyData\RawData\DAT\2026\20260112\188_SALES_DATA_NNME_12012026.DAT,577,ee7399f26b8f513ce955f5fe907b969be73c6a1ef25e62ef53958fd49d166c71
2026,2026-01-12,192_SALES_DATA_NNME_12012026.DAT,C:\Users\jonat\PycharmProjects\NSWpropertyData\RawData\DAT\2026\20260112\192_SALES_DATA_NNME_12012026.DAT,334,963a508bf17603a6b01b1ee5c29684cf9672d2884e69f26dc7c81f0455bd7e04
2026,2026-01-12,207_SALES_DATA_NNME_12012026.DAT,C:\Users\jonat\PycharmProjects\NSWpropertyData\RawData\DAT\2026\20260112\207_SALES_DATA_NNME_12012026.DAT,1472,7273401ae95b7f8dffc5a16075a7100b27253990d91e8bb0ad256aa2b0c27369
2026,2026-01-12,209_SALES_DATA_NNME_12012026.DAT,C:\Users\jonat\PycharmProjects\NSWpropertyData\RawData\DAT\2026\20260112\209_SALES_DATA_NNME_12012026.DAT,851,41839baf820ff76f1c2c45599c4d8072fa6ed6707e0c1f08e2370746a4da30aa
2026,2026-01-12,210_SALES_DATA_NNME_12012026.DAT,C:\Users\jonat\PycharmProjects\NSWpropertyData\RawData\DAT\2026\20260112\210_SALES_DATA_NNME_12012026.DAT,1211,fe555bab3ccbc9ffccaaab3fac91c3cf3ac4945d3972d6783797cde5dad1f484
2026,2026-01-12,214_SALES_DATA_NNME_12012026.DAT,C:\Users\jonat\PycharmProjects\NSWpropertyData\RawData\DAT\2026\20260112\214_SALES_DATA_NNME_12012026.DAT,9078,c9749d8420be6f7eb04cbcc63b83a2f23db185f47856676f2f59c859bb24da72
2026,2026-01-12,216_SALES_DATA_NNME_12012026.DAT,C:\Users\jonat\PycharmProjects\NSWpropertyData\RawData\DAT\2026\20260112\216_SALES_DATA_NNME_12012026.DAT,297,516bf512d66970e758ae039190fab0cc9962ddac775bfff099fd5987d3296412
2026,2026-01-12,217_SALES_DATA_NNME_12012026.DAT,C:\Users\jonat\PycharmProjects\NSWpropertyData\RawData\DAT\2026\20260112\217_SALES_DATA_NNME_12012026.DAT,3657,560cfc21325318a5ace43d78500dc7c91f75176135b9ff4fa472428b4aa9220d
2026,2026-01-12,218_SALES_DATA_NNME_12012026.DAT,C:\Users\jonat\PycharmProjects\NSWpropertyData\RawData\DAT\2026\20260112\218_SALES_DATA_NNME_12012026.DAT,1603,1ad4b271a8a4f35eb8b0f973a054a0e2a8d2f1598aff6338a3134566d205c6e2
2026,2026-01-12,219_SALES_DATA_NNME_12012026.DAT,C:\Users\jonat\PycharmProjects\NSWpropertyData\RawData\DAT\2026\20260112\219_SALES_DATA_NNME_12012026.DAT,292,234b5f77207bd8555c9f8abf54e7c99ac65201c82f0c46f445ce32f76317312d
2026,2026-01-12,220_SALES_DATA_NNME_12012026.DAT,C:\Users\jonat\PycharmProjects\NSWpropertyData\RawData\DAT\2026\20260112\220_SALES_DATA_NNME_12012026.DAT,1896,9a558bb39318e105acf572a045babae0b25d678def461cf066d8063c99cc1b8b
2026,2026-01-12,222_SALES_DATA_NNME_12012026.DAT,C:\Users\jonat\PycharmProjects\NSWpropertyData\RawData\DAT\2026\20260112\222_SALES_DATA_NNME_12012026.DAT,295,f5fb156dbbbedbec3f3cb0828e895eae090dfd8344df3224cf8b771b9ad6d75b
2026,2026-01-12,223_SALES_DATA_NNME_12012026.DAT,C:\Users\jonat\PycharmProjects\NSWpropertyData\RawData\DAT\2026\20260112\223_SALES_DATA_NNME_12012026.DAT,1197,373156b38073754a60abf74fd1a995ac86ba7ae5b7f213033bc7fcf651cbe59f
2026,2026-01-12,224_SALES_DATA_NNME_12012026.DAT,C:\Users\jonat\PycharmProjects\NSWpropertyData\RawData\DAT\2026\20260112\224_SALES_DATA_NNME_12012026.DAT,1718,d09470ea8528ddba8994be4c90c2a711e7c9260c5c992dc9fd36ad0e3ddb219e
2026,2026-01-12,226_SALES_DATA_NNME_12012026.DAT,C:\Users\jonat\PycharmProjects\NSWpropertyData\RawData\DAT\2026\20260112\226_SALES_DATA_NNME_12012026.DAT,409,66208218cafb8d46157c940ee3f0b4ee5c0a17ef57328ba09f2b9fd000734ff3
2026,2026-01-12,232_SALES_DATA_NNME_12012026.DAT,C:\Users\jonat\PycharmProjects\NSWpropertyData\RawData\DAT\2026\20260112\232_SALES_DATA_NNME_12012026.DAT,622,b7f356e7c6ba554d700679ba9994d74f17556ab9446b450d6d123f785778eb2f
2026,2026-01-12,233_SALES_DATA_NNME_12012026.DAT,C:\Users\jonat\PycharmProjects\NSWpropertyData\RawData\DAT\2026\20260112\233_SALES_DATA_NNME_12012026.DAT,378,43a083f75c5816cb5617499cd326d71d2e54070c0862614f68018b52d6a43baf
2026,2026-01-12,234_SALES_DATA_NNME_12012026.DAT,C:\Users\jonat\PycharmProjects\NSWpropertyData\RawData\DAT\2026\20260112\234_SALES_DATA_NNME_12012026.DAT,1506,ffca9f5779df019c7f4cc50191c4ba9a672dc2a06fb716c5dff1c93ac78d82b1
2026,2026-01-12,243_SALES_DATA_NNME_12012026.DAT,C:\Users\jonat\PycharmProjects\NSWpropertyData\RawData\DAT\2026\20260112\243_SALES_DATA_NNME_12012026.DAT,332,8de2abceedfda4400797c368d7f1a5704b25cf3d77650a1a98e30f15af314772
2026,2026-01-12,247_SALES_DATA_NNME_12012026.DAT,C:\Users\jonat\PycharmProjects\NSWpropertyData\RawData\DAT\2026\20260112\247_SALES_DATA_NNME_12012026.DAT,377,fe980f33124b8c51520033c793085ae3185f7fb8d0a0a19ac7d85d070cb1e99b
2026,2026-01-12,250_SALES_DATA_NNME_12012026.DAT,C:\Users\jonat\PycharmProjects\NSWpropertyData\RawData\DAT\2026\20260112\250_SALES_DATA_NNME_12012026.DAT,348,aebf8e5f85d08fd0bc0799cb6210ed81d992c8c36464616acdaef59e6657a49d
2026,2026-01-12,253_SALES_DATA_NNME_12012026.DAT,C:\Users\jonat\PycharmProjects\NSWpropertyData\RawData\DAT\2026\20260112\253_SALES_DATA_NNME_12012026.DAT,303,9b39278c3fbfc1fc3621a5a47a220ad78f60de9e5a4c8f855355486e78675855
2026,2026-01-12,257_SALES_DATA_NNME_12012026.DAT,C:\Users\jonat\PycharmProjects\NSWpropertyData\RawData\DAT\2026\20260112\257_SALES_DATA_NNME_12012026.DAT,294,6c1b348909f30ddd479a72ea7ba49c01296a37ce37a9d3675fdca9dba682e2ef
2026,2026-01-12,258_SALES_DATA_NNME_12012026.DAT,C:\Users\jonat\PycharmProjects\NSWpropertyData\RawData\DAT\2026\20260112\258_SALES_DATA_NNME_12012026.DAT,6554,29487a10573b7c6f50ae65db648fdd66aedf6e99d3d7412704bd98ead0f5ea6c
2026,2026-01-12,259_SALES_DATA_NNME_12012026.DAT,C:\Users\jonat\PycharmProjects\NSWpropertyData\RawData\DAT\2026\20260112\259_SALES_DATA_NNME_12012026.DAT,5848,c36b2d7d1cb98e014b186ce4cb46968953f0a1a117d36c59714e68cde0043533
2026,2026-01-12,260_SALES_DATA_NNME_12012026.DAT,C:\Users\jonat\PycharmProjects\NSWpropertyData\RawData\DAT\2026\20260112\260_SALES_DATA_NNME_12012026.DAT,6555,59d6e782a2178878991b0f186e8caf151bc3f62c69655151d5c84a44c1dfca18
2026,2026-01-12,261_SALES_DATA_NNME_12012026.DAT,C:\Users\jonat\PycharmProjects\NSWpropertyData\RawData\DAT\2026\20260112\261_SALES_DATA_NNME_12012026.DAT,4584,8ac812cc1e1abb90732bf3095c00ab057ac1dd78cb7e82b6cadaeb4ee03abe1f
2026,2026-01-12,262_SALES_DATA_NNME_12012026.DAT,C:\Users\jonat\PycharmProjects\NSWpropertyData\RawData\DAT\2026\20260112\262_SALES_DATA_NNME_12012026.DAT,1456,c712c21edfa13b77aa329717e03ac2b3916c1cd1e51107a9795c8eb363114beb
2026,2026-01-12,263_SALES_DATA_NNME_12012026.DAT,C:\Users\jonat\PycharmProjects\NSWpropertyData\RawData\DAT\2026\20260112\263_SALES_DATA_NNME_12012026.DAT,368,f65f023df9151999c95b8a7ebc63033131c0c9337706219a2be3ab4a77be462a
2026,2026-01-12,264_SALES_DATA_NNME_12012026.DAT,C:\Users\jonat\PycharmProjects\NSWpropertyData\RawData\DAT\2026\20260112\264_SALES_DATA_NNME_12012026.DAT,1775,56ac0ccfbc1a9665372834d6a420676b5cd25645ee4b0e59746225ebb6e39494
2026,2026-01-12,265_SALES_DATA_NNME_12012026.DAT,C:\Users\jonat\PycharmProjects\NSWpropertyData\RawData\DAT\2026\20260112\265_SALES_DATA_NNME_12012026.DAT,371,26f9199f343b973f2f91b51727bd6c134ce5d0a74cb03afcc5881c39b1881a1d
2026,2026-01-12,266_SALES_DATA_NNME_12012026.DAT,C:\Users\jonat\PycharmProjects\NSWpropertyData\RawData\DAT\2026\20260112\266_SALES_DATA_NNME_12012026.DAT,1096,6def9ba74c539fa9a5effbdbc2946084918a2c80e54887c190dc801fd0612990
2026,2026-01-12,267_SALES_DATA_NNME_12012026.DAT,C:\Users\jonat\PycharmProjects\NSWpropertyData\RawData\DAT\2026\20260112\267_SALES_DATA_NNME_12012026.DAT,2724,841505ad03d69a372d3136e078196d85ff4feca86c0f3ad1fc77e8448063dccf
2026,2026-01-12,268_SALES_DATA_NNME_12012026.DAT,C:\Users\jonat\PycharmProjects\NSWpropertyData\RawData\DAT\2026\20260112\268_SALES_DATA_NNME_12012026.DAT,2100,a287cd4721b9536be0906f55cf87c4fb8e1ab605beb80606955fddcf34ed3604
2026,2026-01-12,269_SALES_DATA_NNME_12012026.DAT,C:\Users\jonat\PycharmProjects\NSWpropertyData\RawData\DAT\2026\20260112\269_SALES_DATA_NNME_12012026.DAT,623,8f566604f91b01e0ee66edde89fda6f323f4969650743f35bf647d06649c0e62
2026,2026-01-12,271_SALES_DATA_NNME_12012026.DAT,C:\Users\jonat\PycharmProjects\NSWpropertyData\RawData\DAT\2026\20260112\271_SALES_DATA_NNME_12012026.DAT,3043,d8fd5f45fb53066f1dba9731de25fa06ff6010959f108e7e8762c71a2c38ac47
2026,2026-01-12,272_SALES_DATA_NNME_12012026.DAT,C:\Users\jonat\PycharmProjects\NSWpropertyData\RawData\DAT\2026\20260112\272_SALES_DATA_NNME_12012026.DAT,1142,9cd189c3ec1faa9f542bdf39e4ff2ea6cf7b7c3670ec566981d74cfc2c6bca70
2026,2026-01-12,274_SALES_DATA_NNME_12012026.DAT,C:\Users\jonat\PycharmProjects\NSWpropertyData\RawData\DAT\2026\20260112\274_SALES_DATA_NNME_12012026.DAT,288,dda0f0ae4a85b2475a8a7c3ccf45405937d1ca830cd677a0eddfeb73f62dbace
2026,2026-01-12,275_SALES_DATA_NNME_12012026.DAT,C:\Users\jonat\PycharmProjects\NSWpropertyData\RawData\DAT\2026\20260112\275_SALES_DATA_NNME_12012026.DAT,609,f77dd0f413422d0c6669975d1aecc63401448a708b3216bfc3723b1f016c2d0a
2026,2026-01-12,276_SALES_DATA_NNME_12012026.DAT,C:\Users\jonat\PycharmProjects\NSWpropertyData\RawData\DAT\2026\20260112\276_SALES_DATA_NNME_12012026.DAT,3789,bfa1a4ac782b29523ed2154ed9b49eb541506169e4d24d76397687016d64268f
2026,2026-01-12,300_SALES_DATA_NNME_12012026.DAT,C:\Users\jonat\PycharmProjects\NSWpropertyData\RawData\DAT\2026\20260112\300_SALES_DATA_NNME_12012026.DAT,349,9ef05e72355e0c518b1eca80b24750d00a47a1a3523fadca6b525970678d25e6
2026,2026-01-12,302_SALES_DATA_NNME_12012026.DAT,C:\Users\jonat\PycharmProjects\NSWpropertyData\RawData\DAT\2026\20260112\302_SALES_DATA_NNME_12012026.DAT,299,8bca9a77eeac047867adab3334b16a584df39b28a1a2e369f1a85a61969c5be2
2026,2026-01-12,303_SALES_DATA_NNME_12012026.DAT,C:\Users\jonat\PycharmProjects\NSWpropertyData\RawData\DAT\2026\20260112\303_SALES_DATA_NNME_12012026.DAT,668,6d954198671f131d9edd36097d30f36e8f76830fb09c5a8616eec9051a267a10
2026,2026-01-12,511_SALES_DATA_NNME_12012026.DAT,C:\Users\jonat\PycharmProjects\NSWpropertyData\RawData\DAT\2026\20260112\511_SALES_DATA_NNME_12012026.DAT,402,c880e694ead4cf88f065c5156f2fcb0c12f92d340bde347cfa45b04e1b59d2c7
2026,2026-01-12,526_SALES_DATA_NNME_12012026.DAT,C:\Users\jonat\PycharmProjects\NSWpropertyData\RawData\DAT\2026\20260112\526_SALES_DATA_NNME_12012026.DAT,332,61b477a5946691967061b6998c09f1446ef3c0f240871f5ea951be7dc2bd0965
2026,2026-01-12,528_SALES_DATA_NNME_12012026.DAT,C:\Users\jonat\PycharmProjects\NSWpropertyData\RawData\DAT\2026\20260112\528_SALES_DATA_NNME_12012026.DAT,857,cb1418ce6a042b7702380cf1a668432d501458ba25f878c3734d07f0e92d2f62
2026,2026-01-12,529_SALES_DATA_NNME_12012026.DAT,C:\Users\jonat\PycharmProjects\NSWpropertyData\RawData\DAT\2026\20260112\529_SALES_DATA_NNME_12012026.DAT,1288,ecc753644477b791d68d6a972f35181363fd0cd4cd1bf887abb2d3942752e4ec
2026,2026-01-12,575_SALES_DATA_NNME_12012026.DAT,C:\Users\jonat\PycharmProjects\NSWpropertyData\RawData\DAT\2026\20260112\575_SALES_DATA_NNME_12012026.DAT,3547,6f1f38684fb90b145ce5ba3f27834902b2b9d176392ae1e0472c05cac29bfc27
2026,2026-01-12,608_SALES_DATA_NNME_12012026.DAT,C:\Users\jonat\PycharmProjects\NSWpropertyData\RawData\DAT\2026\20260112\608_SALES_DATA_NNME_12012026.DAT,1214,66dba3d7eb639f169a2f449c34d5391de464934c17a42698d00f2dab9d1d09ca
2026,2026-01-12,620_SALES_DATA_NNME_12012026.DAT,C:\Users\jonat\PycharmProjects\NSWpropertyData\RawData\DAT\2026\20260112\620_SALES_DATA_NNME_12012026.DAT,2499,1f11a94306c75e63e6db40ccf99d4aa9060cbefb6b9ed0008121e39c44684247
2026,2026-01-12,656_SALES_DATA_NNME_12012026.DAT,C:\Users\jonat\PycharmProjects\NSWpropertyData\RawData\DAT\2026\20260112\656_SALES_DATA_NNME_12012026.DAT,1336,d9887143f3e75e678aac214093bf3bb881382ecbc682960b2a4bf544d4471941
2026,2026-01-12,666_SALES_DATA_NNME_12012026.DAT,C:\Users\jonat\PycharmProjects\NSWpropertyData\RawData\DAT\2026\20260112\666_SALES_DATA_NNME_12012026.DAT,1945,7bef232d34f99f87814159246050afd0aa3b5eb4781d6b499479460b8de9d724
2026,2026-01-12,708_SALES_DATA_NNME_12012026.DAT,C:\Users\jonat\PycharmProjects\NSWpropertyData\RawData\DAT\2026\20260112\708_SALES_DATA_NNME_12012026.DAT,4836,74611b980c0f0e38925a1c08c5a83c0380352b19ad11508121b84ed5af9e7ce0
2026,2026-01-19,001_SALES_DATA_NNME_19012026.DAT,C:\Users\jonat\PycharmProjects\NSWpropertyData\RawData\DAT\2026\20260119\001_SALES_DATA_NNME_19012026.DAT,14576,337033230bea748b5243844c8263d61f5cf8df8240d27b935dafd5b2e43502d0
2026,2026-01-19,002_SALES_DATA_NNME_19012026.DAT,C:\Users\jonat\PycharmProjects\NSWpropertyData\RawData\DAT\2026\20260119\002_SALES_DATA_NNME_19012026.DAT,945,f01d7aa5c35b4800734cc243ffb3642acd26270a1485ccc6031fd1b75862116e
2026,2026-01-19,004_SALES_DATA_NNME_19012026.DAT,C:\Users\jonat\PycharmProjects\NSWpropertyData\RawData\DAT\2026\20260119\004_SALES_DATA_NNME_19012026.DAT,34542,f30a9f5ded9eacdfe075916d5d4a56d205b7c4863186525bdb3b8655ef05ad28
2026,2026-01-19,005_SALES_DATA_NNME_19012026.DAT,C:\Users\jonat\PycharmProjects\NSWpropertyData\RawData\DAT\2026\20260119\005_SALES_DATA_NNME_19012026.DAT,18368,f15655e27625b5b4f39757ecafd0a46eb42ec27f6a0637fb34dec8a452bac80b
2026,2026-01-19,007_SALES_DATA_NNME_19012026.DAT,C:\Users\jonat\PycharmProjects\NSWpropertyData\RawData\DAT\2026\20260119\007_SALES_DATA_NNME_19012026.DAT,2662,a02517974aace40684e23d36a30eb80e9c8c516b9cc3247b64927241495af7fb
2026,2026-01-19,008_SALES_DATA_NNME_19012026.DAT,C:\Users\jonat\PycharmProjects\NSWpropertyData\RawData\DAT\2026\20260119\008_SALES_DATA_NNME_19012026.DAT,30386,db7735c282b449ce77f9a5b8be61f4c5636c7b4d7cbbdf84c91ba224b4b17689
2026,2026-01-19,010_SALES_DATA_NNME_19012026.DAT,C:\Users\jonat\PycharmProjects\NSWpropertyData\RawData\DAT\2026\20260119\010_SALES_DATA_NNME_19012026.DAT,6853,5f0483609d947c7b136468cea43bb84e0dca57449ec425c219cd361efa33e76f
2026,2026-01-19,012_SALES_DATA_NNME_19012026.DAT,C:\Users\jonat\PycharmProjects\NSWpropertyData\RawData\DAT\2026\20260119\012_SALES_DATA_NNME_19012026.DAT,2683,952975ced63d650e84c3f707ab9f02ef41a6f9eb2e3e1948f5eaabb7158c88b6
2026,2026-01-19,018_SALES_DATA_NNME_19012026.DAT,C:\Users\jonat\PycharmProjects\NSWpropertyData\RawData\DAT\2026\20260119\018_SALES_DATA_NNME_19012026.DAT,5408,136582d7ad768b5f5542758f0e99d927461437715b2a3200b3d4c3b580996147
2026,2026-01-19,042_SALES_DATA_NNME_19012026.DAT,C:\Users\jonat\PycharmProjects\NSWpropertyData\RawData\DAT\2026\20260119\042_SALES_DATA_NNME_19012026.DAT,4423,c9e202acf763f3a5ead5db9fa7a4ede767ac6de29e090fb955db61df017e7c9d
2026,2026-01-19,050_SALES_DATA_NNME_19012026.DAT,C:\Users\jonat\PycharmProjects\NSWpropertyData\RawData\DAT\2026\20260119\050_SALES_DATA_NNME_19012026.DAT,14678,483b95192638b8a0b07204a1dbb2819344684a0ff8c044a8807c0124bd7b7723
2026,2026-01-19,051_SALES_DATA_NNME_19012026.DAT,C:\Users\jonat\PycharmProjects\NSWpropertyData\RawData\DAT\2026\20260119\051_SALES_DATA_NNME_19012026.DAT,1451,a4e9a8c88751adec6fd13cff1015b4d6e783c794ae0e53ff87d345701fe02d5b
2026,2026-01-19,052_SALES_DATA_NNME_19012026.DAT,C:\Users\jonat\PycharmProjects\NSWpropertyData\RawData\DAT\2026\20260119\052_SALES_DATA_NNME_19012026.DAT,294,b21141c383a3dceecc00b278d4bbdd8e9e2530681d5817964fb8de97c80ac5b1
2026,2026-01-19,054_SALES_DATA_NNME_19012026.DAT,C:\Users\jonat\PycharmProjects\NSWpropertyData\RawData\DAT\2026\20260119\054_SALES_DATA_NNME_19012026.DAT,1772,c079c132e961d7a252e321022f80ac9e37add385648d235d6f2d2301b252563f
2026,2026-01-19,061_SALES_DATA_NNME_19012026.DAT,C:\Users\jonat\PycharmProjects\NSWpropertyData\RawData\DAT\2026\20260119\061_SALES_DATA_NNME_19012026.DAT,572,fc771db02899fbb8f305e4fe745ac07d5cee0361fb8b70c23f168e224279535d
2026,2026-01-19,065_SALES_DATA_NNME_19012026.DAT,C:\Users\jonat\PycharmProjects\NSWpropertyData\RawData\DAT\2026\20260119\065_SALES_DATA_NNME_19012026.DAT,2503,5fe935b73f80874329a9a398a216f9be077ce9a019b73bbf3ef79890b5ce98d1
2026,2026-01-19,066_SALES_DATA_NNME_19012026.DAT,C:\Users\jonat\PycharmProjects\NSWpropertyData\RawData\DAT\2026\20260119\066_SALES_DATA_NNME_19012026.DAT,626,0aca14574ee485e1d215884bbaa1d9abebf0f77cdecd53f98bf9c9904fb7b0ef
2026,2026-01-19,070_SALES_DATA_NNME_19012026.DAT,C:\Users\jonat\PycharmProjects\NSWpropertyData\RawData\DAT\2026\20260119\070_SALES_DATA_NNME_19012026.DAT,1288,bfa309ccb28bc59a4985c7138f36948e33dc1d0c8e709b0fb0523788cc37d6d2
2026,2026-01-19,074_SALES_DATA_NNME_19012026.DAT,C:\Users\jonat\PycharmProjects\NSWpropertyData\RawData\DAT\2026\20260119\074_SALES_DATA_NNME_19012026.DAT,3036,061a007bce9f802e5900c76d8d58e917748db23cd4b1f6e9da8e1d6ab5eba2d9
2026,2026-01-19,081_SALES_DATA_NNME_19012026.DAT,C:\Users\jonat\PycharmProjects\NSWpropertyData\RawData\DAT\2026\20260119\081_SALES_DATA_NNME_19012026.DAT,28845,428a11a9f13600a87abf0bfc55060aff3567ab3267ab0454e7308c9446a0794b
2026,2026-01-19,082_SALES_DATA_NNME_19012026.DAT,C:\Users\jonat\PycharmProjects\NSWpropertyData\RawData\DAT\2026\20260119\082_SALES_DATA_NNME_19012026.DAT,15634,d590e548624c632e7b6e5850654b63bf76ae798143e3e5741c6ba5b2aaa0ad60
2026,2026-01-19,083_SALES_DATA_NNME_19012026.DAT,C:\Users\jonat\PycharmProjects\NSWpropertyData\RawData\DAT\2026\20260119\083_SALES_DATA_NNME_19012026.DAT,1753,1a6cee1633fcb72a8a4982be9b6288429c8ee6be6f9a272fcb4345c2c82ea26e
2026,2026-01-19,084_SALES_DATA_NNME_19012026.DAT,C:\Users\jonat\PycharmProjects\NSWpropertyData\RawData\DAT\2026\20260119\084_SALES_DATA_NNME_19012026.DAT,20020,fafa66c35855c30e0112db798f7dcf1bcf618b52033698a184512c6a68c5c340
2026,2026-01-19,085_SALES_DATA_NNME_19012026.DAT,C:\Users\jonat\PycharmProjects\NSWpropertyData\RawData\DAT\2026\20260119\085_SALES_DATA_NNME_19012026.DAT,8131,e1165f23a6defda0bc962061373b441d7610826f674a83ff9d66b410828d9882
2026,2026-01-19,087_SALES_DATA_NNME_19012026.DAT,C:\Users\jonat\PycharmProjects\NSWpropertyData\RawData\DAT\2026\20260119\087_SALES_DATA_NNME_19012026.DAT,5027,7a3c3631e8082cfbbdcd14bfb7c09f286a138fae3fb920830a0a454b18eb9ded
2026,2026-01-19,088_SALES_DATA_NNME_19012026.DAT,C:\Users\jonat\PycharmProjects\NSWpropertyData\RawData\DAT\2026\20260119\088_SALES_DATA_NNME_19012026.DAT,12707,328b5e2c00bbe2eb7eee9d53f0b020b6e77034d9a80aca17b267c75a63f129c6
2026,2026-01-19,090_SALES_DATA_NNME_19012026.DAT,C:\Users\jonat\PycharmProjects\NSWpropertyData\RawData\DAT\2026\20260119\090_SALES_DATA_NNME_19012026.DAT,17693,3a6d0b356ddc0cef61453e177572ccbc736f8d690876054c04e52b71c1e32ccc
2026,2026-01-19,092_SALES_DATA_NNME_19012026.DAT,C:\Users\jonat\PycharmProjects\NSWpropertyData\RawData\DAT\2026\20260119\092_SALES_DATA_NNME_19012026.DAT,9295,79f5e7a545e5e07addcc0365edd6a1dc8ddb1a56c8269d9feeed7a476e053364
2026,2026-01-19,097_SALES_DATA_NNME_19012026.DAT,C:\Users\jonat\PycharmProjects\NSWpropertyData\RawData\DAT\2026\20260119\097_SALES_DATA_NNME_19012026.DAT,11981,d97e3e3f1a643f71db19ea5f6210a0d08d5dde8d5a825a5611f744565aec137e
2026,2026-01-19,098_SALES_DATA_NNME_19012026.DAT,C:\Users\jonat\PycharmProjects\NSWpropertyData\RawData\DAT\2026\20260119\098_SALES_DATA_NNME_19012026.DAT,2560,93ebecdb009475f471b1ed1fdd4e4352a39962ff1a20e93168b05c84b95bc09e
2026,2026-01-19,100_SALES_DATA_NNME_19012026.DAT,C:\Users\jonat\PycharmProjects\NSWpropertyData\RawData\DAT\2026\20260119\100_SALES_DATA_NNME_19012026.DAT,10489,1bca5561e8317a488af404813261e2d1fefde8f190bc38058730d360f94b1bae
2026,2026-01-19,101_SALES_DATA_NNME_19012026.DAT,C:\Users\jonat\PycharmProjects\NSWpropertyData\RawData\DAT\2026\20260119\101_SALES_DATA_NNME_19012026.DAT,17187,4b3e162eaec1577f9ee3c09e6f3c782423d8b44e31fb15fbb106f9a83cec1d56
2026,2026-01-19,102_SALES_DATA_NNME_19012026.DAT,C:\Users\jonat\PycharmProjects\NSWpropertyData\RawData\DAT\2026\20260119\102_SALES_DATA_NNME_19012026.DAT,8120,622cbbefa1e4e3471e8431bfdbdeb59de8774158bec541a71a6742ea2614a124
2026,2026-01-19,103_SALES_DATA_NNME_19012026.DAT,C:\Users\jonat\PycharmProjects\NSWpropertyData\RawData\DAT\2026\20260119\103_SALES_DATA_NNME_19012026.DAT,26935,7585c1f62d93edc036563b14519f69a37ae83da1ab5f69ea9cd5d538074e3315
2026,2026-01-19,109_SALES_DATA_NNME_19012026.DAT,C:\Users\jonat\PycharmProjects\NSWpropertyData\RawData\DAT\2026\20260119\109_SALES_DATA_NNME_19012026.DAT,1998,84b5ca36a01d16ecb1bf37e5bbbe08fd54a53f9938701bb248b15ec38ddb3594
2026,2026-01-19,116_SALES_DATA_NNME_19012026.DAT,C:\Users\jonat\PycharmProjects\NSWpropertyData\RawData\DAT\2026\20260119\116_SALES_DATA_NNME_19012026.DAT,2733,ceec3c1e3daa648f1d9808b82b3fd4ad98d5c2f3be9e3592f261c4ed2a8299bb
2026,2026-01-19,117_SALES_DATA_NNME_19012026.DAT,C:\Users\jonat\PycharmProjects\NSWpropertyData\RawData\DAT\2026\20260119\117_SALES_DATA_NNME_19012026.DAT,2272,3a3b47390c03a9d4a4b6ae24a75774b192ae5ad694b845c9965c719351585c4f
2026,2026-01-19,118_SALES_DATA_NNME_19012026.DAT,C:\Users\jonat\PycharmProjects\NSWpropertyData\RawData\DAT\2026\20260119\118_SALES_DATA_NNME_19012026.DAT,1285,d91aa3142991116ead2856c45f54b989ff60b84a14452870752339caa8f32f69
2026,2026-01-19,123_SALES_DATA_NNME_19012026.DAT,C:\Users\jonat\PycharmProjects\NSWpropertyData\RawData\DAT\2026\20260119\123_SALES_DATA_NNME_19012026.DAT,2160,a1085c5377fe01c116e35f499ee2623ac4ba7cc0d348ad74be2f405d22a81f8a
2026,2026-01-19,124_SALES_DATA_NNME_19012026.DAT,C:\Users\jonat\PycharmProjects\NSWpropertyData\RawData\DAT\2026\20260119\124_SALES_DATA_NNME_19012026.DAT,7555,3f866bfbd29a8596ad2d8c91f111af12a88d5b4fd4121774c5ed791663e75ab1
2026,2026-01-19,137_SALES_DATA_NNME_19012026.DAT,C:\Users\jonat\PycharmProjects\NSWpropertyData\RawData\DAT\2026\20260119\137_SALES_DATA_NNME_19012026.DAT,5478,cbcf6a944f9aa7abd7c82644f8eafd08d7ba3aa70c9f54f4fb5fcf8f16b503f2
2026,2026-01-19,139_SALES_DATA_NNME_19012026.DAT,C:\Users\jonat\PycharmProjects\NSWpropertyData\RawData\DAT\2026\20260119\139_SALES_DATA_NNME_19012026.DAT,9790,10514fb1da9da51a10a14d57aadbe7a5d196f51c32547f0eda728f2c66c5c0fa
2026,2026-01-19,143_SALES_DATA_NNME_19012026.DAT,C:\Users\jonat\PycharmProjects\NSWpropertyData\RawData\DAT\2026\20260119\143_SALES_DATA_NNME_19012026.DAT,3555,deba5493ae63cfe3b8ef0a13f4bf29440d46941960ef1836aa3bfd9ccdee0b61
2026,2026-01-19,144_SALES_DATA_NNME_19012026.DAT,C:\Users\jonat\PycharmProjects\NSWpropertyData\RawData\DAT\2026\20260119\144_SALES_DATA_NNME_19012026.DAT,33280,6e417f943a5c29a59b806d902117f3b2b548e94ac95fcd0b368b88dd515f5b3b
2026,2026-01-19,148_SALES_DATA_NNME_19012026.DAT,C:\Users\jonat\PycharmProjects\NSWpropertyData\RawData\DAT\2026\20260119\148_SALES_DATA_NNME_19012026.DAT,11253,85609dda542c5535ad98f11f4cbe485d3d9475b7bfd3fcbceb3c1e56c7d6fb74
2026,2026-01-19,149_SALES_DATA_NNME_19012026.DAT,C:\Users\jonat\PycharmProjects\NSWpropertyData\RawData\DAT\2026\20260119\149_SALES_DATA_NNME_19012026.DAT,654,42230edc369ec48348c1fe4e251ff1a8db744135dc839692c89462610dba41c9
2026,2026-01-19,150_SALES_DATA_NNME_19012026.DAT,C:\Users\jonat\PycharmProjects\NSWpropertyData\RawData\DAT\2026\20260119\150_SALES_DATA_NNME_19012026.DAT,3648,4287f03824dd422b71716c09f2aeb690d36d552613140fb34cc9e9b7eec806b3
2026,2026-01-19,151_SALES_DATA_NNME_19012026.DAT,C:\Users\jonat\PycharmProjects\NSWpropertyData\RawData\DAT\2026\20260119\151_SALES_DATA_NNME_19012026.DAT,3829,5b01506dbe42a6c09f59bb2f8947055f919cd484cf9b45acf258727fddb8abbe
2026,2026-01-19,152_SALES_DATA_NNME_19012026.DAT,C:\Users\jonat\PycharmProjects\NSWpropertyData\RawData\DAT\2026\20260119\152_SALES_DATA_NNME_19012026.DAT,13012,9ae4a322ff99fa1109b7ab04f3c31f8192247903230360be80782f628fc80581
2026,2026-01-19,157_SALES_DATA_NNME_19012026.DAT,C:\Users\jonat\PycharmProjects\NSWpropertyData\RawData\DAT\2026\20260119\157_SALES_DATA_NNME_19012026.DAT,5032,76ff1d72242694de603653e75e0479e4c607025c82b774e8f8e8c7fc5ab4ccc0
2026,2026-01-19,158_SALES_DATA_NNME_19012026.DAT,C:\Users\jonat\PycharmProjects\NSWpropertyData\RawData\DAT\2026\20260119\158_SALES_DATA_NNME_19012026.DAT,1408,a8b802a90f78a6f591aad2ec17828167b73850a9fa6fb1066997e2611920ca07
2026,2026-01-19,159_SALES_DATA_NNME_19012026.DAT,C:\Users\jonat\PycharmProjects\NSWpropertyData\RawData\DAT\2026\20260119\159_SALES_DATA_NNME_19012026.DAT,9405,bd736e60cde52d1390681ec669b285e22e77d03910e32d08ce24e3408a27f164
2026,2026-01-19,164_SALES_DATA_NNME_19012026.DAT,C:\Users\jonat\PycharmProjects\NSWpropertyData\RawData\DAT\2026\20260119\164_SALES_DATA_NNME_19012026.DAT,1197,a4daa1c9eaf993954e403a9182eb1ab1bf020df7b107e9626709ef0e26e84591
2026,2026-01-19,171_SALES_DATA_NNME_19012026.DAT,C:\Users\jonat\PycharmProjects\NSWpropertyData\RawData\DAT\2026\20260119\171_SALES_DATA_NNME_19012026.DAT,17632,eb51567c8a4ba0ae1893e5456985f95c2ba00e98e2af57ce44dc0f414ef96748
2026,2026-01-19,187_SALES_DATA_NNME_19012026.DAT,C:\Users\jonat\PycharmProjects\NSWpropertyData\RawData\DAT\2026\20260119\187_SALES_DATA_NNME_19012026.DAT,1753,5ab1a12c9af681120e36f4207d0d1e9ba3bc9246ffb498b54d946b58a0d96a96
2026,2026-01-19,188_SALES_DATA_NNME_19012026.DAT,C:\Users\jonat\PycharmProjects\NSWpropertyData\RawData\DAT\2026\20260119\188_SALES_DATA_NNME_19012026.DAT,4838,9d62fbfbaeda6dd3af2d1d4df9ee1b6ed4b4f012a426de73314068d4d90c486f
2026,2026-01-19,192_SALES_DATA_NNME_19012026.DAT,C:\Users\jonat\PycharmProjects\NSWpropertyData\RawData\DAT\2026\20260119\192_SALES_DATA_NNME_19012026.DAT,286,a7162caadaffcfe73fd179af6cf72f625008612e600b9f5bc978a8721d0e4202
2026,2026-01-19,199_SALES_DATA_NNME_19012026.DAT,C:\Users\jonat\PycharmProjects\NSWpropertyData\RawData\DAT\2026\20260119\199_SALES_DATA_NNME_19012026.DAT,620,ebe9e185d606ac8730e9692390080b5f47b9ceeed8f530d5b3ed9ab3b24b18d3
2026,2026-01-19,207_SALES_DATA_NNME_19012026.DAT,C:\Users\jonat\PycharmProjects\NSWpropertyData\RawData\DAT\2026\20260119\207_SALES_DATA_NNME_19012026.DAT,12181,488389f5371d08a26d1ca15600d10adcf53ad0b7cfe2632e7eba437482514d2e
2026,2026-01-19,209_SALES_DATA_NNME_19012026.DAT,C:\Users\jonat\PycharmProjects\NSWpropertyData\RawData\DAT\2026\20260119\209_SALES_DATA_NNME_19012026.DAT,6197,69fadc7e43a96180255f9ce7276374a69fbc555ed285b5d19e4dc8d82e14908c
2026,2026-01-19,210_SALES_DATA_NNME_19012026.DAT,C:\Users\jonat\PycharmProjects\NSWpropertyData\RawData\DAT\2026\20260119\210_SALES_DATA_NNME_19012026.DAT,9257,2df149d3c2e6c7fa13b32a5b1e6e032570076922522fb6c5df1884d4f2444f47
2026,2026-01-19,214_SALES_DATA_NNME_19012026.DAT,C:\Users\jonat\PycharmProjects\NSWpropertyData\RawData\DAT\2026\20260119\214_SALES_DATA_NNME_19012026.DAT,50791,61ff085b3413a3ee785de2ad920efcbce7e2fd2596d95b07a66948a4bfe1079e
2026,2026-01-19,216_SALES_DATA_NNME_19012026.DAT,C:\Users\jonat\PycharmProjects\NSWpropertyData\RawData\DAT\2026\20260119\216_SALES_DATA_NNME_19012026.DAT,12541,b8a6750ce87be51d2ea2167ec4f733073b498e1aaf10395c722a2cb00d89c8f3
2026,2026-01-19,217_SALES_DATA_NNME_19012026.DAT,C:\Users\jonat\PycharmProjects\NSWpropertyData\RawData\DAT\2026\20260119\217_SALES_DATA_NNME_19012026.DAT,15210,458fae49d89cbab086a1b6ed4865e1c577f91ec1a756400b1accec4bb36c2168
2026,2026-01-19,218_SALES_DATA_NNME_19012026.DAT,C:\Users\jonat\PycharmProjects\NSWpropertyData\RawData\DAT\2026\20260119\218_SALES_DATA_NNME_19012026.DAT,15418,e790af6a121389adfd96bced74302f83f8c125ab77bd1ce6bbb3f6974fc298d8
2026,2026-01-19,219_SALES_DATA_NNME_19012026.DAT,C:\Users\jonat\PycharmProjects\NSWpropertyData\RawData\DAT\2026\20260119\219_SALES_DATA_NNME_19012026.DAT,10891,a97c858102288e92a3b2e671a1810c5e3895173f26ddf1a548f2ab4aa534e4ca
2026,2026-01-19,220_SALES_DATA_NNME_19012026.DAT,C:\Users\jonat\PycharmProjects\NSWpropertyData\RawData\DAT\2026\20260119\220_SALES_DATA_NNME_19012026.DAT,7424,7b2bb3230953483bafcd5d0dbddefd8a009869d0b60432761deb2a57d21fb90e
2026,2026-01-19,222_SALES_DATA_NNME_19012026.DAT,C:\Users\jonat\PycharmProjects\NSWpropertyData\RawData\DAT\2026\20260119\222_SALES_DATA_NNME_19012026.DAT,3107,be625ee39bdf004bcaa0363385559df6ed0a60608016a1f27eff64543b6e3b3f
2026,2026-01-19,223_SALES_DATA_NNME_19012026.DAT,C:\Users\jonat\PycharmProjects\NSWpropertyData\RawData\DAT\2026\20260119\223_SALES_DATA_NNME_19012026.DAT,20670,3339d46bb467b1032d16134dacf43c7b57f485324efae6f52f77bc16932d4b10
2026,2026-01-19,224_SALES_DATA_NNME_19012026.DAT,C:\Users\jonat\PycharmProjects\NSWpropertyData\RawData\DAT\2026\20260119\224_SALES_DATA_NNME_19012026.DAT,25944,57732bae75c959afe56a0c866530863e07aeba247226039b52dba860ce7a15f9
2026,2026-01-19,226_SALES_DATA_NNME_19012026.DAT,C:\Users\jonat\PycharmProjects\NSWpropertyData\RawData\DAT\2026\20260119\226_SALES_DATA_NNME_19012026.DAT,6025,24a828cdb3aa1334d1918085ef404c62b90168a2e21a63036f6242760de44400
2026,2026-01-19,230_SALES_DATA_NNME_19012026.DAT,C:\Users\jonat\PycharmProjects\NSWpropertyData\RawData\DAT\2026\20260119\230_SALES_DATA_NNME_19012026.DAT,295,19131ea319bc2a0c23a3f95ba0a54b58f4a13db66530422e09cf5fc41faac3bf
2026,2026-01-19,231_SALES_DATA_NNME_19012026.DAT,C:\Users\jonat\PycharmProjects\NSWpropertyData\RawData\DAT\2026\20260119\231_SALES_DATA_NNME_19012026.DAT,347,7b2221927a78a2ccb2229cb7abe0dd20bcc9f32dbcb9cbd9fdf5eeaba2e2233b
2026,2026-01-19,232_SALES_DATA_NNME_19012026.DAT,C:\Users\jonat\PycharmProjects\NSWpropertyData\RawData\DAT\2026\20260119\232_SALES_DATA_NNME_19012026.DAT,1613,89eaafb0b457de1dca7d8108d43446bd44576d519f91a9d178d95161231330e4
2026,2026-01-19,233_SALES_DATA_NNME_19012026.DAT,C:\Users\jonat\PycharmProjects\NSWpropertyData\RawData\DAT\2026\20260119\233_SALES_DATA_NNME_19012026.DAT,343,47cfd360b549326e667c2825ed085d5ae64a5ffb998359d98b72b8b932734a2c
2026,2026-01-19,234_SALES_DATA_NNME_19012026.DAT,C:\Users\jonat\PycharmProjects\NSWpropertyData\RawData\DAT\2026\20260119\234_SALES_DATA_NNME_19012026.DAT,5820,26b5b3b308ccf6610b7280ee78d4598aa383199e9066b3edbe0903ba30088c63
2026,2026-01-19,236_SALES_DATA_NNME_19012026.DAT,C:\Users\jonat\PycharmProjects\NSWpropertyData\RawData\DAT\2026\20260119\236_SALES_DATA_NNME_19012026.DAT,863,eb801b4db78589622011d91733c7035ddcc5af33e2932993cc1f7209f10d1f01
2026,2026-01-19,240_SALES_DATA_NNME_19012026.DAT,C:\Users\jonat\PycharmProjects\NSWpropertyData\RawData\DAT\2026\20260119\240_SALES_DATA_NNME_19012026.DAT,704,68f6bdddcc0232cda337786e08def57e65e0e7ba89ccd45e360f262a8cd76a3e
2026,2026-01-19,244_SALES_DATA_NNME_19012026.DAT,C:\Users\jonat\PycharmProjects\NSWpropertyData\RawData\DAT\2026\20260119\244_SALES_DATA_NNME_19012026.DAT,938,1489f56262fd7cbfa8fc745e25d995459e882806e177e87fb78672d38a3ca4c2
2026,2026-01-19,247_SALES_DATA_NNME_19012026.DAT,C:\Users\jonat\PycharmProjects\NSWpropertyData\RawData\DAT\2026\20260119\247_SALES_DATA_NNME_19012026.DAT,1755,8467a77af573dcac2d15cc1e9576d567bdb03ede2d38b99bbe482f8069fbb01e
2026,2026-01-19,250_SALES_DATA_NNME_19012026.DAT,C:\Users\jonat\PycharmProjects\NSWpropertyData\RawData\DAT\2026\20260119\250_SALES_DATA_NNME_19012026.DAT,953,bdf515c7863d074f6ece368a8ffb5fa124a1149eb10a6eddf07e0cb01624069c
2026,2026-01-19,251_SALES_DATA_NNME_19012026.DAT,C:\Users\jonat\PycharmProjects\NSWpropertyData\RawData\DAT\2026\20260119\251_SALES_DATA_NNME_19012026.DAT,983,6997cb5a873b64e98a60a84abb0a73affeb6cda37aadf7714ff0846f2241ba6c
2026,2026-01-19,254_SALES_DATA_NNME_19012026.DAT,C:\Users\jonat\PycharmProjects\NSWpropertyData\RawData\DAT\2026\20260119\254_SALES_DATA_NNME_19012026.DAT,1187,87821b93d01634e49db47e69308ce06ddc3788a3d9f82c2ee6fe0c2b0c885ae5
2026,2026-01-19,255_SALES_DATA_NNME_19012026.DAT,C:\Users\jonat\PycharmProjects\NSWpropertyData\RawData\DAT\2026\20260119\255_SALES_DATA_NNME_19012026.DAT,2283,32c232b66cedad7170c625f7f4da3564c3e05716042041777791203d4957e3f2
2026,2026-01-19,257_SALES_DATA_NNME_19012026.DAT,C:\Users\jonat\PycharmProjects\NSWpropertyData\RawData\DAT\2026\20260119\257_SALES_DATA_NNME_19012026.DAT,7882,0960bda90b1d3dc57097c6e050aa7214742d69ceb959d415248974f038e7a297
2026,2026-01-19,258_SALES_DATA_NNME_19012026.DAT,C:\Users\jonat\PycharmProjects\NSWpropertyData\RawData\DAT\2026\20260119\258_SALES_DATA_NNME_19012026.DAT,30639,41f83d6f9ed8233ea897897987ad3354b99149c5c53188e12708472aee48f79f
2026,2026-01-19,259_SALES_DATA_NNME_19012026.DAT,C:\Users\jonat\PycharmProjects\NSWpropertyData\RawData\DAT\2026\20260119\259_SALES_DATA_NNME_19012026.DAT,58907,2e6f31a736844513db0ed120441318649c7b93c9a8fc1cc645a8560b69609ffe
2026,2026-01-19,260_SALES_DATA_NNME_19012026.DAT,C:\Users\jonat\PycharmProjects\NSWpropertyData\RawData\DAT\2026\20260119\260_SALES_DATA_NNME_19012026.DAT,36381,1b866881b49de4d7c96051fe60ab155b882fd9a47a422c7dc4060bbb2ae0a5b6
2026,2026-01-19,261_SALES_DATA_NNME_19012026.DAT,C:\Users\jonat\PycharmProjects\NSWpropertyData\RawData\DAT\2026\20260119\261_SALES_DATA_NNME_19012026.DAT,24542,4f72d848cca0f0baef823fd92341f6cb00c42b6c13ee559d47b0f269cc0b7e28
2026,2026-01-19,262_SALES_DATA_NNME_19012026.DAT,C:\Users\jonat\PycharmProjects\NSWpropertyData\RawData\DAT\2026\20260119\262_SALES_DATA_NNME_19012026.DAT,1980,cd7015524f444f99a730eda966056c4f47bdcf86acddc99a93159541a851dee3
2026,2026-01-19,263_SALES_DATA_NNME_19012026.DAT,C:\Users\jonat\PycharmProjects\NSWpropertyData\RawData\DAT\2026\20260119\263_SALES_DATA_NNME_19012026.DAT,1819,50fb5f67d7c036d7289d8684c8fb601a6ba161d6b08facfc74abd0415e57adeb
2026,2026-01-19,264_SALES_DATA_NNME_19012026.DAT,C:\Users\jonat\PycharmProjects\NSWpropertyData\RawData\DAT\2026\20260119\264_SALES_DATA_NNME_19012026.DAT,12575,dbbee657b0d578cebc941886fa55fa3914a9eb700ea62a9916c5999212491972
2026,2026-01-19,265_SALES_DATA_NNME_19012026.DAT,C:\Users\jonat\PycharmProjects\NSWpropertyData\RawData\DAT\2026\20260119\265_SALES_DATA_NNME_19012026.DAT,1775,0bd32477c846a940725dd8eac220420017b791521631b6551f13ead29a311312
2026,2026-01-19,266_SALES_DATA_NNME_19012026.DAT,C:\Users\jonat\PycharmProjects\NSWpropertyData\RawData\DAT\2026\20260119\266_SALES_DATA_NNME_19012026.DAT,3378,e8a9b46f13ff149d58bc106da65ffaf76d23fc99494d7ad575462aff50ea57e7
2026,2026-01-19,267_SALES_DATA_NNME_19012026.DAT,C:\Users\jonat\PycharmProjects\NSWpropertyData\RawData\DAT\2026\20260119\267_SALES_DATA_NNME_19012026.DAT,25307,f96bf59b06f8f288e61570f19ef64ef0938af1d8ea34e4d885514ec3aefaff20
2026,2026-01-19,268_SALES_DATA_NNME_19012026.DAT,C:\Users\jonat\PycharmProjects\NSWpropertyData\RawData\DAT\2026\20260119\268_SALES_DATA_NNME_19012026.DAT,22750,03695bf03c2fceafe9fccf8531a37a85c35beffc8f3bd9bc183ef08fbbc89a20
2026,2026-01-19,269_SALES_DATA_NNME_19012026.DAT,C:\Users\jonat\PycharmProjects\NSWpropertyData\RawData\DAT\2026\20260119\269_SALES_DATA_NNME_19012026.DAT,1239,591fb5c5e878161ea55f0d5e279d4a44c20a81185adab343a07f8e8c7cf5723c
2026,2026-01-19,270_SALES_DATA_NNME_19012026.DAT,C:\Users\jonat\PycharmProjects\NSWpropertyData\RawData\DAT\2026\20260119\270_SALES_DATA_NNME_19012026.DAT,903,a6df5b2fb265c6f63f0aa9f978b99d44ee44e178357757ca1549ca56e70c9328
2026,2026-01-19,271_SALES_DATA_NNME_19012026.DAT,C:\Users\jonat\PycharmProjects\NSWpropertyData\RawData\DAT\2026\20260119\271_SALES_DATA_NNME_19012026.DAT,38142,e348d4d6e0e7a4792144fb47486d34f930a0a1a63a5c5b59cd94934f737c893c
2026,2026-01-19,272_SALES_DATA_NNME_19012026.DAT,C:\Users\jonat\PycharmProjects\NSWpropertyData\RawData\DAT\2026\20260119\272_SALES_DATA_NNME_19012026.DAT,14118,5e9803440d2a7e5506086ba0610c1839f8f07dd168eda548eed2ad1b26642dd5
2026,2026-01-19,273_SALES_DATA_NNME_19012026.DAT,C:\Users\jonat\PycharmProjects\NSWpropertyData\RawData\DAT\2026\20260119\273_SALES_DATA_NNME_19012026.DAT,5324,51d61c0c87bcaf09899f22faf785250d92dbdaa933da676333f42508268be9f1
2026,2026-01-19,274_SALES_DATA_NNME_19012026.DAT,C:\Users\jonat\PycharmProjects\NSWpropertyData\RawData\DAT\2026\20260119\274_SALES_DATA_NNME_19012026.DAT,1586,e8cb0f8d9dd063d45f2ee418240a68ba776d7259ccc252d7bdaf9b0d7ded3afb
2026,2026-01-19,275_SALES_DATA_NNME_19012026.DAT,C:\Users\jonat\PycharmProjects\NSWpropertyData\RawData\DAT\2026\20260119\275_SALES_DATA_NNME_19012026.DAT,7187,77bca7124f43cf86f77856442ff2fbb304417aded1ee0825c8c486d2af9ad815
2026,2026-01-19,276_SALES_DATA_NNME_19012026.DAT,C:\Users\jonat\PycharmProjects\NSWpropertyData\RawData\DAT\2026\20260119\276_SALES_DATA_NNME_19012026.DAT,17795,874b0a7cce368a407b3cc0c2201384864847abd87842e9438f1ae674c6b4ad46
2026,2026-01-19,300_SALES_DATA_NNME_19012026.DAT,C:\Users\jonat\PycharmProjects\NSWpropertyData\RawData\DAT\2026\20260119\300_SALES_DATA_NNME_19012026.DAT,1249,084430da7cea0102718dfc4362a08bb28a338211a971708b4b61ce7e808570df
2026,2026-01-19,301_SALES_DATA_NNME_19012026.DAT,C:\Users\jonat\PycharmProjects\NSWpropertyData\RawData\DAT\2026\20260119\301_SALES_DATA_NNME_19012026.DAT,667,f3ed25eb7f007f4f79ca18fb7cde7e1d8712a11be2ff8566d340a6e936afe565
2026,2026-01-19,302_SALES_DATA_NNME_19012026.DAT,C:\Users\jonat\PycharmProjects\NSWpropertyData\RawData\DAT\2026\20260119\302_SALES_DATA_NNME_19012026.DAT,3084,226d642f3c782b96db9d71d0a267f6158a45061242438aa80d32e5ff8e6c88d5
2026,2026-01-19,303_SALES_DATA_NNME_19012026.DAT,C:\Users\jonat\PycharmProjects\NSWpropertyData\RawData\DAT\2026\20260119\303_SALES_DATA_NNME_19012026.DAT,5197,eab3a75eb9667f4ab72da2419e6a432edd95c5c0274a752b0c4f14a57c17f39d
2026,2026-01-19,511_SALES_DATA_NNME_19012026.DAT,C:\Users\jonat\PycharmProjects\NSWpropertyData\RawData\DAT\2026\20260119\511_SALES_DATA_NNME_19012026.DAT,2028,894caedee81037773fc7d94dc0e377261a719dcff12b6582b74827739f69b2b6
2026,2026-01-19,526_SALES_DATA_NNME_19012026.DAT,C:\Users\jonat\PycharmProjects\NSWpropertyData\RawData\DAT\2026\20260119\526_SALES_DATA_NNME_19012026.DAT,2383,ba1dfc0eaaf7e9cae5a3ebb3ecb5a16b2b59a7e9d5a7f47596655553ee15afa1
2026,2026-01-19,528_SALES_DATA_NNME_19012026.DAT,C:\Users\jonat\PycharmProjects\NSWpropertyData\RawData\DAT\2026\20260119\528_SALES_DATA_NNME_19012026.DAT,1952,c85558c80b226045c42a3c28868b27b0b735dd3ccbbab80f509f363c43ea4310
2026,2026-01-19,529_SALES_DATA_NNME_19012026.DAT,C:\Users\jonat\PycharmProjects\NSWpropertyData\RawData\DAT\2026\20260119\529_SALES_DATA_NNME_19012026.DAT,7839,22bbfdcd0ab12f5881186e4d77f479051e4403edbc6059ad70e9d0107bdae137
2026,2026-01-19,537_SALES_DATA_NNME_19012026.DAT,C:\Users\jonat\PycharmProjects\NSWpropertyData\RawData\DAT\2026\20260119\537_SALES_DATA_NNME_19012026.DAT,1517,3164e72cd27deb79ad6e83c3a404c79bf317c6d395fe982a672d9a1bee43d87d
2026,2026-01-19,538_SALES_DATA_NNME_19012026.DAT,C:\Users\jonat\PycharmProjects\NSWpropertyData\RawData\DAT\2026\20260119\538_SALES_DATA_NNME_19012026.DAT,614,e463e89dd51eb3cdeba513381c13effda564111dd91e50bfaa0187ed45966439
2026,2026-01-19,560_SALES_DATA_NNME_19012026.DAT,C:\Users\jonat\PycharmProjects\NSWpropertyData\RawData\DAT\2026\20260119\560_SALES_DATA_NNME_19012026.DAT,1149,797f44f2d85bc5d3b2b637663b6f853e4668bdd68050a3e120488332b0dcdf6c
2026,2026-01-19,575_SALES_DATA_NNME_19012026.DAT,C:\Users\jonat\PycharmProjects\NSWpropertyData\RawData\DAT\2026\20260119\575_SALES_DATA_NNME_19012026.DAT,14195,cac83e0a9d0c5dd3de37bb832581d42312692fb25b9a2d89d32256a526609aca
2026,2026-01-19,608_SALES_DATA_NNME_19012026.DAT,C:\Users\jonat\PycharmProjects\NSWpropertyData\RawData\DAT\2026\20260119\608_SALES_DATA_NNME_19012026.DAT,9277,d309ac512abbeb2290d6c27275d1b5bc31c8eadbc6396228e1abfaea15641fea
2026,2026-01-19,620_SALES_DATA_NNME_19012026.DAT,C:\Users\jonat\PycharmProjects\NSWpropertyData\RawData\DAT\2026\20260119\620_SALES_DATA_NNME_19012026.DAT,13402,f465d48ece91708c484da2379a372f7c75a4e98ab38eb0d727b482200e1069a2
2026,2026-01-19,656_SALES_DATA_NNME_19012026.DAT,C:\Users\jonat\PycharmProjects\NSWpropertyData\RawData\DAT\2026\20260119\656_SALES_DATA_NNME_19012026.DAT,19782,ec3dbe767614c5828dd144a6c826b7a6467806a864b13dc476ec60d6f6cb8f33
2026,2026-01-19,666_SALES_DATA_NNME_19012026.DAT,C:\Users\jonat\PycharmProjects\NSWpropertyData\RawData\DAT\2026\20260119\666_SALES_DATA_NNME_19012026.DAT,12502,daeff5bb744fce0c758bf418ffe156690c2a25274db33a454e836e2fbf8ce67a
2026,2026-01-19,708_SALES_DATA_NNME_19012026.DAT,C:\Users\jonat\PycharmProjects\NSWpropertyData\RawData\DAT\2026\20260119\708_SALES_DATA_NNME_19012026.DAT,39288,1c0f3d010b10a1d9ca6164ddcb22f25a05c375a182f18573c54cc3c08976bb00
2026,2026-01-19,902_SALES_DATA_NNME_19012026.DAT,C:\Users\jonat\PycharmProjects\NSWpropertyData\RawData\DAT\2026\20260119\902_SALES_DATA_NNME_19012026.DAT,360,8ad46eb9069f58ea6a80f27d2cd52a181c4fd64ba3fca36970287f9f277577c0
2026,2026-01-26,001_SALES_DATA_NNME_26012026.DAT,C:\Users\jonat\PycharmProjects\NSWpropertyData\RawData\DAT\2026\20260126\001_SALES_DATA_NNME_26012026.DAT,13208,67c1e7afe1dcb7767d8cd59dc537689b1342f5759ce88b574114da026a5ebb67
2026,2026-01-26,002_SALES_DATA_NNME_26012026.DAT,C:\Users\jonat\PycharmProjects\NSWpropertyData\RawData\DAT\2026\20260126\002_SALES_DATA_NNME_26012026.DAT,3287,2288695cdc7d1c040e39c85e647e0e1feed5b4cf2149e90c16ef400571219fd3
2026,2026-01-26,004_SALES_DATA_NNME_26012026.DAT,C:\Users\jonat\PycharmProjects\NSWpropertyData\RawData\DAT\2026\20260126\004_SALES_DATA_NNME_26012026.DAT,53768,0fe627bea6c5edf353f70064911dcf78116f65603a23dfcc4beb371efc171028
2026,2026-01-26,005_SALES_DATA_NNME_26012026.DAT,C:\Users\jonat\PycharmProjects\NSWpropertyData\RawData\DAT\2026\20260126\005_SALES_DATA_NNME_26012026.DAT,23746,b1162afaef03fe9a43d2499ab9e9eb9f564cc8d09f15ec70635c63a1935fa553
2026,2026-01-26,007_SALES_DATA_NNME_26012026.DAT,C:\Users\jonat\PycharmProjects\NSWpropertyData\RawData\DAT\2026\20260126\007_SALES_DATA_NNME_26012026.DAT,7035,4ef6a4bc6a51ed3a6c591309c4749b183a6e578754fc5c81dcd1b0d4ba254f09
2026,2026-01-26,008_SALES_DATA_NNME_26012026.DAT,C:\Users\jonat\PycharmProjects\NSWpropertyData\RawData\DAT\2026\20260126\008_SALES_DATA_NNME_26012026.DAT,33231,1729734814afef35d7503154eba40eae75beebb041a316bc275774fa085d9b5f
2026,2026-01-26,010_SALES_DATA_NNME_26012026.DAT,C:\Users\jonat\PycharmProjects\NSWpropertyData\RawData\DAT\2026\20260126\010_SALES_DATA_NNME_26012026.DAT,17700,1517318d74a3474fb279ea6b1319e0629135e037047437f974b7070d4d119dc0
2026,2026-01-26,012_SALES_DATA_NNME_26012026.DAT,C:\Users\jonat\PycharmProjects\NSWpropertyData\RawData\DAT\2026\20260126\012_SALES_DATA_NNME_26012026.DAT,4169,2e91547ba3d765aa1a1f307aa09360491a4f9cca4f8f32a6d3eda27c46ffff54
2026,2026-01-26,018_SALES_DATA_NNME_26012026.DAT,C:\Users\jonat\PycharmProjects\NSWpropertyData\RawData\DAT\2026\20260126\018_SALES_DATA_NNME_26012026.DAT,9755,2dbf22394da392647f7ca54f0308b76d0b0c3975727fcdd4cb187d3ec2558c07
2026,2026-01-26,042_SALES_DATA_NNME_26012026.DAT,C:\Users\jonat\PycharmProjects\NSWpropertyData\RawData\DAT\2026\20260126\042_SALES_DATA_NNME_26012026.DAT,4667,70dabcc60d8500343dd8462dead9a9114f30c80283d61b7ba93c18fe403df0de
2026,2026-01-26,043_SALES_DATA_NNME_26012026.DAT,C:\Users\jonat\PycharmProjects\NSWpropertyData\RawData\DAT\2026\20260126\043_SALES_DATA_NNME_26012026.DAT,1261,c2d159073af2c5c34393d99b8a10bbdcd157b7d0528911ef03250b59d184e9be
2026,2026-01-26,050_SALES_DATA_NNME_26012026.DAT,C:\Users\jonat\PycharmProjects\NSWpropertyData\RawData\DAT\2026\20260126\050_SALES_DATA_NNME_26012026.DAT,13829,c1866e83267315a091e9ac99e1773da97a119cc105c7fa361b8a02324001fc1f
2026,2026-01-26,051_SALES_DATA_NNME_26012026.DAT,C:\Users\jonat\PycharmProjects\NSWpropertyData\RawData\DAT\2026\20260126\051_SALES_DATA_NNME_26012026.DAT,3443,8478ee8208fddf5e9b6adb47c0fb968a8e53416e8468744d9d4b2d17d924df17
2026,2026-01-26,052_SALES_DATA_NNME_26012026.DAT,C:\Users\jonat\PycharmProjects\NSWpropertyData\RawData\DAT\2026\20260126\052_SALES_DATA_NNME_26012026.DAT,1773,5c8be31693b4d559772a53e29f27d76cd34c658f0b60e7a7d468d4db9cdea121
2026,2026-01-26,054_SALES_DATA_NNME_26012026.DAT,C:\Users\jonat\PycharmProjects\NSWpropertyData\RawData\DAT\2026\20260126\054_SALES_DATA_NNME_26012026.DAT,1152,6128e432b79155f3b847a41bddd679250b744da9a16ae87c2edbf18a6086e2de
2026,2026-01-26,061_SALES_DATA_NNME_26012026.DAT,C:\Users\jonat\PycharmProjects\NSWpropertyData\RawData\DAT\2026\20260126\061_SALES_DATA_NNME_26012026.DAT,1504,e7f70eca89a14c032c645d1be38303ad031a596f52b6b420bd0a01d4d3249ec9
2026,2026-01-26,065_SALES_DATA_NNME_26012026.DAT,C:\Users\jonat\PycharmProjects\NSWpropertyData\RawData\DAT\2026\20260126\065_SALES_DATA_NNME_26012026.DAT,1786,188eedf96112863afc3d131ee1e30d1d510c012727614aa2c4ad23f67fdf4276
2026,2026-01-26,066_SALES_DATA_NNME_26012026.DAT,C:\Users\jonat\PycharmProjects\NSWpropertyData\RawData\DAT\2026\20260126\066_SALES_DATA_NNME_26012026.DAT,1223,208ed9c57803ce027760a722b2502643f58741dd3090d373e0e83c491a5242e1
2026,2026-01-26,070_SALES_DATA_NNME_26012026.DAT,C:\Users\jonat\PycharmProjects\NSWpropertyData\RawData\DAT\2026\20260126\070_SALES_DATA_NNME_26012026.DAT,2508,b8cacae8cee0d8473c9a1f09661570e1e202c4063a88c9fb202215b51a8161f3
2026,2026-01-26,074_SALES_DATA_NNME_26012026.DAT,C:\Users\jonat\PycharmProjects\NSWpropertyData\RawData\DAT\2026\20260126\074_SALES_DATA_NNME_26012026.DAT,4847,6d1beb2145b1f215a5c931264c1c46a6fbd849b7483285ac5e6ec85ed8909031
2026,2026-01-26,081_SALES_DATA_NNME_26012026.DAT,C:\Users\jonat\PycharmProjects\NSWpropertyData\RawData\DAT\2026\20260126\081_SALES_DATA_NNME_26012026.DAT,35789,ef2ba87dabef95bd2efe22c6e9fcd7582626953efbc7f367cb8f79dae82664f4
2026,2026-01-26,082_SALES_DATA_NNME_26012026.DAT,C:\Users\jonat\PycharmProjects\NSWpropertyData\RawData\DAT\2026\20260126\082_SALES_DATA_NNME_26012026.DAT,27205,197dbe1235d4161af489b272dca86cc693a76540d0d8979041475bba58b7b9ed
2026,2026-01-26,083_SALES_DATA_NNME_26012026.DAT,C:\Users\jonat\PycharmProjects\NSWpropertyData\RawData\DAT\2026\20260126\083_SALES_DATA_NNME_26012026.DAT,1453,9204eb21955768aba8e9f7ee2557ef97ce72c40d1b655421567b204ca938eb46
2026,2026-01-26,084_SALES_DATA_NNME_26012026.DAT,C:\Users\jonat\PycharmProjects\NSWpropertyData\RawData\DAT\2026\20260126\084_SALES_DATA_NNME_26012026.DAT,23774,73ea871ab9d682ba474148a9062694e17f05e40b2eb25e5d8564eb32aa17ae08
2026,2026-01-26,085_SALES_DATA_NNME_26012026.DAT,C:\Users\jonat\PycharmProjects\NSWpropertyData\RawData\DAT\2026\20260126\085_SALES_DATA_NNME_26012026.DAT,8582,f1e36fbe8c01f70bb052e8881a14f7df62affd80bd7030c2ecb3c1deb0ac1d7a
2026,2026-01-26,087_SALES_DATA_NNME_26012026.DAT,C:\Users\jonat\PycharmProjects\NSWpropertyData\RawData\DAT\2026\20260126\087_SALES_DATA_NNME_26012026.DAT,7311,3b49e5268ea020c20354f8b7bc8d902ad7c942cb0285651a8425860844142032
2026,2026-01-26,088_SALES_DATA_NNME_26012026.DAT,C:\Users\jonat\PycharmProjects\NSWpropertyData\RawData\DAT\2026\20260126\088_SALES_DATA_NNME_26012026.DAT,15079,b8bc39dffab3ad007c27cf7d1697d927630b5c5804c6419d6e0a8b733dabf943
2026,2026-01-26,090_SALES_DATA_NNME_26012026.DAT,C:\Users\jonat\PycharmProjects\NSWpropertyData\RawData\DAT\2026\20260126\090_SALES_DATA_NNME_26012026.DAT,24200,383a459346ca34a240a2ee049e40b9734def007483690c3c0b704597c3b71503
2026,2026-01-26,092_SALES_DATA_NNME_26012026.DAT,C:\Users\jonat\PycharmProjects\NSWpropertyData\RawData\DAT\2026\20260126\092_SALES_DATA_NNME_26012026.DAT,15899,92fb7d6b039d646c85f2ee81895a2a58cfe68e5b8e3c7f81a3e9cf5e9bbb70c5
2026,2026-01-26,097_SALES_DATA_NNME_26012026.DAT,C:\Users\jonat\PycharmProjects\NSWpropertyData\RawData\DAT\2026\20260126\097_SALES_DATA_NNME_26012026.DAT,11977,0767cb693020cffbb3a1296fce289362556ed77450f262a1ad5571bf356af206
2026,2026-01-26,098_SALES_DATA_NNME_26012026.DAT,C:\Users\jonat\PycharmProjects\NSWpropertyData\RawData\DAT\2026\20260126\098_SALES_DATA_NNME_26012026.DAT,5564,215400d3ffdda8e67fab9b9c058bfe23bc1aca5f71658e0a4660bdd5e8d8cf5c
2026,2026-01-26,100_SALES_DATA_NNME_26012026.DAT,C:\Users\jonat\PycharmProjects\NSWpropertyData\RawData\DAT\2026\20260126\100_SALES_DATA_NNME_26012026.DAT,16883,064a3a069645127f986313540b1e4b53142b0e2dba74447f0b9d4a4a7ee28394
2026,2026-01-26,101_SALES_DATA_NNME_26012026.DAT,C:\Users\jonat\PycharmProjects\NSWpropertyData\RawData\DAT\2026\20260126\101_SALES_DATA_NNME_26012026.DAT,24004,a1e7170b5b80103033163a1517d0e48d5c265d3f4e91b4fbc42cb07cd00d0140
2026,2026-01-26,102_SALES_DATA_NNME_26012026.DAT,C:\Users\jonat\PycharmProjects\NSWpropertyData\RawData\DAT\2026\20260126\102_SALES_DATA_NNME_26012026.DAT,17504,bc2c2d5e66509a49e05cae097453b99fa92c93d29cbe5e42ef9a89a01e7c728b
2026,2026-01-26,103_SALES_DATA_NNME_26012026.DAT,C:\Users\jonat\PycharmProjects\NSWpropertyData\RawData\DAT\2026\20260126\103_SALES_DATA_NNME_26012026.DAT,36007,413dd59501924ff043eb34c5f8b10ce06beb05798694b46a8b8d774d5c706852
2026,2026-01-26,109_SALES_DATA_NNME_26012026.DAT,C:\Users\jonat\PycharmProjects\NSWpropertyData\RawData\DAT\2026\20260126\109_SALES_DATA_NNME_26012026.DAT,1454,e8f677d413a1d741f30602b47b63c4cdcc1d51577a07742e5ddc6488360d1134
2026,2026-01-26,116_SALES_DATA_NNME_26012026.DAT,C:\Users\jonat\PycharmProjects\NSWpropertyData\RawData\DAT\2026\20260126\116_SALES_DATA_NNME_26012026.DAT,4660,28592f3094911dbee491f8c0d8d1d6d7e1d99b6676b0f8954c1b35aa2dd14550
2026,2026-01-26,117_SALES_DATA_NNME_26012026.DAT,C:\Users\jonat\PycharmProjects\NSWpropertyData\RawData\DAT\2026\20260126\117_SALES_DATA_NNME_26012026.DAT,2351,3edf1d0698303411841b1cf4dd7a42045b6d93358b29d6a132796bea9a17bba5
2026,2026-01-26,118_SALES_DATA_NNME_26012026.DAT,C:\Users\jonat\PycharmProjects\NSWpropertyData\RawData\DAT\2026\20260126\118_SALES_DATA_NNME_26012026.DAT,2742,6f82125d85da60974ed59a133a5572531dff465142524e6df896c45061b90334
2026,2026-01-26,123_SALES_DATA_NNME_26012026.DAT,C:\Users\jonat\PycharmProjects\NSWpropertyData\RawData\DAT\2026\20260126\123_SALES_DATA_NNME_26012026.DAT,2613,2637dcab198f1fc6406b0cd147432da518c0184443c162570a68dfe4fca2fed6
2026,2026-01-26,124_SALES_DATA_NNME_26012026.DAT,C:\Users\jonat\PycharmProjects\NSWpropertyData\RawData\DAT\2026\20260126\124_SALES_DATA_NNME_26012026.DAT,13851,da2752d91ffec56ba165332ec2c751a9a28c0b6f1796607fb9e2e9803c979056
2026,2026-01-26,137_SALES_DATA_NNME_26012026.DAT,C:\Users\jonat\PycharmProjects\NSWpropertyData\RawData\DAT\2026\20260126\137_SALES_DATA_NNME_26012026.DAT,6175,0cb304408851ad90bbdba7746b0c6abe58d897ba568dd082390ee8d4a8e85a03
2026,2026-01-26,139_SALES_DATA_NNME_26012026.DAT,C:\Users\jonat\PycharmProjects\NSWpropertyData\RawData\DAT\2026\20260126\139_SALES_DATA_NNME_26012026.DAT,16115,6bf1dbe3c811c0e37fe7328012c8b42001e945c4edf7c4ebae77bb499ad56b5e
2026,2026-01-26,143_SALES_DATA_NNME_26012026.DAT,C:\Users\jonat\PycharmProjects\NSWpropertyData\RawData\DAT\2026\20260126\143_SALES_DATA_NNME_26012026.DAT,9120,bb0e4cbf4b6f4c9a8b72af937b5e25a39e69928f4eaabe9bb7b9b56b7452fe3b
2026,2026-01-26,144_SALES_DATA_NNME_26012026.DAT,C:\Users\jonat\PycharmProjects\NSWpropertyData\RawData\DAT\2026\20260126\144_SALES_DATA_NNME_26012026.DAT,56137,42d2535eb9539da4fe263b2b44d7497268751887372ab22a9a235c22be9b2a14
2026,2026-01-26,148_SALES_DATA_NNME_26012026.DAT,C:\Users\jonat\PycharmProjects\NSWpropertyData\RawData\DAT\2026\20260126\148_SALES_DATA_NNME_26012026.DAT,7890,f8fa237853ea7a0987473e045308647edd8f71168841fc53c81a3d9031fc9cd9
2026,2026-01-26,149_SALES_DATA_NNME_26012026.DAT,C:\Users\jonat\PycharmProjects\NSWpropertyData\RawData\DAT\2026\20260126\149_SALES_DATA_NNME_26012026.DAT,2737,9f9891101a27eecbe73e7d2f2343cacca9d70129081e1317118e8c22222165fb
2026,2026-01-26,150_SALES_DATA_NNME_26012026.DAT,C:\Users\jonat\PycharmProjects\NSWpropertyData\RawData\DAT\2026\20260126\150_SALES_DATA_NNME_26012026.DAT,6529,9899bbe1e5c28cca7aebf13c69fe9c51718a7452de867596e111909d753bfcbc
2026,2026-01-26,151_SALES_DATA_NNME_26012026.DAT,C:\Users\jonat\PycharmProjects\NSWpropertyData\RawData\DAT\2026\20260126\151_SALES_DATA_NNME_26012026.DAT,5261,e8a0dd53f30b4c1784090f83ea37e9681f105e655db80565a0747702896c9bfe
2026,2026-01-26,152_SALES_DATA_NNME_26012026.DAT,C:\Users\jonat\PycharmProjects\NSWpropertyData\RawData\DAT\2026\20260126\152_SALES_DATA_NNME_26012026.DAT,24400,7d9981c739f7aebc17b71ad0007bd4f58d37c98e21d21ba3a17d3a9aa3b39903
2026,2026-01-26,157_SALES_DATA_NNME_26012026.DAT,C:\Users\jonat\PycharmProjects\NSWpropertyData\RawData\DAT\2026\20260126\157_SALES_DATA_NNME_26012026.DAT,6102,b9cda3a64a6847ab538be4aff57771e32377f554a476675fa9f7970178905b31
2026,2026-01-26,158_SALES_DATA_NNME_26012026.DAT,C:\Users\jonat\PycharmProjects\NSWpropertyData\RawData\DAT\2026\20260126\158_SALES_DATA_NNME_26012026.DAT,1751,ccd6afbc811a0370f7b94659b684dac6527886c0d8c6b8b434103582c4580e59
2026,2026-01-26,159_SALES_DATA_NNME_26012026.DAT,C:\Users\jonat\PycharmProjects\NSWpropertyData\RawData\DAT\2026\20260126\159_SALES_DATA_NNME_26012026.DAT,7263,4227aad42c6d0bf0ed423a1afb9f1bdf4cd6d76c0e7ad3b53a09589d4c851348
2026,2026-01-26,164_SALES_DATA_NNME_26012026.DAT,C:\Users\jonat\PycharmProjects\NSWpropertyData\RawData\DAT\2026\20260126\164_SALES_DATA_NNME_26012026.DAT,3309,64265cf139e8982d1f7e53308439035a7300bb6f657323df5571df82446f46b8
2026,2026-01-26,171_SALES_DATA_NNME_26012026.DAT,C:\Users\jonat\PycharmProjects\NSWpropertyData\RawData\DAT\2026\20260126\171_SALES_DATA_NNME_26012026.DAT,18525,65a6ff5d5f1b47a7f263ecc9dcc872d1b9ae149915bcae3b51917e3276b2a11d
2026,2026-01-26,187_SALES_DATA_NNME_26012026.DAT,C:\Users\jonat\PycharmProjects\NSWpropertyData\RawData\DAT\2026\20260126\187_SALES_DATA_NNME_26012026.DAT,1719,51ec1c8db7e2898a0526a890e61183f83cc6d7be383d4d4b81adb26a36d0d3bd
2026,2026-01-26,188_SALES_DATA_NNME_26012026.DAT,C:\Users\jonat\PycharmProjects\NSWpropertyData\RawData\DAT\2026\20260126\188_SALES_DATA_NNME_26012026.DAT,3218,58d52a44cea03dd89eddca9fe6293d739c3a3d040550cbe6d42bf4e1a19706e0
2026,2026-01-26,192_SALES_DATA_NNME_26012026.DAT,C:\Users\jonat\PycharmProjects\NSWpropertyData\RawData\DAT\2026\20260126\192_SALES_DATA_NNME_26012026.DAT,4994,ec6b20f7af41f6c0a91c973044773e857c4f4ac6fc24dc57df741f1a60aee83b
2026,2026-01-26,199_SALES_DATA_NNME_26012026.DAT,C:\Users\jonat\PycharmProjects\NSWpropertyData\RawData\DAT\2026\20260126\199_SALES_DATA_NNME_26012026.DAT,1459,71aff810f29e148e6324c165958e8ab5f5969ad4738bd5be6e38bc75e864b86f
2026,2026-01-26,207_SALES_DATA_NNME_26012026.DAT,C:\Users\jonat\PycharmProjects\NSWpropertyData\RawData\DAT\2026\20260126\207_SALES_DATA_NNME_26012026.DAT,24729,8987a97991b11136edecff7e4cf8989c071711fdd4cd1ed609ed6e3b8591791b
2026,2026-01-26,209_SALES_DATA_NNME_26012026.DAT,C:\Users\jonat\PycharmProjects\NSWpropertyData\RawData\DAT\2026\20260126\209_SALES_DATA_NNME_26012026.DAT,19701,865e4b4cb6e92defacd26e0085c04f75c0441af34b8643f864ea037bfa406846
2026,2026-01-26,210_SALES_DATA_NNME_26012026.DAT,C:\Users\jonat\PycharmProjects\NSWpropertyData\RawData\DAT\2026\20260126\210_SALES_DATA_NNME_26012026.DAT,13570,0f0f6d823708cd23393e4610306e44c57f1cb7c9f1f51bde78a53eb5aac2a7fd
2026,2026-01-26,214_SALES_DATA_NNME_26012026.DAT,C:\Users\jonat\PycharmProjects\NSWpropertyData\RawData\DAT\2026\20260126\214_SALES_DATA_NNME_26012026.DAT,58228,fdc2f1d7d5e061108b9cef78c1f1d30860ac54f28683ae2f772c91e5873801e9
2026,2026-01-26,216_SALES_DATA_NNME_26012026.DAT,C:\Users\jonat\PycharmProjects\NSWpropertyData\RawData\DAT\2026\20260126\216_SALES_DATA_NNME_26012026.DAT,16755,8ced7350a7358b991cb8c42d7e9136e4ac727ac899515bf2ad6ba2d5d7a1b588
2026,2026-01-26,217_SALES_DATA_NNME_26012026.DAT,C:\Users\jonat\PycharmProjects\NSWpropertyData\RawData\DAT\2026\20260126\217_SALES_DATA_NNME_26012026.DAT,24023,450302772e1ae7147353b9e833852cb1389ead5e3fe8302b366d66186f8c2571
2026,2026-01-26,218_SALES_DATA_NNME_26012026.DAT,C:\Users\jonat\PycharmProjects\NSWpropertyData\RawData\DAT\2026\20260126\218_SALES_DATA_NNME_26012026.DAT,34751,23d5405ad3dc211769dc512834d1b01ff85bf9ce8d5b5a98b8a214ddb088060d
2026,2026-01-26,219_SALES_DATA_NNME_26012026.DAT,C:\Users\jonat\PycharmProjects\NSWpropertyData\RawData\DAT\2026\20260126\219_SALES_DATA_NNME_26012026.DAT,13199,de603c09e881144f13a9f1a657d4806ff702a910d803316ae198c39020c8256a
2026,2026-01-26,220_SALES_DATA_NNME_26012026.DAT,C:\Users\jonat\PycharmProjects\NSWpropertyData\RawData\DAT\2026\20260126\220_SALES_DATA_NNME_26012026.DAT,22564,f7f77aa79f96a9f27b071a45d74ab357c9399805679b25ef5b687b121e922720
2026,2026-01-26,222_SALES_DATA_NNME_26012026.DAT,C:\Users\jonat\PycharmProjects\NSWpropertyData\RawData\DAT\2026\20260126\222_SALES_DATA_NNME_26012026.DAT,4900,2f5b23a75adc3a7a3837108ec3f8cc07f7c8c057b6ee0c2c58344a0e9f21e5e8
2026,2026-01-26,223_SALES_DATA_NNME_26012026.DAT,C:\Users\jonat\PycharmProjects\NSWpropertyData\RawData\DAT\2026\20260126\223_SALES_DATA_NNME_26012026.DAT,45226,2292d3864a525ecc63be123561f5f7353f0d38051d03a7339bf061c44103cb2d
2026,2026-01-26,224_SALES_DATA_NNME_26012026.DAT,C:\Users\jonat\PycharmProjects\NSWpropertyData\RawData\DAT\2026\20260126\224_SALES_DATA_NNME_26012026.DAT,36987,169301a46cbd82d2c6249aa9cd8d14ec138b991546d0ad78c35f719e1484b33c
2026,2026-01-26,226_SALES_DATA_NNME_26012026.DAT,C:\Users\jonat\PycharmProjects\NSWpropertyData\RawData\DAT\2026\20260126\226_SALES_DATA_NNME_26012026.DAT,17878,6353a3816def231f71b2a86d8aa2056617218f33d2e16501fa0cb456fa5b9fc5
2026,2026-01-26,231_SALES_DATA_NNME_26012026.DAT,C:\Users\jonat\PycharmProjects\NSWpropertyData\RawData\DAT\2026\20260126\231_SALES_DATA_NNME_26012026.DAT,303,fc18a2d2ad3dd332da7e40c63e0e2c0fe38bde8931520d70b9ffc540ae655172
2026,2026-01-26,232_SALES_DATA_NNME_26012026.DAT,C:\Users\jonat\PycharmProjects\NSWpropertyData\RawData\DAT\2026\20260126\232_SALES_DATA_NNME_26012026.DAT,612,933fce6d99b1a82384d2aa8845bd3ce6109f085940c5abf723a73bfa2e991d76
2026,2026-01-26,233_SALES_DATA_NNME_26012026.DAT,C:\Users\jonat\PycharmProjects\NSWpropertyData\RawData\DAT\2026\20260126\233_SALES_DATA_NNME_26012026.DAT,301,e92f5a3848a4cd43abd693d6aff7e80483bbc8e027a9cba65dc99fbcef43922c
2026,2026-01-26,234_SALES_DATA_NNME_26012026.DAT,C:\Users\jonat\PycharmProjects\NSWpropertyData\RawData\DAT\2026\20260126\234_SALES_DATA_NNME_26012026.DAT,2722,57e91681f9b6313de63fad8d980c73fe441d6498bcb5abaa1ab601af38bc0a46
2026,2026-01-26,235_SALES_DATA_NNME_26012026.DAT,C:\Users\jonat\PycharmProjects\NSWpropertyData\RawData\DAT\2026\20260126\235_SALES_DATA_NNME_26012026.DAT,744,db7dc548f34452838a04e37fff05d78aa6cbac64573490d1ebfa6f895f93aa17
2026,2026-01-26,236_SALES_DATA_NNME_26012026.DAT,C:\Users\jonat\PycharmProjects\NSWpropertyData\RawData\DAT\2026\20260126\236_SALES_DATA_NNME_26012026.DAT,964,c956e575659be40dad72f3e2085d04059b1000f3b7fd08266cd0c02438c9e921
2026,2026-01-26,238_SALES_DATA_NNME_26012026.DAT,C:\Users\jonat\PycharmProjects\NSWpropertyData\RawData\DAT\2026\20260126\238_SALES_DATA_NNME_26012026.DAT,741,70fd7d22410517a9ffa3b1dd009a3c895b7f40a884be2be067ccfbe9b4e64577
2026,2026-01-26,239_SALES_DATA_NNME_26012026.DAT,C:\Users\jonat\PycharmProjects\NSWpropertyData\RawData\DAT\2026\20260126\239_SALES_DATA_NNME_26012026.DAT,296,7e257c849c1194aebdbdefe493ec1b5f335693b1eaf68cfce829a5e83cfaee02
2026,2026-01-26,240_SALES_DATA_NNME_26012026.DAT,C:\Users\jonat\PycharmProjects\NSWpropertyData\RawData\DAT\2026\20260126\240_SALES_DATA_NNME_26012026.DAT,1081,afc60c06e15e3f148d86c21c2ec882eae86c967df61799bde1d456e06f01083e
2026,2026-01-26,243_SALES_DATA_NNME_26012026.DAT,C:\Users\jonat\PycharmProjects\NSWpropertyData\RawData\DAT\2026\20260126\243_SALES_DATA_NNME_26012026.DAT,944,60900965294cbb8eb6b52dc5906a11108f1001ad0aa01ae68e3ba076e0f3c72a
2026,2026-01-26,244_SALES_DATA_NNME_26012026.DAT,C:\Users\jonat\PycharmProjects\NSWpropertyData\RawData\DAT\2026\20260126\244_SALES_DATA_NNME_26012026.DAT,600,4eebf417ea7832c9539b876450a33edb3553aa564f7be1e38a334516b18a6ce8
2026,2026-01-26,247_SALES_DATA_NNME_26012026.DAT,C:\Users\jonat\PycharmProjects\NSWpropertyData\RawData\DAT\2026\20260126\247_SALES_DATA_NNME_26012026.DAT,3098,a3c4bb027c0b71ea86a0b16fd97e113b92bb1253ba937e923c0aa5d0095eef6d
2026,2026-01-26,250_SALES_DATA_NNME_26012026.DAT,C:\Users\jonat\PycharmProjects\NSWpropertyData\RawData\DAT\2026\20260126\250_SALES_DATA_NNME_26012026.DAT,4333,2f4c1f2b77af2131aff56b17a30c1370f3599cd4596cd07467f0d2a17ac51af9
2026,2026-01-26,251_SALES_DATA_NNME_26012026.DAT,C:\Users\jonat\PycharmProjects\NSWpropertyData\RawData\DAT\2026\20260126\251_SALES_DATA_NNME_26012026.DAT,1208,dadcc4a173048e807f1fac89c29d1297f2f896c66d21ee91b205f3794f71acb7
2026,2026-01-26,252_SALES_DATA_NNME_26012026.DAT,C:\Users\jonat\PycharmProjects\NSWpropertyData\RawData\DAT\2026\20260126\252_SALES_DATA_NNME_26012026.DAT,1665,5f3ee8f5fc994b9abc2d94b355e241a87644ee01c29d64545b1b997d0de21d53
2026,2026-01-26,253_SALES_DATA_NNME_26012026.DAT,C:\Users\jonat\PycharmProjects\NSWpropertyData\RawData\DAT\2026\20260126\253_SALES_DATA_NNME_26012026.DAT,939,bc0e7567f702f07a07bb87ee6caf743fa07d7e64b365b12c63b926ff6572e4b2
2026,2026-01-26,254_SALES_DATA_NNME_26012026.DAT,C:\Users\jonat\PycharmProjects\NSWpropertyData\RawData\DAT\2026\20260126\254_SALES_DATA_NNME_26012026.DAT,4045,7477a5264c6440a72d1c7e594bb33b9174dd020f5ce50f5bba42bab9249341e0
2026,2026-01-26,255_SALES_DATA_NNME_26012026.DAT,C:\Users\jonat\PycharmProjects\NSWpropertyData\RawData\DAT\2026\20260126\255_SALES_DATA_NNME_26012026.DAT,3217,06825ee32908ee01c2de29c596770bde2fefdb21e3d578a67b8bcf7fcc1a2309
2026,2026-01-26,257_SALES_DATA_NNME_26012026.DAT,C:\Users\jonat\PycharmProjects\NSWpropertyData\RawData\DAT\2026\20260126\257_SALES_DATA_NNME_26012026.DAT,6987,d40c74c017cbbe9d58ab33ecae1b8f234a7ef305e043ceed5762f9aa62c69e86
2026,2026-01-26,258_SALES_DATA_NNME_26012026.DAT,C:\Users\jonat\PycharmProjects\NSWpropertyData\RawData\DAT\2026\20260126\258_SALES_DATA_NNME_26012026.DAT,45552,64061b2440df3fa43a9cc883ad9004919d6435432493e32d79ed9070e9a5b086
2026,2026-01-26,259_SALES_DATA_NNME_26012026.DAT,C:\Users\jonat\PycharmProjects\NSWpropertyData\RawData\DAT\2026\20260126\259_SALES_DATA_NNME_26012026.DAT,79166,089ca46f0f426a6761a6ea24410994c517a0d29cf8865887501377e92d8c84fb
2026,2026-01-26,260_SALES_DATA_NNME_26012026.DAT,C:\Users\jonat\PycharmProjects\NSWpropertyData\RawData\DAT\2026\20260126\260_SALES_DATA_NNME_26012026.DAT,53303,27ae672879d54cc4e8ae9fdefc05f24ecddb13e75aba8e928a6064a047148a36
2026,2026-01-26,261_SALES_DATA_NNME_26012026.DAT,C:\Users\jonat\PycharmProjects\NSWpropertyData\RawData\DAT\2026\20260126\261_SALES_DATA_NNME_26012026.DAT,28765,135986b28bd378f4c2fef367e673e35a520b584fbdbb4ff121542c2d46e2872d
2026,2026-01-26,262_SALES_DATA_NNME_26012026.DAT,C:\Users\jonat\PycharmProjects\NSWpropertyData\RawData\DAT\2026\20260126\262_SALES_DATA_NNME_26012026.DAT,2539,13fe88be4c228339ea0443af8cac7004e1931d02a525585e7c2ece9b9bc7a9c8
2026,2026-01-26,263_SALES_DATA_NNME_26012026.DAT,C:\Users\jonat\PycharmProjects\NSWpropertyData\RawData\DAT\2026\20260126\263_SALES_DATA_NNME_26012026.DAT,2997,6a8047df6b1000d81571999c6fa9462d47b51e24e2ac97dab31d91fb8adc0f0c
2026,2026-01-26,264_SALES_DATA_NNME_26012026.DAT,C:\Users\jonat\PycharmProjects\NSWpropertyData\RawData\DAT\2026\20260126\264_SALES_DATA_NNME_26012026.DAT,30047,2d1f7c6b9b5a2c02fd37a0a2b155f1fa150f69eee4a6dd55405c483da0356744
2026,2026-01-26,265_SALES_DATA_NNME_26012026.DAT,C:\Users\jonat\PycharmProjects\NSWpropertyData\RawData\DAT\2026\20260126\265_SALES_DATA_NNME_26012026.DAT,3393,e19ba2d6ce7810a8f89e5acafb23f99461ce4aa0eed4cf7d5387e425a90c9bdf
2026,2026-01-26,266_SALES_DATA_NNME_26012026.DAT,C:\Users\jonat\PycharmProjects\NSWpropertyData\RawData\DAT\2026\20260126\266_SALES_DATA_NNME_26012026.DAT,5309,106c13d11b187386a39d40422068ecb6881ece20e4f09eb57f3e5fbd73ab939d
2026,2026-01-26,267_SALES_DATA_NNME_26012026.DAT,C:\Users\jonat\PycharmProjects\NSWpropertyData\RawData\DAT\2026\20260126\267_SALES_DATA_NNME_26012026.DAT,33527,a2b678b648af8321ef1f665eb218dc3f62fb45432fe501b7bf481de15c0305f8
2026,2026-01-26,268_SALES_DATA_NNME_26012026.DAT,C:\Users\jonat\PycharmProjects\NSWpropertyData\RawData\DAT\2026\20260126\268_SALES_DATA_NNME_26012026.DAT,29456,869a48c6d0899166085b2504cb6cab8283966aa364e914035dda70945b57180a
2026,2026-01-26,269_SALES_DATA_NNME_26012026.DAT,C:\Users\jonat\PycharmProjects\NSWpropertyData\RawData\DAT\2026\20260126\269_SALES_DATA_NNME_26012026.DAT,6942,e61c341937401d93ce44afa0cf6c88ae6eaae401ac9edb87d61a11aea52df671
2026,2026-01-26,270_SALES_DATA_NNME_26012026.DAT,C:\Users\jonat\PycharmProjects\NSWpropertyData\RawData\DAT\2026\20260126\270_SALES_DATA_NNME_26012026.DAT,347,2cb9ac4dfb450a9636631fcdd1c36f5cc647ad7f1a5fe362c62e7d87b8a90810
2026,2026-01-26,271_SALES_DATA_NNME_26012026.DAT,C:\Users\jonat\PycharmProjects\NSWpropertyData\RawData\DAT\2026\20260126\271_SALES_DATA_NNME_26012026.DAT,39509,14ca960bdfb6306bd0b3c67852b74913b7f78f1f91c22ba540abf40eea71e342
2026,2026-01-26,272_SALES_DATA_NNME_26012026.DAT,C:\Users\jonat\PycharmProjects\NSWpropertyData\RawData\DAT\2026\20260126\272_SALES_DATA_NNME_26012026.DAT,13549,e9cdd17af1f1faaf61cd9e73a7ba78f777c27f240e2531557a6b52f46e1874c3
2026,2026-01-26,273_SALES_DATA_NNME_26012026.DAT,C:\Users\jonat\PycharmProjects\NSWpropertyData\RawData\DAT\2026\20260126\273_SALES_DATA_NNME_26012026.DAT,4700,4c0319d9b81f61a34bcb35f13da912ef020a665b95a5a53c7ab85d0277a816b9
2026,2026-01-26,274_SALES_DATA_NNME_26012026.DAT,C:\Users\jonat\PycharmProjects\NSWpropertyData\RawData\DAT\2026\20260126\274_SALES_DATA_NNME_26012026.DAT,4121,8b7f252d1b46ba3ab1ec1f773c632d5b038ee1fb7a1a88895fb69ab833558139
2026,2026-01-26,275_SALES_DATA_NNME_26012026.DAT,C:\Users\jonat\PycharmProjects\NSWpropertyData\RawData\DAT\2026\20260126\275_SALES_DATA_NNME_26012026.DAT,14558,ee64620e2afbeac6633d0ed9da96fada29cccc0c2f1cb6a99c0096c682a79778
2026,2026-01-26,276_SALES_DATA_NNME_26012026.DAT,C:\Users\jonat\PycharmProjects\NSWpropertyData\RawData\DAT\2026\20260126\276_SALES_DATA_NNME_26012026.DAT,33229,b1f848fd617de4c1b150d74df7e10a95a86267e8a750d003b61b224bb96947e6
2026,2026-01-26,300_SALES_DATA_NNME_26012026.DAT,C:\Users\jonat\PycharmProjects\NSWpropertyData\RawData\DAT\2026\20260126\300_SALES_DATA_NNME_26012026.DAT,1128,13b816371164236923d1688c9530b20c165fa0974f98796cccc1e2b4085607c6
2026,2026-01-26,301_SALES_DATA_NNME_26012026.DAT,C:\Users\jonat\PycharmProjects\NSWpropertyData\RawData\DAT\2026\20260126\301_SALES_DATA_NNME_26012026.DAT,1502,7256a62a733c3dd0c84b4ba2f3d2412112f407a5bd09095cc93eec8bccf1a401
2026,2026-01-26,302_SALES_DATA_NNME_26012026.DAT,C:\Users\jonat\PycharmProjects\NSWpropertyData\RawData\DAT\2026\20260126\302_SALES_DATA_NNME_26012026.DAT,2570,ec98b4c59c29763108e5030cd11455514df60a55ee34b0762a476f5abd296702
2026,2026-01-26,303_SALES_DATA_NNME_26012026.DAT,C:\Users\jonat\PycharmProjects\NSWpropertyData\RawData\DAT\2026\20260126\303_SALES_DATA_NNME_26012026.DAT,12760,95a267ab083ac4417743e3b807f4fe535f7b5b5d361b3d78e43c159aa4737795
2026,2026-01-26,511_SALES_DATA_NNME_26012026.DAT,C:\Users\jonat\PycharmProjects\NSWpropertyData\RawData\DAT\2026\20260126\511_SALES_DATA_NNME_26012026.DAT,4726,59dc7a3a0afda031d9bfcb00ee829c3e9605e5cd1643dadec6a3843174c5c185
2026,2026-01-26,526_SALES_DATA_NNME_26012026.DAT,C:\Users\jonat\PycharmProjects\NSWpropertyData\RawData\DAT\2026\20260126\526_SALES_DATA_NNME_26012026.DAT,3065,8cbe5c267e76e0154a70b064cab3233dafc8a4f1711ac48926ba0a192a8dc453
2026,2026-01-26,528_SALES_DATA_NNME_26012026.DAT,C:\Users\jonat\PycharmProjects\NSWpropertyData\RawData\DAT\2026\20260126\528_SALES_DATA_NNME_26012026.DAT,2653,0daa840000080d802e73a34880c3c4a01f6125a63170b54bf4fd3ba398f0b852
2026,2026-01-26,529_SALES_DATA_NNME_26012026.DAT,C:\Users\jonat\PycharmProjects\NSWpropertyData\RawData\DAT\2026\20260126\529_SALES_DATA_NNME_26012026.DAT,11363,5aee86bcd69cd6cf4ac24eef98fe5e55381c0ee157927ba57f148129b6e9365c
2026,2026-01-26,537_SALES_DATA_NNME_26012026.DAT,C:\Users\jonat\PycharmProjects\NSWpropertyData\RawData\DAT\2026\20260126\537_SALES_DATA_NNME_26012026.DAT,3637,06f16a146a4b5dfdbcfecd421823c324dccc00ea57a2e6ff63ef986ca0564e84
2026,2026-01-26,538_SALES_DATA_NNME_26012026.DAT,C:\Users\jonat\PycharmProjects\NSWpropertyData\RawData\DAT\2026\20260126\538_SALES_DATA_NNME_26012026.DAT,2035,9b8486b3d1e3741c597636ca0b24f7dea79127ef34bc39853d620f4b3ac6282d
2026,2026-01-26,560_SALES_DATA_NNME_26012026.DAT,C:\Users\jonat\PycharmProjects\NSWpropertyData\RawData\DAT\2026\20260126\560_SALES_DATA_NNME_26012026.DAT,1771,524efdd53aab86391024c352b2746d2ed751490ad9687c7af349d540dbf32c80
2026,2026-01-26,575_SALES_DATA_NNME_26012026.DAT,C:\Users\jonat\PycharmProjects\NSWpropertyData\RawData\DAT\2026\20260126\575_SALES_DATA_NNME_26012026.DAT,17844,a4295fd5589f6ea34894526503918e51426e5477f91866073cf619c545a396b0
2026,2026-01-26,608_SALES_DATA_NNME_26012026.DAT,C:\Users\jonat\PycharmProjects\NSWpropertyData\RawData\DAT\2026\20260126\608_SALES_DATA_NNME_26012026.DAT,9395,eba5cf7387167c4cf291869cde33687391a9a48da8a12a7041f5fe4d6ff8f5c7
2026,2026-01-26,620_SALES_DATA_NNME_26012026.DAT,C:\Users\jonat\PycharmProjects\NSWpropertyData\RawData\DAT\2026\20260126\620_SALES_DATA_NNME_26012026.DAT,8780,cb8905805a327026a460866a91c22358d80ce658a867f56effde6f26b021365b
2026,2026-01-26,656_SALES_DATA_NNME_26012026.DAT,C:\Users\jonat\PycharmProjects\NSWpropertyData\RawData\DAT\2026\20260126\656_SALES_DATA_NNME_26012026.DAT,28654,3b0f87240dc2931c6ef40be04d13e79f56e5e11269d9981948d467d36a235490
2026,2026-01-26,666_SALES_DATA_NNME_26012026.DAT,C:\Users\jonat\PycharmProjects\NSWpropertyData\RawData\DAT\2026\20260126\666_SALES_DATA_NNME_26012026.DAT,14929,45d5d51bf41f9b9394a9920f06861bdefd13e236e21811b59a0dfa436a66d50d
2026,2026-01-26,708_SALES_DATA_NNME_26012026.DAT,C:\Users\jonat\PycharmProjects\NSWpropertyData\RawData\DAT\2026\20260126\708_SALES_DATA_NNME_26012026.DAT,64241,8ccb86056bd676cdb16881fe7999f42c85020fb8bb0e1149649abcd768a175cc
2026,2026-02-02,001_SALES_DATA_NNME_02022026.DAT,C:\Users\jonat\PycharmProjects\NSWpropertyData\RawData\DAT\2026\20260202\001_SALES_DATA_NNME_02022026.DAT,9274,cde8e12cb82bfea7d93623f86d1333cd6e8150c1c1379ec0cc68c25e788673c3
2026,2026-02-02,002_SALES_DATA_NNME_02022026.DAT,C:\Users\jonat\PycharmProjects\NSWpropertyData\RawData\DAT\2026\20260202\002_SALES_DATA_NNME_02022026.DAT,2099,30c401c2871719395f92912f392b46ee6ce412c6919bb2dacd7ad75b5e0b22b6
2026,2026-02-02,004_SALES_DATA_NNME_02022026.DAT,C:\Users\jonat\PycharmProjects\NSWpropertyData\RawData\DAT\2026\20260202\004_SALES_DATA_NNME_02022026.DAT,24865,c88fb50abe2915b3aba38a6eb2101c6a24bc73a0020ee8c63faeb0a7d981e75e
2026,2026-02-02,005_SALES_DATA_NNME_02022026.DAT,C:\Users\jonat\PycharmProjects\NSWpropertyData\RawData\DAT\2026\20260202\005_SALES_DATA_NNME_02022026.DAT,12675,cfcb97c4153fa8ce0aa7250fafefa48e6c7b99706d1233a063ad4db6abba7b87
2026,2026-02-02,007_SALES_DATA_NNME_02022026.DAT,C:\Users\jonat\PycharmProjects\NSWpropertyData\RawData\DAT\2026\20260202\007_SALES_DATA_NNME_02022026.DAT,4965,5b315f35fa7e8e95e619f6e306b4163140bffc4361ad0aed9b65f30a4bb83b0b
2026,2026-02-02,008_SALES_DATA_NNME_02022026.DAT,C:\Users\jonat\PycharmProjects\NSWpropertyData\RawData\DAT\2026\20260202\008_SALES_DATA_NNME_02022026.DAT,22652,672dacf69cca9a51296e803e681689a7ec4b130fcf46c1badeca26441dbfa30b
2026,2026-02-02,010_SALES_DATA_NNME_02022026.DAT,C:\Users\jonat\PycharmProjects\NSWpropertyData\RawData\DAT\2026\20260202\010_SALES_DATA_NNME_02022026.DAT,10546,32b2aa3d829ea3bdeb7a42898610a7ab77dc0a673d1b09361f7a7ced18804468
2026,2026-02-02,012_SALES_DATA_NNME_02022026.DAT,C:\Users\jonat\PycharmProjects\NSWpropertyData\RawData\DAT\2026\20260202\012_SALES_DATA_NNME_02022026.DAT,5105,037b83aeb91828d82e7ec0a4832295409f1480f988156581b621a6eb1a7f395e
2026,2026-02-02,018_SALES_DATA_NNME_02022026.DAT,C:\Users\jonat\PycharmProjects\NSWpropertyData\RawData\DAT\2026\20260202\018_SALES_DATA_NNME_02022026.DAT,3205,ccdcefe57a274ef7ccdaeb299f416653fed08dbada2e82883d5d0c50de34789f
2026,2026-02-02,042_SALES_DATA_NNME_02022026.DAT,C:\Users\jonat\PycharmProjects\NSWpropertyData\RawData\DAT\2026\20260202\042_SALES_DATA_NNME_02022026.DAT,2812,8e7693be3a350de02f5c1d46c43bb8a93e58d41c366d1e2b0cdf1af63b61966c
2026,2026-02-02,043_SALES_DATA_NNME_02022026.DAT,C:\Users\jonat\PycharmProjects\NSWpropertyData\RawData\DAT\2026\20260202\043_SALES_DATA_NNME_02022026.DAT,335,4f76ffd6950821f14997ca7cffdc9761ab7a749b30b2799472cd16b1b40afc76
2026,2026-02-02,050_SALES_DATA_NNME_02022026.DAT,C:\Users\jonat\PycharmProjects\NSWpropertyData\RawData\DAT\2026\20260202\050_SALES_DATA_NNME_02022026.DAT,9951,dc9c4f0fd96f1c3edad06f9446c79d4467e6708085efd3e7a53f7e4395b3832c
2026,2026-02-02,051_SALES_DATA_NNME_02022026.DAT,C:\Users\jonat\PycharmProjects\NSWpropertyData\RawData\DAT\2026\20260202\051_SALES_DATA_NNME_02022026.DAT,1658,f1ce0ab44b59eb487ed08715f6e1d01aeb64ee84435f50101a57ac083c93a4c1
2026,2026-02-02,052_SALES_DATA_NNME_02022026.DAT,C:\Users\jonat\PycharmProjects\NSWpropertyData\RawData\DAT\2026\20260202\052_SALES_DATA_NNME_02022026.DAT,369,d9d2510ec859e415f6b610996bb4ef82edc9f8de00f5321f2c6747f5633adf93
2026,2026-02-02,054_SALES_DATA_NNME_02022026.DAT,C:\Users\jonat\PycharmProjects\NSWpropertyData\RawData\DAT\2026\20260202\054_SALES_DATA_NNME_02022026.DAT,867,93811aa1e8d7b8ef453f6abdaf9db6352db69055801a721166ffaf209ce22637
2026,2026-02-02,061_SALES_DATA_NNME_02022026.DAT,C:\Users\jonat\PycharmProjects\NSWpropertyData\RawData\DAT\2026\20260202\061_SALES_DATA_NNME_02022026.DAT,295,96f9a323d8ac5140bc7ce0a19f51054428fd1f9b89ee79670fe97cedab6cff44
2026,2026-02-02,066_SALES_DATA_NNME_02022026.DAT,C:\Users\jonat\PycharmProjects\NSWpropertyData\RawData\DAT\2026\20260202\066_SALES_DATA_NNME_02022026.DAT,594,78210f68dec54fc2547b6204ad7d3ccac1918f9e6be2c1494f7d4532354bd523
2026,2026-02-02,070_SALES_DATA_NNME_02022026.DAT,C:\Users\jonat\PycharmProjects\NSWpropertyData\RawData\DAT\2026\20260202\070_SALES_DATA_NNME_02022026.DAT,1348,5a0edce2221b803ad3137f45420b85e6d8fc15012e0ec7e59513c987bcd926fa
2026,2026-02-02,074_SALES_DATA_NNME_02022026.DAT,C:\Users\jonat\PycharmProjects\NSWpropertyData\RawData\DAT\2026\20260202\074_SALES_DATA_NNME_02022026.DAT,2496,f02322b261d4e8c49e3356b689c3590be0475ceecada52e6383546ef36940f47
2026,2026-02-02,081_SALES_DATA_NNME_02022026.DAT,C:\Users\jonat\PycharmProjects\NSWpropertyData\RawData\DAT\2026\20260202\081_SALES_DATA_NNME_02022026.DAT,24166,4a8626d9f62eb36b348f477090fa8c0bf063aff12fe4204ddf38baeee19cc6f1
2026,2026-02-02,082_SALES_DATA_NNME_02022026.DAT,C:\Users\jonat\PycharmProjects\NSWpropertyData\RawData\DAT\2026\20260202\082_SALES_DATA_NNME_02022026.DAT,12783,6ab924db6318822c640165bf9c10929dcaa3f528e04673018dc47c166b92925c
2026,2026-02-02,083_SALES_DATA_NNME_02022026.DAT,C:\Users\jonat\PycharmProjects\NSWpropertyData\RawData\DAT\2026\20260202\083_SALES_DATA_NNME_02022026.DAT,1342,b9e754a5f1349530a59745eb8531b9734ce0ac491b47d3c7525e6b5eb3cb7bde
2026,2026-02-02,084_SALES_DATA_NNME_02022026.DAT,C:\Users\jonat\PycharmProjects\NSWpropertyData\RawData\DAT\2026\20260202\084_SALES_DATA_NNME_02022026.DAT,15213,7a32d4ba6abcbb0ebc795c69f1d74b58876480570b98e88cd5e3408d137388f5
2026,2026-02-02,085_SALES_DATA_NNME_02022026.DAT,C:\Users\jonat\PycharmProjects\NSWpropertyData\RawData\DAT\2026\20260202\085_SALES_DATA_NNME_02022026.DAT,5285,258ebc25cc8efb8a8c8f0c03430e14ea8f43d25090b69ab4709d4acdbfd90e9d
2026,2026-02-02,087_SALES_DATA_NNME_02022026.DAT,C:\Users\jonat\PycharmProjects\NSWpropertyData\RawData\DAT\2026\20260202\087_SALES_DATA_NNME_02022026.DAT,3008,fe8a0c9d5aa9a0fcab252370c19d4524501d8ac1b444df2ce95b3f2b3c6d2868
2026,2026-02-02,088_SALES_DATA_NNME_02022026.DAT,C:\Users\jonat\PycharmProjects\NSWpropertyData\RawData\DAT\2026\20260202\088_SALES_DATA_NNME_02022026.DAT,13340,a360df92487b820d6fec2d434060a384bf7fa3da30f3525ee3c3b89f2984966d
2026,2026-02-02,090_SALES_DATA_NNME_02022026.DAT,C:\Users\jonat\PycharmProjects\NSWpropertyData\RawData\DAT\2026\20260202\090_SALES_DATA_NNME_02022026.DAT,14586,4b502569a3c635088086168db5842f06e2bdc2bc682da50fbeb18392b84f1a70
2026,2026-02-02,092_SALES_DATA_NNME_02022026.DAT,C:\Users\jonat\PycharmProjects\NSWpropertyData\RawData\DAT\2026\20260202\092_SALES_DATA_NNME_02022026.DAT,19388,b4286d9b25f2e1d6bfcc871ea6255a0ecac3a9402195a16d4fb583ef7306f1ef
2026,2026-02-02,097_SALES_DATA_NNME_02022026.DAT,C:\Users\jonat\PycharmProjects\NSWpropertyData\RawData\DAT\2026\20260202\097_SALES_DATA_NNME_02022026.DAT,8407,37a4d1436478c00f92824f4eef23c9a0dba61d821c44b80f517f0a4317b2d196
2026,2026-02-02,098_SALES_DATA_NNME_02022026.DAT,C:\Users\jonat\PycharmProjects\NSWpropertyData\RawData\DAT\2026\20260202\098_SALES_DATA_NNME_02022026.DAT,1837,e0e5368e55d4d53824f42a895e1aafd2b677f7487c17ae76c9a6658c28fd2680
2026,2026-02-02,100_SALES_DATA_NNME_02022026.DAT,C:\Users\jonat\PycharmProjects\NSWpropertyData\RawData\DAT\2026\20260202\100_SALES_DATA_NNME_02022026.DAT,10440,3db7113e78d31cede2f67d8251e4cd30dee38d4ec9659957b84e3a9d63bff21c
2026,2026-02-02,101_SALES_DATA_NNME_02022026.DAT,C:\Users\jonat\PycharmProjects\NSWpropertyData\RawData\DAT\2026\20260202\101_SALES_DATA_NNME_02022026.DAT,18038,865fe54a368953c708806f137eb96672af6406ea5fba080fe421e4ca5590c25f
2026,2026-02-02,102_SALES_DATA_NNME_02022026.DAT,C:\Users\jonat\PycharmProjects\NSWpropertyData\RawData\DAT\2026\20260202\102_SALES_DATA_NNME_02022026.DAT,11619,ae63957176d981ae092cf8e06d0780b8ed715f4f25962f33ec6cea2639cb4ab1
2026,2026-02-02,103_SALES_DATA_NNME_02022026.DAT,C:\Users\jonat\PycharmProjects\NSWpropertyData\RawData\DAT\2026\20260202\103_SALES_DATA_NNME_02022026.DAT,24304,bc726661bfc81c413fe63e4364740b1507859850f3a2a0dcf38ff8436f54eddf
2026,2026-02-02,109_SALES_DATA_NNME_02022026.DAT,C:\Users\jonat\PycharmProjects\NSWpropertyData\RawData\DAT\2026\20260202\109_SALES_DATA_NNME_02022026.DAT,1755,65ce5c61b09f5e01b4293cb7a21e3dac63e4bc78e70d1d2ad22e204503ff75be
2026,2026-02-02,116_SALES_DATA_NNME_02022026.DAT,C:\Users\jonat\PycharmProjects\NSWpropertyData\RawData\DAT\2026\20260202\116_SALES_DATA_NNME_02022026.DAT,1848,851fb70e63d4568ffe0d45ac773778be17a75628e291babc74e9fba4abb444f1
2026,2026-02-02,117_SALES_DATA_NNME_02022026.DAT,C:\Users\jonat\PycharmProjects\NSWpropertyData\RawData\DAT\2026\20260202\117_SALES_DATA_NNME_02022026.DAT,1852,405a690aa04adc65c337a2ba17b4dfef60b225d29361ededc2dbd123f160f7d5
2026,2026-02-02,118_SALES_DATA_NNME_02022026.DAT,C:\Users\jonat\PycharmProjects\NSWpropertyData\RawData\DAT\2026\20260202\118_SALES_DATA_NNME_02022026.DAT,660,f2c010563d7fa7fec7a572325daa50b18ce28aea3b50ff0abdbfb33dbef07503
2026,2026-02-02,123_SALES_DATA_NNME_02022026.DAT,C:\Users\jonat\PycharmProjects\NSWpropertyData\RawData\DAT\2026\20260202\123_SALES_DATA_NNME_02022026.DAT,1867,f2225d2e66574b607d69041830c9e829166d2673d5a53d9cf585b0a261c77eed
2026,2026-02-02,124_SALES_DATA_NNME_02022026.DAT,C:\Users\jonat\PycharmProjects\NSWpropertyData\RawData\DAT\2026\20260202\124_SALES_DATA_NNME_02022026.DAT,10069,1dbb41212a1fdae70321c5ff35c77f9761f3bb023d738155ddabbcc971c2afc3
2026,2026-02-02,137_SALES_DATA_NNME_02022026.DAT,C:\Users\jonat\PycharmProjects\NSWpropertyData\RawData\DAT\2026\20260202\137_SALES_DATA_NNME_02022026.DAT,4742,cc89d6307f40be0e0e4586ef0491309703d7711ea0d1fc79a4b52f705bc4276c
2026,2026-02-02,139_SALES_DATA_NNME_02022026.DAT,C:\Users\jonat\PycharmProjects\NSWpropertyData\RawData\DAT\2026\20260202\139_SALES_DATA_NNME_02022026.DAT,11739,c3014e1a619b2b48495d0a5c22bc1c9789a5e6f75d4d074228646e08e0c3136c
2026,2026-02-02,143_SALES_DATA_NNME_02022026.DAT,C:\Users\jonat\PycharmProjects\NSWpropertyData\RawData\DAT\2026\20260202\143_SALES_DATA_NNME_02022026.DAT,7742,182d67108a43c77311ef2288446515cdeda76593588157f0fc6ab9dc541739f5
2026,2026-02-02,144_SALES_DATA_NNME_02022026.DAT,C:\Users\jonat\PycharmProjects\NSWpropertyData\RawData\DAT\2026\20260202\144_SALES_DATA_NNME_02022026.DAT,34029,b15af5310ae6b68f5184d8a11887386ea1c5b2d1042992cc57aa4291346f5be0
2026,2026-02-02,148_SALES_DATA_NNME_02022026.DAT,C:\Users\jonat\PycharmProjects\NSWpropertyData\RawData\DAT\2026\20260202\148_SALES_DATA_NNME_02022026.DAT,4059,5262cd4420e434e462cb870787460b8c27f24e848a24ec7d510b8e98f72ecda9
2026,2026-02-02,149_SALES_DATA_NNME_02022026.DAT,C:\Users\jonat\PycharmProjects\NSWpropertyData\RawData\DAT\2026\20260202\149_SALES_DATA_NNME_02022026.DAT,2319,d6ca83b950f4dd34b91a3adcda13b600bde66342e2d5f2138768c059de295063
2026,2026-02-02,150_SALES_DATA_NNME_02022026.DAT,C:\Users\jonat\PycharmProjects\NSWpropertyData\RawData\DAT\2026\20260202\150_SALES_DATA_NNME_02022026.DAT,4457,7713edc0a2317392a81a580424d86e4c382edf2a8c1300347234a2683eede2e4
2026,2026-02-02,151_SALES_DATA_NNME_02022026.DAT,C:\Users\jonat\PycharmProjects\NSWpropertyData\RawData\DAT\2026\20260202\151_SALES_DATA_NNME_02022026.DAT,895,0693d6e6731ca1542ec3b29aac5f1c6707180b9c2c76c2a95598d226d829449d
2026,2026-02-02,152_SALES_DATA_NNME_02022026.DAT,C:\Users\jonat\PycharmProjects\NSWpropertyData\RawData\DAT\2026\20260202\152_SALES_DATA_NNME_02022026.DAT,6808,c18932676fe5939d4d61bf37db9f8ccd5b156081d0159b0deb9b87c1ce040c48
2026,2026-02-02,157_SALES_DATA_NNME_02022026.DAT,C:\Users\jonat\PycharmProjects\NSWpropertyData\RawData\DAT\2026\20260202\157_SALES_DATA_NNME_02022026.DAT,4496,22e2afbb29fde2870edc49f4f106743be6ac4b618c4d45d5ced7c1bb2dbfd6e8
2026,2026-02-02,158_SALES_DATA_NNME_02022026.DAT,C:\Users\jonat\PycharmProjects\NSWpropertyData\RawData\DAT\2026\20260202\158_SALES_DATA_NNME_02022026.DAT,636,f3b71143ebc7078c147ff6bc0ac861830f1bd7044c997e9b1e40367b05d62ec9
2026,2026-02-02,159_SALES_DATA_NNME_02022026.DAT,C:\Users\jonat\PycharmProjects\NSWpropertyData\RawData\DAT\2026\20260202\159_SALES_DATA_NNME_02022026.DAT,4452,192444d0b5ff68f4bcfb773678757025394d4b862db366f3419fcf0acdc7f677
2026,2026-02-02,164_SALES_DATA_NNME_02022026.DAT,C:\Users\jonat\PycharmProjects\NSWpropertyData\RawData\DAT\2026\20260202\164_SALES_DATA_NNME_02022026.DAT,3759,e2052cfd725ae79212bd5d35012b26ada303c272fad4106b8c12360dba489472
2026,2026-02-02,171_SALES_DATA_NNME_02022026.DAT,C:\Users\jonat\PycharmProjects\NSWpropertyData\RawData\DAT\2026\20260202\171_SALES_DATA_NNME_02022026.DAT,14382,67a6cfebd5ce7da84833913ffdb5a7811c8f28c27b31122979d7a5a80c40887e
2026,2026-02-02,187_SALES_DATA_NNME_02022026.DAT,C:\Users\jonat\PycharmProjects\NSWpropertyData\RawData\DAT\2026\20260202\187_SALES_DATA_NNME_02022026.DAT,1681,2dde89801c86059baac02da744a6b6f77463e0ededbb8e22faa6146d62d9d663
2026,2026-02-02,188_SALES_DATA_NNME_02022026.DAT,C:\Users\jonat\PycharmProjects\NSWpropertyData\RawData\DAT\2026\20260202\188_SALES_DATA_NNME_02022026.DAT,4124,bbd26cb3779f9c0e0f16b35916b3eb72bb813e336831539ce59c58dd6076ebf4
2026,2026-02-02,192_SALES_DATA_NNME_02022026.DAT,C:\Users\jonat\PycharmProjects\NSWpropertyData\RawData\DAT\2026\20260202\192_SALES_DATA_NNME_02022026.DAT,1876,913cde8f3337d556fdf8e7624236542bbd9369eeed7cbdf8140a0cfad0c96e71
2026,2026-02-02,199_SALES_DATA_NNME_02022026.DAT,C:\Users\jonat\PycharmProjects\NSWpropertyData\RawData\DAT\2026\20260202\199_SALES_DATA_NNME_02022026.DAT,1019,0165e097d0225e56a915aef3a0a1073826b800a2c0f70023f1dbee78bf1e8edd
2026,2026-02-02,207_SALES_DATA_NNME_02022026.DAT,C:\Users\jonat\PycharmProjects\NSWpropertyData\RawData\DAT\2026\20260202\207_SALES_DATA_NNME_02022026.DAT,15423,a5115883a23a0fdaf3009b306a6b5d16284b3e889d95fc0c9e9b23c92d693b4b
2026,2026-02-02,209_SALES_DATA_NNME_02022026.DAT,C:\Users\jonat\PycharmProjects\NSWpropertyData\RawData\DAT\2026\20260202\209_SALES_DATA_NNME_02022026.DAT,5094,410648a60f2c358e856a15721dac8d3a7cf89284ebc91f462efd1d844a67367c
2026,2026-02-02,210_SALES_DATA_NNME_02022026.DAT,C:\Users\jonat\PycharmProjects\NSWpropertyData\RawData\DAT\2026\20260202\210_SALES_DATA_NNME_02022026.DAT,17370,881d1f8d97fae551c97905e5dbc07fdc8ea76821d347ed59a8ed3e89e1d93a4b
2026,2026-02-02,214_SALES_DATA_NNME_02022026.DAT,C:\Users\jonat\PycharmProjects\NSWpropertyData\RawData\DAT\2026\20260202\214_SALES_DATA_NNME_02022026.DAT,54019,c8b40e83ba629642fe3eb9e487516b51312713a03e31e4320d55d99df3ebff5a
2026,2026-02-02,216_SALES_DATA_NNME_02022026.DAT,C:\Users\jonat\PycharmProjects\NSWpropertyData\RawData\DAT\2026\20260202\216_SALES_DATA_NNME_02022026.DAT,10371,21c6231b58c759e32304fecbf05bbffad0d0539bd890302575402473dc511c21
2026,2026-02-02,217_SALES_DATA_NNME_02022026.DAT,C:\Users\jonat\PycharmProjects\NSWpropertyData\RawData\DAT\2026\20260202\217_SALES_DATA_NNME_02022026.DAT,14230,9f454c876c18c3db6f46d678358168255cac36b48747215351967439c951a8f5
2026,2026-02-02,218_SALES_DATA_NNME_02022026.DAT,C:\Users\jonat\PycharmProjects\NSWpropertyData\RawData\DAT\2026\20260202\218_SALES_DATA_NNME_02022026.DAT,12590,2c6b7616626e8853fd484292d28199e6b2c16a149a136e1c3ca0a656cb4d499d
2026,2026-02-02,219_SALES_DATA_NNME_02022026.DAT,C:\Users\jonat\PycharmProjects\NSWpropertyData\RawData\DAT\2026\20260202\219_SALES_DATA_NNME_02022026.DAT,10579,3679f7b70a2a30adfb20c8655079884914d7723c29254748aad68a49a095b05b
2026,2026-02-02,220_SALES_DATA_NNME_02022026.DAT,C:\Users\jonat\PycharmProjects\NSWpropertyData\RawData\DAT\2026\20260202\220_SALES_DATA_NNME_02022026.DAT,15197,e4eea9cb15db014db2578db91f2efc0ed606cd10b255abb915dd9010d13c9950
2026,2026-02-02,222_SALES_DATA_NNME_02022026.DAT,C:\Users\jonat\PycharmProjects\NSWpropertyData\RawData\DAT\2026\20260202\222_SALES_DATA_NNME_02022026.DAT,3118,7e0ed54f6cc7d2b76adad0c817ebca385a17ad415ae800a6433896920761be32
2026,2026-02-02,223_SALES_DATA_NNME_02022026.DAT,C:\Users\jonat\PycharmProjects\NSWpropertyData\RawData\DAT\2026\20260202\223_SALES_DATA_NNME_02022026.DAT,28396,bc7fa828d4ca1a826e4a2e2a40dba9e04aa4beca3a9f2e588c573bffed79cb7b
2026,2026-02-02,224_SALES_DATA_NNME_02022026.DAT,C:\Users\jonat\PycharmProjects\NSWpropertyData\RawData\DAT\2026\20260202\224_SALES_DATA_NNME_02022026.DAT,20638,aef071de6528df1b0a363f6378539725cb954f722c6c992dd189aec0d9193adf
2026,2026-02-02,226_SALES_DATA_NNME_02022026.DAT,C:\Users\jonat\PycharmProjects\NSWpropertyData\RawData\DAT\2026\20260202\226_SALES_DATA_NNME_02022026.DAT,10724,1c0523842a07151460b0f9271ad198c048437a1d4a74f76b0e7b20be8fe31748
2026,2026-02-02,231_SALES_DATA_NNME_02022026.DAT,C:\Users\jonat\PycharmProjects\NSWpropertyData\RawData\DAT\2026\20260202\231_SALES_DATA_NNME_02022026.DAT,416,9e7865c5cc73ac91adc2583997e13ebb30686d46a94af807d5ca7cffff564abf
2026,2026-02-02,233_SALES_DATA_NNME_02022026.DAT,C:\Users\jonat\PycharmProjects\NSWpropertyData\RawData\DAT\2026\20260202\233_SALES_DATA_NNME_02022026.DAT,581,2bb9512d7b0bb927af84284f4ca848f8f91d13fd43219d4f52164008e73b539b
2026,2026-02-02,234_SALES_DATA_NNME_02022026.DAT,C:\Users\jonat\PycharmProjects\NSWpropertyData\RawData\DAT\2026\20260202\234_SALES_DATA_NNME_02022026.DAT,5050,06862f4110091d2fadb4206b9255c11dbb6a9cd237945ae3e1e59dbecab49fb7
2026,2026-02-02,235_SALES_DATA_NNME_02022026.DAT,C:\Users\jonat\PycharmProjects\NSWpropertyData\RawData\DAT\2026\20260202\235_SALES_DATA_NNME_02022026.DAT,2452,e263f8f05c5e1b5ed2dfcb7ee333e24bdd110a12d07b0b637597ec6729cd3faa
2026,2026-02-02,236_SALES_DATA_NNME_02022026.DAT,C:\Users\jonat\PycharmProjects\NSWpropertyData\RawData\DAT\2026\20260202\236_SALES_DATA_NNME_02022026.DAT,858,4f34454854742f72eba288e49deb47ee4e1a611a5a0d08337443d69482de5183
2026,2026-02-02,238_SALES_DATA_NNME_02022026.DAT,C:\Users\jonat\PycharmProjects\NSWpropertyData\RawData\DAT\2026\20260202\238_SALES_DATA_NNME_02022026.DAT,710,88b3bcfe8087588ef62f535ce028321bed07d7629176b191a7f5a005966d7cfe
2026,2026-02-02,239_SALES_DATA_NNME_02022026.DAT,C:\Users\jonat\PycharmProjects\NSWpropertyData\RawData\DAT\2026\20260202\239_SALES_DATA_NNME_02022026.DAT,574,04d1720a7a15a369ad75477db1e92ec1b83527f2c3911b416cacce4b4bcbc7e8
2026,2026-02-02,240_SALES_DATA_NNME_02022026.DAT,C:\Users\jonat\PycharmProjects\NSWpropertyData\RawData\DAT\2026\20260202\240_SALES_DATA_NNME_02022026.DAT,660,de8ed755ec00365ddd285e50339ad67ff35bc9447d349cfdddcf78832fb1de5f
2026,2026-02-02,243_SALES_DATA_NNME_02022026.DAT,C:\Users\jonat\PycharmProjects\NSWpropertyData\RawData\DAT\2026\20260202\243_SALES_DATA_NNME_02022026.DAT,574,de22985ce66318199c5cdaf48555b9845e5964482716de95a7f6362ecc8b9720
2026,2026-02-02,244_SALES_DATA_NNME_02022026.DAT,C:\Users\jonat\PycharmProjects\NSWpropertyData\RawData\DAT\2026\20260202\244_SALES_DATA_NNME_02022026.DAT,337,863781312c5cc65a45ffe21d34eab30c2d4f724b758ef196002555688ff90cb2
2026,2026-02-02,247_SALES_DATA_NNME_02022026.DAT,C:\Users\jonat\PycharmProjects\NSWpropertyData\RawData\DAT\2026\20260202\247_SALES_DATA_NNME_02022026.DAT,938,9a4ef4378533a3de8c573e6c4357f0c58ff38a850117f49e75ed40d789a889c3
2026,2026-02-02,250_SALES_DATA_NNME_02022026.DAT,C:\Users\jonat\PycharmProjects\NSWpropertyData\RawData\DAT\2026\20260202\250_SALES_DATA_NNME_02022026.DAT,1484,972db00c600b043409eff1ca26851e05c7cac426bae72c0fb4dc2871e60d7dd1
2026,2026-02-02,251_SALES_DATA_NNME_02022026.DAT,C:\Users\jonat\PycharmProjects\NSWpropertyData\RawData\DAT\2026\20260202\251_SALES_DATA_NNME_02022026.DAT,1654,798dbf15d382745304f3fd043e03dd7098580512fbb585cf0c0c6cd835ffae9e
2026,2026-02-02,252_SALES_DATA_NNME_02022026.DAT,C:\Users\jonat\PycharmProjects\NSWpropertyData\RawData\DAT\2026\20260202\252_SALES_DATA_NNME_02022026.DAT,1168,a7ccb0b79a5047e7510930a12f705d3973fa1d9800640b5cd8af8c2d108875cf
2026,2026-02-02,253_SALES_DATA_NNME_02022026.DAT,C:\Users\jonat\PycharmProjects\NSWpropertyData\RawData\DAT\2026\20260202\253_SALES_DATA_NNME_02022026.DAT,2673,de5957dda8c56353e98e5aa5b1688a71aeb19650061edafb3732dac94458eec1
2026,2026-02-02,254_SALES_DATA_NNME_02022026.DAT,C:\Users\jonat\PycharmProjects\NSWpropertyData\RawData\DAT\2026\20260202\254_SALES_DATA_NNME_02022026.DAT,297,6563995fd082217da6a97d5c9fa279e7ce7647d3e1ef4145d14ddab3dd972c52
2026,2026-02-02,255_SALES_DATA_NNME_02022026.DAT,C:\Users\jonat\PycharmProjects\NSWpropertyData\RawData\DAT\2026\20260202\255_SALES_DATA_NNME_02022026.DAT,3551,f6e455b91e06acf597a092362589e00525b18b543b2f821c0e7fd9b3d58cba81
2026,2026-02-02,257_SALES_DATA_NNME_02022026.DAT,C:\Users\jonat\PycharmProjects\NSWpropertyData\RawData\DAT\2026\20260202\257_SALES_DATA_NNME_02022026.DAT,6885,43d5183f39fa9f78f3154365cfb94aafa0542016773399c2e2f8d2f2f591df82
2026,2026-02-02,258_SALES_DATA_NNME_02022026.DAT,C:\Users\jonat\PycharmProjects\NSWpropertyData\RawData\DAT\2026\20260202\258_SALES_DATA_NNME_02022026.DAT,36736,508e9e9525628614dce35696f422e51013827b77801af41a9ff7aad8aaf3090e
2026,2026-02-02,259_SALES_DATA_NNME_02022026.DAT,C:\Users\jonat\PycharmProjects\NSWpropertyData\RawData\DAT\2026\20260202\259_SALES_DATA_NNME_02022026.DAT,48150,c4edcc03839d6551489393898317f3cf77e88b6df783a5d2622896ceadeacf25
2026,2026-02-02,260_SALES_DATA_NNME_02022026.DAT,C:\Users\jonat\PycharmProjects\NSWpropertyData\RawData\DAT\2026\20260202\260_SALES_DATA_NNME_02022026.DAT,31650,b39d989b9249b020385c3c6f2a1388fac7ef6ab43732a612d908aeedb9016077
2026,2026-02-02,261_SALES_DATA_NNME_02022026.DAT,C:\Users\jonat\PycharmProjects\NSWpropertyData\RawData\DAT\2026\20260202\261_SALES_DATA_NNME_02022026.DAT,22025,b57f85942f5dbca14b7d41c7afa0067f801ed175a09c19fa5fc33aefbb9e54e9
2026,2026-02-02,262_SALES_DATA_NNME_02022026.DAT,C:\Users\jonat\PycharmProjects\NSWpropertyData\RawData\DAT\2026\20260202\262_SALES_DATA_NNME_02022026.DAT,1049,5ce771b53a9e891f219a2fbd3ec59f48233d1a0e958b988f501f01b2ffcfda14
2026,2026-02-02,263_SALES_DATA_NNME_02022026.DAT,C:\Users\jonat\PycharmProjects\NSWpropertyData\RawData\DAT\2026\20260202\263_SALES_DATA_NNME_02022026.DAT,1971,986a4822b59337d08fcfeb725f2f8d2a91a97d255942adc104368f87e5bc855f
2026,2026-02-02,264_SALES_DATA_NNME_02022026.DAT,C:\Users\jonat\PycharmProjects\NSWpropertyData\RawData\DAT\2026\20260202\264_SALES_DATA_NNME_02022026.DAT,21122,29570afc263387981f32676c67a58382c00b7e93f1e4b2b58fc45ce1ab028951
2026,2026-02-02,265_SALES_DATA_NNME_02022026.DAT,C:\Users\jonat\PycharmProjects\NSWpropertyData\RawData\DAT\2026\20260202\265_SALES_DATA_NNME_02022026.DAT,1787,b4fdbc8fffafaca8603438ab1ad389b35526b3c6073bd8b3835565922f878b4c
2026,2026-02-02,266_SALES_DATA_NNME_02022026.DAT,C:\Users\jonat\PycharmProjects\NSWpropertyData\RawData\DAT\2026\20260202\266_SALES_DATA_NNME_02022026.DAT,3252,71ec04cc918db340606a083460ffad3eecda953ae34fa08ce8770ff395b49b7d
2026,2026-02-02,267_SALES_DATA_NNME_02022026.DAT,C:\Users\jonat\PycharmProjects\NSWpropertyData\RawData\DAT\2026\20260202\267_SALES_DATA_NNME_02022026.DAT,20065,944c7704b97c5d0684351a925a2cfad7620b4bc872e4bdefa3938fb37b51432e
2026,2026-02-02,268_SALES_DATA_NNME_02022026.DAT,C:\Users\jonat\PycharmProjects\NSWpropertyData\RawData\DAT\2026\20260202\268_SALES_DATA_NNME_02022026.DAT,16143,41b0b90bb14d195a789dfdb0f254ddd7a3fadc67d95a14441edce1b7c820fdd1
2026,2026-02-02,269_SALES_DATA_NNME_02022026.DAT,C:\Users\jonat\PycharmProjects\NSWpropertyData\RawData\DAT\2026\20260202\269_SALES_DATA_NNME_02022026.DAT,2328,dac630f57a72c817645096c14f1c01bf0139188b6a3c05daaf4826f24ed9f66c
2026,2026-02-02,271_SALES_DATA_NNME_02022026.DAT,C:\Users\jonat\PycharmProjects\NSWpropertyData\RawData\DAT\2026\20260202\271_SALES_DATA_NNME_02022026.DAT,32806,9a38949d5456a234de5900121f4ff802a19188b6316fab7c1a9cc99285a0f409
2026,2026-02-02,272_SALES_DATA_NNME_02022026.DAT,C:\Users\jonat\PycharmProjects\NSWpropertyData\RawData\DAT\2026\20260202\272_SALES_DATA_NNME_02022026.DAT,10843,ff555f44c3ef75dd04c235dab777a9927cfd27e8ff7c4deb1266b40762468ead
2026,2026-02-02,273_SALES_DATA_NNME_02022026.DAT,C:\Users\jonat\PycharmProjects\NSWpropertyData\RawData\DAT\2026\20260202\273_SALES_DATA_NNME_02022026.DAT,5165,128828f59b4a611b902598502f3b324c039d5ece79f07aa5b3a67cc9c1ed7c39
2026,2026-02-02,274_SALES_DATA_NNME_02022026.DAT,C:\Users\jonat\PycharmProjects\NSWpropertyData\RawData\DAT\2026\20260202\274_SALES_DATA_NNME_02022026.DAT,328,b598522d2b15ca71e210b025525a6fd6c7009080668cfb81863c7862ab041f29
2026,2026-02-02,275_SALES_DATA_NNME_02022026.DAT,C:\Users\jonat\PycharmProjects\NSWpropertyData\RawData\DAT\2026\20260202\275_SALES_DATA_NNME_02022026.DAT,9191,650631d0b2df001bb245efc687f2741b01d19899d4864677eb3c0c1bd6dcbb1d
2026,2026-02-02,276_SALES_DATA_NNME_02022026.DAT,C:\Users\jonat\PycharmProjects\NSWpropertyData\RawData\DAT\2026\20260202\276_SALES_DATA_NNME_02022026.DAT,19187,8c7a60377d70b6d388a8f5e252accf214100f9dec0318e7f61b1e3682798fdc2
2026,2026-02-02,300_SALES_DATA_NNME_02022026.DAT,C:\Users\jonat\PycharmProjects\NSWpropertyData\RawData\DAT\2026\20260202\300_SALES_DATA_NNME_02022026.DAT,587,e3e18a8cecaddc1c67025ee132d97505e1bdc4ca842afcff6d8b72cff53af7db
2026,2026-02-02,301_SALES_DATA_NNME_02022026.DAT,C:\Users\jonat\PycharmProjects\NSWpropertyData\RawData\DAT\2026\20260202\301_SALES_DATA_NNME_02022026.DAT,2411,e99c9c52042bc0c7fa9dead06c01e71aa2f84ebd11f18e32632330cb33f9d651
2026,2026-02-02,302_SALES_DATA_NNME_02022026.DAT,C:\Users\jonat\PycharmProjects\NSWpropertyData\RawData\DAT\2026\20260202\302_SALES_DATA_NNME_02022026.DAT,3264,cf5afd609d1f80ffc7d718aa7366235a7a61de1a5aca4ac0c6dbf81e078f4bfb
2026,2026-02-02,303_SALES_DATA_NNME_02022026.DAT,C:\Users\jonat\PycharmProjects\NSWpropertyData\RawData\DAT\2026\20260202\303_SALES_DATA_NNME_02022026.DAT,9935,d4079ac71463a2ef431e068d5abe602d5beb1cc247dd477dbbda895f23f0b7f9
2026,2026-02-02,511_SALES_DATA_NNME_02022026.DAT,C:\Users\jonat\PycharmProjects\NSWpropertyData\RawData\DAT\2026\20260202\511_SALES_DATA_NNME_02022026.DAT,1833,dd112cb5a29e2eac0ffb8e9921ef1ca91bbe3c3d13e0bdfac913fae2386e4b93
2026,2026-02-02,526_SALES_DATA_NNME_02022026.DAT,C:\Users\jonat\PycharmProjects\NSWpropertyData\RawData\DAT\2026\20260202\526_SALES_DATA_NNME_02022026.DAT,611,d9b9f6489f7c8217cac2cad5029d3fd9b075eb3b4a0d8187a9b5109dc5cd2db1
2026,2026-02-02,528_SALES_DATA_NNME_02022026.DAT,C:\Users\jonat\PycharmProjects\NSWpropertyData\RawData\DAT\2026\20260202\528_SALES_DATA_NNME_02022026.DAT,3845,797838214d8b526e925e6a60e1342911150b186db359c2c5cdd88e242ec008cb
2026,2026-02-02,529_SALES_DATA_NNME_02022026.DAT,C:\Users\jonat\PycharmProjects\NSWpropertyData\RawData\DAT\2026\20260202\529_SALES_DATA_NNME_02022026.DAT,5056,18cc30dca08a328008348dfc3b7516ee6c77308b4d521bbf17b1886b6dac8799
2026,2026-02-02,537_SALES_DATA_NNME_02022026.DAT,C:\Users\jonat\PycharmProjects\NSWpropertyData\RawData\DAT\2026\20260202\537_SALES_DATA_NNME_02022026.DAT,1532,8eb242eca4993712a88804b4f34c4996d1f38577396acf980a247718b44ab6d5
2026,2026-02-02,538_SALES_DATA_NNME_02022026.DAT,C:\Users\jonat\PycharmProjects\NSWpropertyData\RawData\DAT\2026\20260202\538_SALES_DATA_NNME_02022026.DAT,1185,35e9940ff8d5e9081b73a16e44dbf246140e20af19a838df79b8e075d14556b7
2026,2026-02-02,560_SALES_DATA_NNME_02022026.DAT,C:\Users\jonat\PycharmProjects\NSWpropertyData\RawData\DAT\2026\20260202\560_SALES_DATA_NNME_02022026.DAT,4163,3a84a1c09bc669c17f2fc319f4efbeb34d78fca0572c2c9e243c5d019dbc2c1e
2026,2026-02-02,575_SALES_DATA_NNME_02022026.DAT,C:\Users\jonat\PycharmProjects\NSWpropertyData\RawData\DAT\2026\20260202\575_SALES_DATA_NNME_02022026.DAT,12787,c00855517602e076105db79d97b5ade56edaeffb7acc6d000bf96b4f3269ee31
2026,2026-02-02,608_SALES_DATA_NNME_02022026.DAT,C:\Users\jonat\PycharmProjects\NSWpropertyData\RawData\DAT\2026\20260202\608_SALES_DATA_NNME_02022026.DAT,7257,d5923cc71829cd298ebe93fdc14d4ad7ecf905789446a7b819235bf846e339e5
2026,2026-02-02,620_SALES_DATA_NNME_02022026.DAT,C:\Users\jonat\PycharmProjects\NSWpropertyData\RawData\DAT\2026\20260202\620_SALES_DATA_NNME_02022026.DAT,6374,854f60264e2a7f1598cd6d402a603f52596aa7d61782ce60e5a391795e4477b6
2026,2026-02-02,656_SALES_DATA_NNME_02022026.DAT,C:\Users\jonat\PycharmProjects\NSWpropertyData\RawData\DAT\2026\20260202\656_SALES_DATA_NNME_02022026.DAT,13089,93141f2b55c2c4d2201c68a4e63f8ff11bf9cd511336eaf9e8e794ed339d19dc
2026,2026-02-02,666_SALES_DATA_NNME_02022026.DAT,C:\Users\jonat\PycharmProjects\NSWpropertyData\RawData\DAT\2026\20260202\666_SALES_DATA_NNME_02022026.DAT,11803,249f4ca23bb83881147ca38ccbd2aee9076fb4bb0cfb453ab6dd5e0cd9ca7239
2026,2026-02-02,708_SALES_DATA_NNME_02022026.DAT,C:\Users\jonat\PycharmProjects\NSWpropertyData\RawData\DAT\2026\20260202\708_SALES_DATA_NNME_02022026.DAT,32008,9579b43b44d73df563debef4d66d4ed83484247405fa8535a604d1765cb366ac
2026,2026-02-09,001_SALES_DATA_NNME_09022026.DAT,C:\Users\jonat\PycharmProjects\NSWpropertyData\RawData\DAT\2026\20260209\001_SALES_DATA_NNME_09022026.DAT,8685,6858a73eb338fbdbf14a3c69d118389785c3a0bb7c9667d0c904ebe72556a490
2026,2026-02-09,002_SALES_DATA_NNME_09022026.DAT,C:\Users\jonat\PycharmProjects\NSWpropertyData\RawData\DAT\2026\20260209\002_SALES_DATA_NNME_09022026.DAT,413,360cb912e5cf5870ef1e9ee559516053d995f2eefa808aacbd3b30e2d6aa6154
2026,2026-02-09,004_SALES_DATA_NNME_09022026.DAT,C:\Users\jonat\PycharmProjects\NSWpropertyData\RawData\DAT\2026\20260209\004_SALES_DATA_NNME_09022026.DAT,25684,8bb7a37c1ee822bb8d14e2edc9387131456f3952add9bdf9ba6b051b0252acad
2026,2026-02-09,005_SALES_DATA_NNME_09022026.DAT,C:\Users\jonat\PycharmProjects\NSWpropertyData\RawData\DAT\2026\20260209\005_SALES_DATA_NNME_09022026.DAT,11405,73fc805cad8b484312e9840331ee7871376ee42e08d6bb410e51f5930ac5f6fa
2026,2026-02-09,007_SALES_DATA_NNME_09022026.DAT,C:\Users\jonat\PycharmProjects\NSWpropertyData\RawData\DAT\2026\20260209\007_SALES_DATA_NNME_09022026.DAT,5177,7e8bcf8bd1ba1c921934266520ca33682a2f043c35626c419c37574f940ee35a
2026,2026-02-09,008_SALES_DATA_NNME_09022026.DAT,C:\Users\jonat\PycharmProjects\NSWpropertyData\RawData\DAT\2026\20260209\008_SALES_DATA_NNME_09022026.DAT,33934,7bc2a06a188c9914923eaa06372fa484282e262abb171830239b4729d6d5e89c
2026,2026-02-09,010_SALES_DATA_NNME_09022026.DAT,C:\Users\jonat\PycharmProjects\NSWpropertyData\RawData\DAT\2026\20260209\010_SALES_DATA_NNME_09022026.DAT,14832,8ce32a9db745a91b479cc35f4e0ce974e109642905f0074fd5f02949d9cf312b
2026,2026-02-09,012_SALES_DATA_NNME_09022026.DAT,C:\Users\jonat\PycharmProjects\NSWpropertyData\RawData\DAT\2026\20260209\012_SALES_DATA_NNME_09022026.DAT,4038,a9668e71b58c4fb1f0e93815491fba935efae8d430f633cb0954c03fa3248b16
2026,2026-02-09,018_SALES_DATA_NNME_09022026.DAT,C:\Users\jonat\PycharmProjects\NSWpropertyData\RawData\DAT\2026\20260209\018_SALES_DATA_NNME_09022026.DAT,8623,6002bf199eb883990d834cdf6b5add9a001fb23c691ab8297830fa10c18a166c
2026,2026-02-09,042_SALES_DATA_NNME_09022026.DAT,C:\Users\jonat\PycharmProjects\NSWpropertyData\RawData\DAT\2026\20260209\042_SALES_DATA_NNME_09022026.DAT,1051,3f1dba046f7f7bd3e0115f6035ca4c420f10ef2a25dbe4091a9d7476845a08ab
2026,2026-02-09,043_SALES_DATA_NNME_09022026.DAT,C:\Users\jonat\PycharmProjects\NSWpropertyData\RawData\DAT\2026\20260209\043_SALES_DATA_NNME_09022026.DAT,964,93c77a4c07a7ce22ee278cfb8a2f4f5d4d1b61f131bbfee614ed117e17e45d3a
2026,2026-02-09,050_SALES_DATA_NNME_09022026.DAT,C:\Users\jonat\PycharmProjects\NSWpropertyData\RawData\DAT\2026\20260209\050_SALES_DATA_NNME_09022026.DAT,12739,321b9c0a7471c0aee839726e8f859724f5daf468d9264a2f2cd38c86e19d8e04
2026,2026-02-09,051_SALES_DATA_NNME_09022026.DAT,C:\Users\jonat\PycharmProjects\NSWpropertyData\RawData\DAT\2026\20260209\051_SALES_DATA_NNME_09022026.DAT,3041,2810b797cf39555ec53bf4b00de20939f92af8ca9e61c99cf8bff6f8ce118b9f
2026,2026-02-09,054_SALES_DATA_NNME_09022026.DAT,C:\Users\jonat\PycharmProjects\NSWpropertyData\RawData\DAT\2026\20260209\054_SALES_DATA_NNME_09022026.DAT,583,2b11a47980ffdb10adb25262ba048dec6bf5b4d4b69f582f9c1a6df708aa2b43
2026,2026-02-09,061_SALES_DATA_NNME_09022026.DAT,C:\Users\jonat\PycharmProjects\NSWpropertyData\RawData\DAT\2026\20260209\061_SALES_DATA_NNME_09022026.DAT,1513,6eca75ee0c653dee8bd49df6a2287b29eccf5c0f988912c89557bdcacf6c3edd
2026,2026-02-09,065_SALES_DATA_NNME_09022026.DAT,C:\Users\jonat\PycharmProjects\NSWpropertyData\RawData\DAT\2026\20260209\065_SALES_DATA_NNME_09022026.DAT,1455,5d0bc98a61d4e0364578d79a243e9a6d731d8d3480694a3b17df8232e2092419
2026,2026-02-09,066_SALES_DATA_NNME_09022026.DAT,C:\Users\jonat\PycharmProjects\NSWpropertyData\RawData\DAT\2026\20260209\066_SALES_DATA_NNME_09022026.DAT,355,a8874ad18b3e4582da5de2bcaf2b14afd116b6f7ad4fae2da418e3cfc218e8c0
2026,2026-02-09,070_SALES_DATA_NNME_09022026.DAT,C:\Users\jonat\PycharmProjects\NSWpropertyData\RawData\DAT\2026\20260209\070_SALES_DATA_NNME_09022026.DAT,1076,9e0d7abdee0d4edc1c990803b664fd6951daa94d17132ef692cda3e1ccecbcca
2026,2026-02-09,074_SALES_DATA_NNME_09022026.DAT,C:\Users\jonat\PycharmProjects\NSWpropertyData\RawData\DAT\2026\20260209\074_SALES_DATA_NNME_09022026.DAT,4007,37657b0c3b2ba21de468fd47d7412ffa2c18896f10ba6750c5a5a81a72de5114
2026,2026-02-09,081_SALES_DATA_NNME_09022026.DAT,C:\Users\jonat\PycharmProjects\NSWpropertyData\RawData\DAT\2026\20260209\081_SALES_DATA_NNME_09022026.DAT,23918,4e85b007103d2374021f9bb0747617469bc1e17a7950fb46b8d7cc329b91279b
2026,2026-02-09,082_SALES_DATA_NNME_09022026.DAT,C:\Users\jonat\PycharmProjects\NSWpropertyData\RawData\DAT\2026\20260209\082_SALES_DATA_NNME_09022026.DAT,12767,55d4a65f1906c3228aad68e7458956dd79584fc9e3ef621ed1abdf025780c292
2026,2026-02-09,083_SALES_DATA_NNME_09022026.DAT,C:\Users\jonat\PycharmProjects\NSWpropertyData\RawData\DAT\2026\20260209\083_SALES_DATA_NNME_09022026.DAT,2547,7d4cc492514b25a1158db59106030fb2d76aa3cc72a2b7680b7009d7d5e2e05f
2026,2026-02-09,084_SALES_DATA_NNME_09022026.DAT,C:\Users\jonat\PycharmProjects\NSWpropertyData\RawData\DAT\2026\20260209\084_SALES_DATA_NNME_09022026.DAT,17534,0466a254c2846885961cff8eb10cfe3d4d24f4be9c9a36805df6c470d2f3ff6a
2026,2026-02-09,085_SALES_DATA_NNME_09022026.DAT,C:\Users\jonat\PycharmProjects\NSWpropertyData\RawData\DAT\2026\20260209\085_SALES_DATA_NNME_09022026.DAT,5756,fd234dde9d9fc4808ed12e4083668e24fe4c30adb5ddc50940c52665f23ae8a2
2026,2026-02-09,087_SALES_DATA_NNME_09022026.DAT,C:\Users\jonat\PycharmProjects\NSWpropertyData\RawData\DAT\2026\20260209\087_SALES_DATA_NNME_09022026.DAT,3127,eb9f9a0c2d96c5a0945351ea3d3a9c300c01b4e28bb2cbce1908a8bd80dbea1f
2026,2026-02-09,088_SALES_DATA_NNME_09022026.DAT,C:\Users\jonat\PycharmProjects\NSWpropertyData\RawData\DAT\2026\20260209\088_SALES_DATA_NNME_09022026.DAT,13911,5b9cfda469ec295288f171b37a0112624d814e466d3ab4a05aff07a73ff746fd
2026,2026-02-09,090_SALES_DATA_NNME_09022026.DAT,C:\Users\jonat\PycharmProjects\NSWpropertyData\RawData\DAT\2026\20260209\090_SALES_DATA_NNME_09022026.DAT,15351,8739cdf06c5fdcc9d4c7364df8c8d99f253bfe1b2786533d8c55dee7c47c6741
2026,2026-02-09,092_SALES_DATA_NNME_09022026.DAT,C:\Users\jonat\PycharmProjects\NSWpropertyData\RawData\DAT\2026\20260209\092_SALES_DATA_NNME_09022026.DAT,8487,8c7aa5770adcca17c15cfb10da34a9e9a6982b3df52c5ed7c71a35da95850c07
2026,2026-02-09,097_SALES_DATA_NNME_09022026.DAT,C:\Users\jonat\PycharmProjects\NSWpropertyData\RawData\DAT\2026\20260209\097_SALES_DATA_NNME_09022026.DAT,6679,db4d7fe9fcce982cf562133c1da97b9cc6280f99f8ce10dd8964ddfdece53e6a
2026,2026-02-09,098_SALES_DATA_NNME_09022026.DAT,C:\Users\jonat\PycharmProjects\NSWpropertyData\RawData\DAT\2026\20260209\098_SALES_DATA_NNME_09022026.DAT,2078,9fe3ef4420685960b747d715cdcdd598b1a4e111afb4b92a73e246b2a332ee98
2026,2026-02-09,100_SALES_DATA_NNME_09022026.DAT,C:\Users\jonat\PycharmProjects\NSWpropertyData\RawData\DAT\2026\20260209\100_SALES_DATA_NNME_09022026.DAT,9044,f016b4215db06529bf772a96d33c332914af30e713ff6d04cfae853c33a1cb1e
2026,2026-02-09,101_SALES_DATA_NNME_09022026.DAT,C:\Users\jonat\PycharmProjects\NSWpropertyData\RawData\DAT\2026\20260209\101_SALES_DATA_NNME_09022026.DAT,23633,a7348e46fef566eb6217ff4cf9222dec756b1c3782cd547ba97a15ae5e627cb3
2026,2026-02-09,102_SALES_DATA_NNME_09022026.DAT,C:\Users\jonat\PycharmProjects\NSWpropertyData\RawData\DAT\2026\20260209\102_SALES_DATA_NNME_09022026.DAT,9878,a229a1d2e86132978ffdb0e7596a36e64d955d4f45bd8a52a21e5da5f06408c2
2026,2026-02-09,103_SALES_DATA_NNME_09022026.DAT,C:\Users\jonat\PycharmProjects\NSWpropertyData\RawData\DAT\2026\20260209\103_SALES_DATA_NNME_09022026.DAT,27465,9406096bf9a508324002e3d1e20da69f067b54a6fa2bf5fb0d5a72255f9a667d
2026,2026-02-09,109_SALES_DATA_NNME_09022026.DAT,C:\Users\jonat\PycharmProjects\NSWpropertyData\RawData\DAT\2026\20260209\109_SALES_DATA_NNME_09022026.DAT,3154,bfa992517b81053485f365740bc6f55917ed5c6c35953cc31334057fa0382061
2026,2026-02-09,116_SALES_DATA_NNME_09022026.DAT,C:\Users\jonat\PycharmProjects\NSWpropertyData\RawData\DAT\2026\20260209\116_SALES_DATA_NNME_09022026.DAT,1964,8d3d416faf30c180f3286d9abd99371c794cadc2ac39cd2e4fd1ba9c3c8878bb
2026,2026-02-09,117_SALES_DATA_NNME_09022026.DAT,C:\Users\jonat\PycharmProjects\NSWpropertyData\RawData\DAT\2026\20260209\117_SALES_DATA_NNME_09022026.DAT,3026,4cba0c5d43e2f8d628edaaf433b4c82402bed90f3fca5eddee248da2ed7e0250
2026,2026-02-09,118_SALES_DATA_NNME_09022026.DAT,C:\Users\jonat\PycharmProjects\NSWpropertyData\RawData\DAT\2026\20260209\118_SALES_DATA_NNME_09022026.DAT,1473,9be63922f25ba2dbc2e68207d62302a2e846a1ca6f007a5a0f4d1d4868b80beb
2026,2026-02-09,123_SALES_DATA_NNME_09022026.DAT,C:\Users\jonat\PycharmProjects\NSWpropertyData\RawData\DAT\2026\20260209\123_SALES_DATA_NNME_09022026.DAT,1469,4f74c114dab60e9c08b4b168e47e110968eac6f618232fd642c2b83c16d21e2c
2026,2026-02-09,124_SALES_DATA_NNME_09022026.DAT,C:\Users\jonat\PycharmProjects\NSWpropertyData\RawData\DAT\2026\20260209\124_SALES_DATA_NNME_09022026.DAT,12201,2e55c34823cf50570e6b844a11748f5a434c0dc86fb1f5e71bb91b982477a0b6
2026,2026-02-09,137_SALES_DATA_NNME_09022026.DAT,C:\Users\jonat\PycharmProjects\NSWpropertyData\RawData\DAT\2026\20260209\137_SALES_DATA_NNME_09022026.DAT,5925,182080bbb566eeef3856aa809e09ab84d57239d9e9b85e085183232c1bc069d4
2026,2026-02-09,139_SALES_DATA_NNME_09022026.DAT,C:\Users\jonat\PycharmProjects\NSWpropertyData\RawData\DAT\2026\20260209\139_SALES_DATA_NNME_09022026.DAT,8789,1b77a8134392cd58af8ab8293d3a21c91529055bda9552e5541b82607b64f7d8
2026,2026-02-09,143_SALES_DATA_NNME_09022026.DAT,C:\Users\jonat\PycharmProjects\NSWpropertyData\RawData\DAT\2026\20260209\143_SALES_DATA_NNME_09022026.DAT,9909,456e55522f114eca689d20e3d033da1f917db96827ca29784fd8e1364eb7905a
2026,2026-02-09,144_SALES_DATA_NNME_09022026.DAT,C:\Users\jonat\PycharmProjects\NSWpropertyData\RawData\DAT\2026\20260209\144_SALES_DATA_NNME_09022026.DAT,31811,dc55afb4c18f51755e5da2cfc52afa5a7e19a80257ac28584795c07294774093
2026,2026-02-09,148_SALES_DATA_NNME_09022026.DAT,C:\Users\jonat\PycharmProjects\NSWpropertyData\RawData\DAT\2026\20260209\148_SALES_DATA_NNME_09022026.DAT,6148,af79df6fb94c29054b5d0ca5e56bf145ec5ce9eac2d941f79d1d5e810a0d6e4c
2026,2026-02-09,149_SALES_DATA_NNME_09022026.DAT,C:\Users\jonat\PycharmProjects\NSWpropertyData\RawData\DAT\2026\20260209\149_SALES_DATA_NNME_09022026.DAT,2777,3dfb40863f6edf9996505dbc460e5846df34e3898ee862b0447d2b4f4d99de7c
2026,2026-02-09,150_SALES_DATA_NNME_09022026.DAT,C:\Users\jonat\PycharmProjects\NSWpropertyData\RawData\DAT\2026\20260209\150_SALES_DATA_NNME_09022026.DAT,7720,5430f18d9bd9d501c6ea19b18cceebe98142917092583f39fbaf6af169d86480
2026,2026-02-09,151_SALES_DATA_NNME_09022026.DAT,C:\Users\jonat\PycharmProjects\NSWpropertyData\RawData\DAT\2026\20260209\151_SALES_DATA_NNME_09022026.DAT,3531,39c68e5da20fb8536591c61eeba0d3945c04f7fdb38d5c5e8d3be24722b76893
2026,2026-02-09,152_SALES_DATA_NNME_09022026.DAT,C:\Users\jonat\PycharmProjects\NSWpropertyData\RawData\DAT\2026\20260209\152_SALES_DATA_NNME_09022026.DAT,9066,6147c25545a6eee67073d6ecb74b64540323276a78cd6210f780f9783a093b5a
2026,2026-02-09,157_SALES_DATA_NNME_09022026.DAT,C:\Users\jonat\PycharmProjects\NSWpropertyData\RawData\DAT\2026\20260209\157_SALES_DATA_NNME_09022026.DAT,6109,b5ca9b490a1be805c81f8bd46d1ba8fc29f27f2fadf9b69d305d7e33ee1da44a
2026,2026-02-09,158_SALES_DATA_NNME_09022026.DAT,C:\Users\jonat\PycharmProjects\NSWpropertyData\RawData\DAT\2026\20260209\158_SALES_DATA_NNME_09022026.DAT,3386,fb4b0c45102334e8d7a558461b7a3eb44ad9b281c4cb61364c9ff97ae03bbce1
2026,2026-02-09,159_SALES_DATA_NNME_09022026.DAT,C:\Users\jonat\PycharmProjects\NSWpropertyData\RawData\DAT\2026\20260209\159_SALES_DATA_NNME_09022026.DAT,6611,4cf37c173ce8a321ed9e01efc1c8dc7370a4f80229f2fbe8b4eff374afea8a15
2026,2026-02-09,164_SALES_DATA_NNME_09022026.DAT,C:\Users\jonat\PycharmProjects\NSWpropertyData\RawData\DAT\2026\20260209\164_SALES_DATA_NNME_09022026.DAT,4416,b6e280da1f264702991ffd4cea615a4bdfb86a6a31866c3433d56c45ef13892b
2026,2026-02-09,171_SALES_DATA_NNME_09022026.DAT,C:\Users\jonat\PycharmProjects\NSWpropertyData\RawData\DAT\2026\20260209\171_SALES_DATA_NNME_09022026.DAT,20626,35ef212122c3f74f95eb8c621dfdd490aee64dda6eb3721d2ca6413f41a5895b
2026,2026-02-09,187_SALES_DATA_NNME_09022026.DAT,C:\Users\jonat\PycharmProjects\NSWpropertyData\RawData\DAT\2026\20260209\187_SALES_DATA_NNME_09022026.DAT,1752,9db74ca64d5f6d8f783b6ab14832516ec42076b049b431f96e879646e80ecc5e
2026,2026-02-09,188_SALES_DATA_NNME_09022026.DAT,C:\Users\jonat\PycharmProjects\NSWpropertyData\RawData\DAT\2026\20260209\188_SALES_DATA_NNME_09022026.DAT,2310,702ba7fd14dba360d8524c90e1c3b752bbf064d38e260c6f7749b3fa440007b1
2026,2026-02-09,192_SALES_DATA_NNME_09022026.DAT,C:\Users\jonat\PycharmProjects\NSWpropertyData\RawData\DAT\2026\20260209\192_SALES_DATA_NNME_09022026.DAT,1106,f5e6a15787915bdfd5df3f1d7107d233b5050563b0244c1d6699fa8976b397a0
2026,2026-02-09,199_SALES_DATA_NNME_09022026.DAT,C:\Users\jonat\PycharmProjects\NSWpropertyData\RawData\DAT\2026\20260209\199_SALES_DATA_NNME_09022026.DAT,2340,28c7ebf41546618a92d54ce8068d48d2bc09572f98ce31c67b3aa171529cfafe
2026,2026-02-09,207_SALES_DATA_NNME_09022026.DAT,C:\Users\jonat\PycharmProjects\NSWpropertyData\RawData\DAT\2026\20260209\207_SALES_DATA_NNME_09022026.DAT,16412,e7531bf3f26716d86c0f8f508d9121841be96cc4b641b2c19cfeabe95664e26a
2026,2026-02-09,209_SALES_DATA_NNME_09022026.DAT,C:\Users\jonat\PycharmProjects\NSWpropertyData\RawData\DAT\2026\20260209\209_SALES_DATA_NNME_09022026.DAT,12459,7676c68a7803612743f24adaa4212cccef457fcc3f52b1b82060cbbcc4336260
2026,2026-02-09,210_SALES_DATA_NNME_09022026.DAT,C:\Users\jonat\PycharmProjects\NSWpropertyData\RawData\DAT\2026\20260209\210_SALES_DATA_NNME_09022026.DAT,11946,4d1b3377a1e3112c1896d8ce78f8c39ee4c37fea1b12febc317496e5c096acee
2026,2026-02-09,214_SALES_DATA_NNME_09022026.DAT,C:\Users\jonat\PycharmProjects\NSWpropertyData\RawData\DAT\2026\20260209\214_SALES_DATA_NNME_09022026.DAT,33372,99a2dda54804774ad92691764bfc29c730f4b3d150bac8cd8fc5994f6810523b
2026,2026-02-09,216_SALES_DATA_NNME_09022026.DAT,C:\Users\jonat\PycharmProjects\NSWpropertyData\RawData\DAT\2026\20260209\216_SALES_DATA_NNME_09022026.DAT,11028,d86136356baec965c769c8f32fa42f5250a81511907b37d07b2f6d19de97394f
2026,2026-02-09,217_SALES_DATA_NNME_09022026.DAT,C:\Users\jonat\PycharmProjects\NSWpropertyData\RawData\DAT\2026\20260209\217_SALES_DATA_NNME_09022026.DAT,18244,51e19a70bce2f61e97c4ff5244d972816d8e193ca0779945f1fceb21d2c0ddd7
2026,2026-02-09,218_SALES_DATA_NNME_09022026.DAT,C:\Users\jonat\PycharmProjects\NSWpropertyData\RawData\DAT\2026\20260209\218_SALES_DATA_NNME_09022026.DAT,23697,5c91b90a20fbce5cfc0593f00cd3d317d1166147fd564b872049862b0972ff21
2026,2026-02-09,219_SALES_DATA_NNME_09022026.DAT,C:\Users\jonat\PycharmProjects\NSWpropertyData\RawData\DAT\2026\20260209\219_SALES_DATA_NNME_09022026.DAT,12632,fa21a4e5b6c81581aeb5525afc5465102d9020b714952b62ed966dc147157a65
2026,2026-02-09,220_SALES_DATA_NNME_09022026.DAT,C:\Users\jonat\PycharmProjects\NSWpropertyData\RawData\DAT\2026\20260209\220_SALES_DATA_NNME_09022026.DAT,15284,04fe2cd1c1a33f4b593e7506e893b755f4e449111a3a1d973b83e705fe0048bf
2026,2026-02-09,222_SALES_DATA_NNME_09022026.DAT,C:\Users\jonat\PycharmProjects\NSWpropertyData\RawData\DAT\2026\20260209\222_SALES_DATA_NNME_09022026.DAT,4579,f5cce884484b75a2e5a6073b08e85664974f6cf73ffd114b5ef6d378b1d155de
2026,2026-02-09,223_SALES_DATA_NNME_09022026.DAT,C:\Users\jonat\PycharmProjects\NSWpropertyData\RawData\DAT\2026\20260209\223_SALES_DATA_NNME_09022026.DAT,22005,2f05dbd28aebdcc436a1752c7c2e7ac50c0c63f09c0960f18a4609c80afcc4b0
2026,2026-02-09,224_SALES_DATA_NNME_09022026.DAT,C:\Users\jonat\PycharmProjects\NSWpropertyData\RawData\DAT\2026\20260209\224_SALES_DATA_NNME_09022026.DAT,23232,4c99b53ca1fd6bde4c27b9be0838f97eb9a5094c09a2d563dee9bf9c1099fd5f
2026,2026-02-09,226_SALES_DATA_NNME_09022026.DAT,C:\Users\jonat\PycharmProjects\NSWpropertyData\RawData\DAT\2026\20260209\226_SALES_DATA_NNME_09022026.DAT,30946,a51abea582a3102b3ec139ddfb6ae60a98a37a76eb9927854965020effde38c5
2026,2026-02-09,230_SALES_DATA_NNME_09022026.DAT,C:\Users\jonat\PycharmProjects\NSWpropertyData\RawData\DAT\2026\20260209\230_SALES_DATA_NNME_09022026.DAT,333,f0f50d25946909cb95531cb72b65e41f17b84587dc11fee95d8784eedee2fcb3
2026,2026-02-09,231_SALES_DATA_NNME_09022026.DAT,C:\Users\jonat\PycharmProjects\NSWpropertyData\RawData\DAT\2026\20260209\231_SALES_DATA_NNME_09022026.DAT,1539,8a4e549f9e393bbf7e144c120929701c0dea6a2dc93d9a2dc34a69516d884300
2026,2026-02-09,232_SALES_DATA_NNME_09022026.DAT,C:\Users\jonat\PycharmProjects\NSWpropertyData\RawData\DAT\2026\20260209\232_SALES_DATA_NNME_09022026.DAT,335,d9ee34b3cb13bcb27ec13126f996f14973ea11c0fadb5faf3f22fa828fe62e82
2026,2026-02-09,234_SALES_DATA_NNME_09022026.DAT,C:\Users\jonat\PycharmProjects\NSWpropertyData\RawData\DAT\2026\20260209\234_SALES_DATA_NNME_09022026.DAT,3728,557d7e93b890ad9350ebd32aadef918c5b0066ea19efe698e26fa3c2b8c1748a
2026,2026-02-09,235_SALES_DATA_NNME_09022026.DAT,C:\Users\jonat\PycharmProjects\NSWpropertyData\RawData\DAT\2026\20260209\235_SALES_DATA_NNME_09022026.DAT,334,0bb6729afe9ac2f7a9f898af4fcf9b940c4986c4d0facf0c30621928c6390649
2026,2026-02-09,239_SALES_DATA_NNME_09022026.DAT,C:\Users\jonat\PycharmProjects\NSWpropertyData\RawData\DAT\2026\20260209\239_SALES_DATA_NNME_09022026.DAT,332,5303e07fd52ab4ea1e28432a171465df26fd889d35b9353f767742714db331a1
2026,2026-02-09,240_SALES_DATA_NNME_09022026.DAT,C:\Users\jonat\PycharmProjects\NSWpropertyData\RawData\DAT\2026\20260209\240_SALES_DATA_NNME_09022026.DAT,964,1612d80d0d8b86488cfb12b979058828d875614bff0d7dcdf8010b2d869961f9
2026,2026-02-09,243_SALES_DATA_NNME_09022026.DAT,C:\Users\jonat\PycharmProjects\NSWpropertyData\RawData\DAT\2026\20260209\243_SALES_DATA_NNME_09022026.DAT,331,f4cd34f3f58336f82010ff398c351c5527ffdec4786d07ffc3cefdaff85e28b2
2026,2026-02-09,244_SALES_DATA_NNME_09022026.DAT,C:\Users\jonat\PycharmProjects\NSWpropertyData\RawData\DAT\2026\20260209\244_SALES_DATA_NNME_09022026.DAT,2091,9718666f98d62135455e127767b1f1c1cce6f20d0c034d62f1b11dc2c377416c
2026,2026-02-09,247_SALES_DATA_NNME_09022026.DAT,C:\Users\jonat\PycharmProjects\NSWpropertyData\RawData\DAT\2026\20260209\247_SALES_DATA_NNME_09022026.DAT,2093,e03f5efa41205458384cd36fae7bd3ecfa2d830e9fb754bd104ddca02dae3119
2026,2026-02-09,250_SALES_DATA_NNME_09022026.DAT,C:\Users\jonat\PycharmProjects\NSWpropertyData\RawData\DAT\2026\20260209\250_SALES_DATA_NNME_09022026.DAT,1815,d27ca78346133931ab0684e04da14c05b002be7f29d8f706cbc695218432322e
2026,2026-02-09,251_SALES_DATA_NNME_09022026.DAT,C:\Users\jonat\PycharmProjects\NSWpropertyData\RawData\DAT\2026\20260209\251_SALES_DATA_NNME_09022026.DAT,918,02beee2b2a61c0bd7b8b35d0471bf9de8e62e245a885e1718e6e4238bd10e805
2026,2026-02-09,252_SALES_DATA_NNME_09022026.DAT,C:\Users\jonat\PycharmProjects\NSWpropertyData\RawData\DAT\2026\20260209\252_SALES_DATA_NNME_09022026.DAT,621,41cfec07369d1995e397decd9aef2da4e03d9e13a8c231d088f2a5babf8581d0
2026,2026-02-09,253_SALES_DATA_NNME_09022026.DAT,C:\Users\jonat\PycharmProjects\NSWpropertyData\RawData\DAT\2026\20260209\253_SALES_DATA_NNME_09022026.DAT,337,32aa8576ad7ca6056f945c5e9e188e28c6b34905f4cc48ea92a76c3755a9acf0
2026,2026-02-09,255_SALES_DATA_NNME_09022026.DAT,C:\Users\jonat\PycharmProjects\NSWpropertyData\RawData\DAT\2026\20260209\255_SALES_DATA_NNME_09022026.DAT,1168,87c6cdaf030cc924961a0feedd4b5432535e4da928047f1abdc853948a4a8633
2026,2026-02-09,257_SALES_DATA_NNME_09022026.DAT,C:\Users\jonat\PycharmProjects\NSWpropertyData\RawData\DAT\2026\20260209\257_SALES_DATA_NNME_09022026.DAT,6283,67ca8c57bcbb2939070d4acfc8a443e85b835e983ba1f66caae788dd0c263f81
2026,2026-02-09,258_SALES_DATA_NNME_09022026.DAT,C:\Users\jonat\PycharmProjects\NSWpropertyData\RawData\DAT\2026\20260209\258_SALES_DATA_NNME_09022026.DAT,28757,c7ea25df8cf72c7fb4bb30523892c349c2573903871bfa156b4e03ffadd1de76
2026,2026-02-09,259_SALES_DATA_NNME_09022026.DAT,C:\Users\jonat\PycharmProjects\NSWpropertyData\RawData\DAT\2026\20260209\259_SALES_DATA_NNME_09022026.DAT,50079,1f5c07ddf0c221b32b4180340228b9f104c161b8559a810473c6151135c4d706
2026,2026-02-09,260_SALES_DATA_NNME_09022026.DAT,C:\Users\jonat\PycharmProjects\NSWpropertyData\RawData\DAT\2026\20260209\260_SALES_DATA_NNME_09022026.DAT,25127,9de8157d4920f392ab303d05ee1928ba65145a9bb6a5a0189e67d9c6dfa3f68d
2026,2026-02-09,261_SALES_DATA_NNME_09022026.DAT,C:\Users\jonat\PycharmProjects\NSWpropertyData\RawData\DAT\2026\20260209\261_SALES_DATA_NNME_09022026.DAT,20218,e87d4ae1dee3e766eaf119a700eb2d0862987e9c5254c021f2ca8258a6ae6324
2026,2026-02-09,262_SALES_DATA_NNME_09022026.DAT,C:\Users\jonat\PycharmProjects\NSWpropertyData\RawData\DAT\2026\20260209\262_SALES_DATA_NNME_09022026.DAT,2579,c0d91e3b01379707ec66cc4750ddbdfa0a3608c56cd33d4538923dee33c4d282
2026,2026-02-09,263_SALES_DATA_NNME_09022026.DAT,C:\Users\jonat\PycharmProjects\NSWpropertyData\RawData\DAT\2026\20260209\263_SALES_DATA_NNME_09022026.DAT,2457,2f1b35338fc026c9d95bfaffd05c47f37398a76a6a19c92c067577aae9878f6d
2026,2026-02-09,264_SALES_DATA_NNME_09022026.DAT,C:\Users\jonat\PycharmProjects\NSWpropertyData\RawData\DAT\2026\20260209\264_SALES_DATA_NNME_09022026.DAT,15025,cf27d13f7226726fb1303ddfdffb5673ec43abcde0c4712ff9fd0c45e7f5bc5d
2026,2026-02-09,265_SALES_DATA_NNME_09022026.DAT,C:\Users\jonat\PycharmProjects\NSWpropertyData\RawData\DAT\2026\20260209\265_SALES_DATA_NNME_09022026.DAT,1428,94d655c04bb1fc721d28cebdeac0021f43d9194ad13f46bd4fa2926b83c21afb
2026,2026-02-09,266_SALES_DATA_NNME_09022026.DAT,C:\Users\jonat\PycharmProjects\NSWpropertyData\RawData\DAT\2026\20260209\266_SALES_DATA_NNME_09022026.DAT,2109,cef26e10b615fc0f5085def2a19c0782e69009f04ee89f3274cee4a6406894cc
2026,2026-02-09,267_SALES_DATA_NNME_09022026.DAT,C:\Users\jonat\PycharmProjects\NSWpropertyData\RawData\DAT\2026\20260209\267_SALES_DATA_NNME_09022026.DAT,19295,358d1e1d7c0afd93c0ee4245a5ab1ed9b936bfef6c73d943b5731e307247a017
2026,2026-02-09,268_SALES_DATA_NNME_09022026.DAT,C:\Users\jonat\PycharmProjects\NSWpropertyData\RawData\DAT\2026\20260209\268_SALES_DATA_NNME_09022026.DAT,21866,60d054e5079bc546c2bf15aa2ffd65f294230ca77f5f00ebbd7591da689631d1
2026,2026-02-09,269_SALES_DATA_NNME_09022026.DAT,C:\Users\jonat\PycharmProjects\NSWpropertyData\RawData\DAT\2026\20260209\269_SALES_DATA_NNME_09022026.DAT,4562,b2689c6bece9fc46c23bd74478ce2f19f6c068f8a3c2c515993f41415f2c51b8
2026,2026-02-09,270_SALES_DATA_NNME_09022026.DAT,C:\Users\jonat\PycharmProjects\NSWpropertyData\RawData\DAT\2026\20260209\270_SALES_DATA_NNME_09022026.DAT,555,f46c348298682202d4cf44e236d15805a277aea101f58fc7032f7f946c13eda4
2026,2026-02-09,271_SALES_DATA_NNME_09022026.DAT,C:\Users\jonat\PycharmProjects\NSWpropertyData\RawData\DAT\2026\20260209\271_SALES_DATA_NNME_09022026.DAT,33025,fa0fb85f21aadd6b74bf890aa234ac3bafa31b313f8022ec7a46b7566aede385
2026,2026-02-09,272_SALES_DATA_NNME_09022026.DAT,C:\Users\jonat\PycharmProjects\NSWpropertyData\RawData\DAT\2026\20260209\272_SALES_DATA_NNME_09022026.DAT,8240,8c24c1e47f88501ca872338af9d99c17c1a27bd8017149a3403d8a151049c639
2026,2026-02-09,273_SALES_DATA_NNME_09022026.DAT,C:\Users\jonat\PycharmProjects\NSWpropertyData\RawData\DAT\2026\20260209\273_SALES_DATA_NNME_09022026.DAT,3745,5ff387aba3ef825f13a021e8cea34204cd3536f5474f5b4248bef59c5cd02143
2026,2026-02-09,274_SALES_DATA_NNME_09022026.DAT,C:\Users\jonat\PycharmProjects\NSWpropertyData\RawData\DAT\2026\20260209\274_SALES_DATA_NNME_09022026.DAT,2912,7a2cf6cb9d68061b7a5d5e8208262141fb4a805737afb065f2d60bc7066f9b2f
2026,2026-02-09,275_SALES_DATA_NNME_09022026.DAT,C:\Users\jonat\PycharmProjects\NSWpropertyData\RawData\DAT\2026\20260209\275_SALES_DATA_NNME_09022026.DAT,6749,54cb593f10e0fca81b4b600637209ba24c54560610b126cf614ddb60a1190e10
2026,2026-02-09,276_SALES_DATA_NNME_09022026.DAT,C:\Users\jonat\PycharmProjects\NSWpropertyData\RawData\DAT\2026\20260209\276_SALES_DATA_NNME_09022026.DAT,20507,98ca3ac3988caaed6faa6a618cab04e64d51158addb27b98f19b2b1ddbaf2284
2026,2026-02-09,300_SALES_DATA_NNME_09022026.DAT,C:\Users\jonat\PycharmProjects\NSWpropertyData\RawData\DAT\2026\20260209\300_SALES_DATA_NNME_09022026.DAT,861,b99ba2b1229098f2672ce32177702094ddd8a1e4bcdd282360086257055c1bbc
2026,2026-02-09,301_SALES_DATA_NNME_09022026.DAT,C:\Users\jonat\PycharmProjects\NSWpropertyData\RawData\DAT\2026\20260209\301_SALES_DATA_NNME_09022026.DAT,924,2dc66d06557d8cc050de60b84b71037d3efa26c9ebf58ccfbad70da80a208218
2026,2026-02-09,302_SALES_DATA_NNME_09022026.DAT,C:\Users\jonat\PycharmProjects\NSWpropertyData\RawData\DAT\2026\20260209\302_SALES_DATA_NNME_09022026.DAT,3726,4d573f47e2702641d1fe83c25ef4c919ced8259363170531e9587c5bdddae953
2026,2026-02-09,303_SALES_DATA_NNME_09022026.DAT,C:\Users\jonat\PycharmProjects\NSWpropertyData\RawData\DAT\2026\20260209\303_SALES_DATA_NNME_09022026.DAT,10793,787fc8542047f070ac0aa61a3965be7d38dc947eeee287028100d6236a145410
2026,2026-02-09,511_SALES_DATA_NNME_09022026.DAT,C:\Users\jonat\PycharmProjects\NSWpropertyData\RawData\DAT\2026\20260209\511_SALES_DATA_NNME_09022026.DAT,4697,a34f35fa11dba808ab01be83868831ce8fad22391b8c701f974b3437108d535d
2026,2026-02-09,526_SALES_DATA_NNME_09022026.DAT,C:\Users\jonat\PycharmProjects\NSWpropertyData\RawData\DAT\2026\20260209\526_SALES_DATA_NNME_09022026.DAT,2876,973ce8e489beeade498750c4567132ea97953813ea78717c271340788b75af2f
2026,2026-02-09,528_SALES_DATA_NNME_09022026.DAT,C:\Users\jonat\PycharmProjects\NSWpropertyData\RawData\DAT\2026\20260209\528_SALES_DATA_NNME_09022026.DAT,4927,52e440bc39c47e2d389e2d99d6d3eb9c0813bf021a6322f16a83288fb2bf06ff
2026,2026-02-09,529_SALES_DATA_NNME_09022026.DAT,C:\Users\jonat\PycharmProjects\NSWpropertyData\RawData\DAT\2026\20260209\529_SALES_DATA_NNME_09022026.DAT,6922,ef03f0d154023e1fc124d68212d1517fc1446b8cc42e5766821c2b9853d29027
2026,2026-02-09,537_SALES_DATA_NNME_09022026.DAT,C:\Users\jonat\PycharmProjects\NSWpropertyData\RawData\DAT\2026\20260209\537_SALES_DATA_NNME_09022026.DAT,1765,ee4d552b7514bc12c9db56e5ff56a38359b96f6b83e9d13c81d0925fee4db0dc
2026,2026-02-09,538_SALES_DATA_NNME_09022026.DAT,C:\Users\jonat\PycharmProjects\NSWpropertyData\RawData\DAT\2026\20260209\538_SALES_DATA_NNME_09022026.DAT,2028,891834903fe71943b85f2b52548bbb8c05eba393bae8625b6e3ac3363fa55606
2026,2026-02-09,560_SALES_DATA_NNME_09022026.DAT,C:\Users\jonat\PycharmProjects\NSWpropertyData\RawData\DAT\2026\20260209\560_SALES_DATA_NNME_09022026.DAT,2744,08812d0712ef0526ffb897a684aa466e15f64b15da0f05beafc0c4503fda6810
2026,2026-02-09,575_SALES_DATA_NNME_09022026.DAT,C:\Users\jonat\PycharmProjects\NSWpropertyData\RawData\DAT\2026\20260209\575_SALES_DATA_NNME_09022026.DAT,10476,587076ad612aa33376168b34cd8197077ec7b834d1cf0970a2a8b2ff5afe3d9a
2026,2026-02-09,608_SALES_DATA_NNME_09022026.DAT,C:\Users\jonat\PycharmProjects\NSWpropertyData\RawData\DAT\2026\20260209\608_SALES_DATA_NNME_09022026.DAT,6879,4a283886ab7215bc076b76518032a7f95b585b6e13e00ea0a9391142d5df8a57
2026,2026-02-09,620_SALES_DATA_NNME_09022026.DAT,C:\Users\jonat\PycharmProjects\NSWpropertyData\RawData\DAT\2026\20260209\620_SALES_DATA_NNME_09022026.DAT,10765,43bbb202065c9fad86b378de9e827d007f71bf32d88e462d32d57b1dd95cc0d6
2026,2026-02-09,656_SALES_DATA_NNME_09022026.DAT,C:\Users\jonat\PycharmProjects\NSWpropertyData\RawData\DAT\2026\20260209\656_SALES_DATA_NNME_09022026.DAT,14954,4eeb6bfdacf257824ced94d7847656232a7d81ea5762a85dc3c71f8c900c48cd
2026,2026-02-09,666_SALES_DATA_NNME_09022026.DAT,C:\Users\jonat\PycharmProjects\NSWpropertyData\RawData\DAT\2026\20260209\666_SALES_DATA_NNME_09022026.DAT,15343,5fcc98c8e1cb0b0958321075db747eb2794a1231fef3b76e7848283a1c5663a8
2026,2026-02-09,708_SALES_DATA_NNME_09022026.DAT,C:\Users\jonat\PycharmProjects\NSWpropertyData\RawData\DAT\2026\20260209\708_SALES_DATA_NNME_09022026.DAT,32733,75e4d4aa38ce375c19d1f3c4c5f12c59afa134862db66db25b4599311fd6577c
2026,2026-02-09,902_SALES_DATA_NNME_09022026.DAT,C:\Users\jonat\PycharmProjects\NSWpropertyData\RawData\DAT\2026\20260209\902_SALES_DATA_NNME_09022026.DAT,409,61766772fa970184406eff9f35db22845dc55cd80f04da4e77628d4ab20b76c5
2026,2026-02-16,001_SALES_DATA_NNME_16022026.DAT,C:\Users\jonat\PycharmProjects\NSWpropertyData\RawData\DAT\2026\20260216\001_SALES_DATA_NNME_16022026.DAT,4543,cb7d29ac53564b662feeeeadc2b65c8ac74c51056daa96fa6894a2ad342da783
2026,2026-02-16,002_SALES_DATA_NNME_16022026.DAT,C:\Users\jonat\PycharmProjects\NSWpropertyData\RawData\DAT\2026\20260216\002_SALES_DATA_NNME_16022026.DAT,852,07d462d5bf70cfec31edf314969c217e61b381380d3492214207499834c3af3a
2026,2026-02-16,004_SALES_DATA_NNME_16022026.DAT,C:\Users\jonat\PycharmProjects\NSWpropertyData\RawData\DAT\2026\20260216\004_SALES_DATA_NNME_16022026.DAT,20590,de6784a51f1ce4b8edb05fcefd5881e55900018360a44428f367cc1c3c4329f5
2026,2026-02-16,005_SALES_DATA_NNME_16022026.DAT,C:\Users\jonat\PycharmProjects\NSWpropertyData\RawData\DAT\2026\20260216\005_SALES_DATA_NNME_16022026.DAT,8361,5c82afb742d3a172bfc522fa25df31c34c64d2ee6f8f39ec9a8b6680048dc7c0
2026,2026-02-16,007_SALES_DATA_NNME_16022026.DAT,C:\Users\jonat\PycharmProjects\NSWpropertyData\RawData\DAT\2026\20260216\007_SALES_DATA_NNME_16022026.DAT,1924,481c18a11dc51b226cab2a167771e2b1543ed9ee1be4b3c1269b55ab2194c0fb
2026,2026-02-16,008_SALES_DATA_NNME_16022026.DAT,C:\Users\jonat\PycharmProjects\NSWpropertyData\RawData\DAT\2026\20260216\008_SALES_DATA_NNME_16022026.DAT,14729,bcb1124151e16a69d24fd27a907e267bbe07ee77d1dcfde5175419b4d27921bb
2026,2026-02-16,010_SALES_DATA_NNME_16022026.DAT,C:\Users\jonat\PycharmProjects\NSWpropertyData\RawData\DAT\2026\20260216\010_SALES_DATA_NNME_16022026.DAT,6781,aff013f07fed50fa8602ec43d43e365bf8035c5cf56ab825d36e669e7f9eda7c
2026,2026-02-16,012_SALES_DATA_NNME_16022026.DAT,C:\Users\jonat\PycharmProjects\NSWpropertyData\RawData\DAT\2026\20260216\012_SALES_DATA_NNME_16022026.DAT,2713,23a6956affd20ab6fd2c0acb95aaffe67e41b2b3892a8f1c26b4a14e2f5e9de4
2026,2026-02-16,018_SALES_DATA_NNME_16022026.DAT,C:\Users\jonat\PycharmProjects\NSWpropertyData\RawData\DAT\2026\20260216\018_SALES_DATA_NNME_16022026.DAT,5661,7eb1741e99bb7d3ce58624e4139523cc2d641365710aa73d655218d801e766c4
2026,2026-02-16,042_SALES_DATA_NNME_16022026.DAT,C:\Users\jonat\PycharmProjects\NSWpropertyData\RawData\DAT\2026\20260216\042_SALES_DATA_NNME_16022026.DAT,1639,efd18d9aa2ed8948e359a7fdcaa07b319ca961190f5dfd4c95c0da4f10af68b3
2026,2026-02-16,043_SALES_DATA_NNME_16022026.DAT,C:\Users\jonat\PycharmProjects\NSWpropertyData\RawData\DAT\2026\20260216\043_SALES_DATA_NNME_16022026.DAT,295,e2b6f1cf2f97da31132ffba2c22feafc206ca07c446cf3e91f319320bea301f6
2026,2026-02-16,050_SALES_DATA_NNME_16022026.DAT,C:\Users\jonat\PycharmProjects\NSWpropertyData\RawData\DAT\2026\20260216\050_SALES_DATA_NNME_16022026.DAT,4706,269347219a808b800e72610c9ff43823ec0cf73eccf7455a71c1938d3b191f1c
2026,2026-02-16,051_SALES_DATA_NNME_16022026.DAT,C:\Users\jonat\PycharmProjects\NSWpropertyData\RawData\DAT\2026\20260216\051_SALES_DATA_NNME_16022026.DAT,1096,50b936bb2415a87856dcb52aaf10e1978c6576b602279fd42bc41aabb6c1ae4d
2026,2026-02-16,054_SALES_DATA_NNME_16022026.DAT,C:\Users\jonat\PycharmProjects\NSWpropertyData\RawData\DAT\2026\20260216\054_SALES_DATA_NNME_16022026.DAT,1460,58fa9c53da8c05c9709c6df4be9c7e351cc31b4a50951f324ed34b95115b4c5d
2026,2026-02-16,061_SALES_DATA_NNME_16022026.DAT,C:\Users\jonat\PycharmProjects\NSWpropertyData\RawData\DAT\2026\20260216\061_SALES_DATA_NNME_16022026.DAT,847,07eb63048722aafcd88d7f48f85fae15b07fcb0484591e580594733d0c3a3cf8
2026,2026-02-16,065_SALES_DATA_NNME_16022026.DAT,C:\Users\jonat\PycharmProjects\NSWpropertyData\RawData\DAT\2026\20260216\065_SALES_DATA_NNME_16022026.DAT,3428,267a32f47735bd0b93675afb4f66a23a99dbc4de036654d399545c37f1ba81a8
2026,2026-02-16,066_SALES_DATA_NNME_16022026.DAT,C:\Users\jonat\PycharmProjects\NSWpropertyData\RawData\DAT\2026\20260216\066_SALES_DATA_NNME_16022026.DAT,2176,0081c4bfdbe92be31401f22f73cef9baa5174f7af196c074e4698644b1eab4b6
2026,2026-02-16,070_SALES_DATA_NNME_16022026.DAT,C:\Users\jonat\PycharmProjects\NSWpropertyData\RawData\DAT\2026\20260216\070_SALES_DATA_NNME_16022026.DAT,1094,54f738f5129f008a544122849e9bb1ae3dbb41f7500ed7e8995a7fb81ac9504d
2026,2026-02-16,074_SALES_DATA_NNME_16022026.DAT,C:\Users\jonat\PycharmProjects\NSWpropertyData\RawData\DAT\2026\20260216\074_SALES_DATA_NNME_16022026.DAT,2347,2577c16f2f828d45f37a7bb697c32918e341df2f217cef7566f14d8b9985a891
2026,2026-02-16,081_SALES_DATA_NNME_16022026.DAT,C:\Users\jonat\PycharmProjects\NSWpropertyData\RawData\DAT\2026\20260216\081_SALES_DATA_NNME_16022026.DAT,18716,f3408c3d30a8203ae09562c2cd537023171e097d6715d87a20ebfd4afe7689e8
2026,2026-02-16,082_SALES_DATA_NNME_16022026.DAT,C:\Users\jonat\PycharmProjects\NSWpropertyData\RawData\DAT\2026\20260216\082_SALES_DATA_NNME_16022026.DAT,10208,38eea0e6bb21d83d59fce1573152b8c90d550804480194e50fc0ed9700dae273
2026,2026-02-16,083_SALES_DATA_NNME_16022026.DAT,C:\Users\jonat\PycharmProjects\NSWpropertyData\RawData\DAT\2026\20260216\083_SALES_DATA_NNME_16022026.DAT,1632,4b7941e35ebed57c9ca1cf6e2970755b13dfab7d45dab950ae81e31121c465f6
2026,2026-02-16,084_SALES_DATA_NNME_16022026.DAT,C:\Users\jonat\PycharmProjects\NSWpropertyData\RawData\DAT\2026\20260216\084_SALES_DATA_NNME_16022026.DAT,12559,2d1f5d9f61749cb821153414b162d1244d8eaee88eaa3cc011aaddb46a966de3
2026,2026-02-16,085_SALES_DATA_NNME_16022026.DAT,C:\Users\jonat\PycharmProjects\NSWpropertyData\RawData\DAT\2026\20260216\085_SALES_DATA_NNME_16022026.DAT,3754,751304703213bda9cb6fb662b9bbb751dc1aa1ad782e2b249a583e436b2a4389
2026,2026-02-16,087_SALES_DATA_NNME_16022026.DAT,C:\Users\jonat\PycharmProjects\NSWpropertyData\RawData\DAT\2026\20260216\087_SALES_DATA_NNME_16022026.DAT,1994,f0a5b6f0b60045df6963d59222f3883e1f69074d7a43a300fa15485d537496cf
2026,2026-02-16,088_SALES_DATA_NNME_16022026.DAT,C:\Users\jonat\PycharmProjects\NSWpropertyData\RawData\DAT\2026\20260216\088_SALES_DATA_NNME_16022026.DAT,9716,371b07908262811c03106d63d2f2c64469cef1c5789ff53ef3ccb4a179797211
2026,2026-02-16,090_SALES_DATA_NNME_16022026.DAT,C:\Users\jonat\PycharmProjects\NSWpropertyData\RawData\DAT\2026\20260216\090_SALES_DATA_NNME_16022026.DAT,14342,55d234aac5c09c9cd1c8a6404de69947834b070c908a1fe187b2ee7dcb3ba46a
2026,2026-02-16,092_SALES_DATA_NNME_16022026.DAT,C:\Users\jonat\PycharmProjects\NSWpropertyData\RawData\DAT\2026\20260216\092_SALES_DATA_NNME_16022026.DAT,4758,be42405c33124fae7bab547ae29e925230868b38b97d4fcf96e82e208c3e1f3e
2026,2026-02-16,097_SALES_DATA_NNME_16022026.DAT,C:\Users\jonat\PycharmProjects\NSWpropertyData\RawData\DAT\2026\20260216\097_SALES_DATA_NNME_16022026.DAT,3226,92bf50683fc7520d16a0904bb163b575250877588c13226cfe013e56fa53b898
2026,2026-02-16,098_SALES_DATA_NNME_16022026.DAT,C:\Users\jonat\PycharmProjects\NSWpropertyData\RawData\DAT\2026\20260216\098_SALES_DATA_NNME_16022026.DAT,2194,b79aa030dc76c7ad626b841ce4896430b2165bec6be0f2b626b4bc0f1c348f3b
2026,2026-02-16,100_SALES_DATA_NNME_16022026.DAT,C:\Users\jonat\PycharmProjects\NSWpropertyData\RawData\DAT\2026\20260216\100_SALES_DATA_NNME_16022026.DAT,7489,84af874bdd210f0749c52ff37cdf985008d7d8475ea5153da3d22cf6d12f4101
2026,2026-02-16,101_SALES_DATA_NNME_16022026.DAT,C:\Users\jonat\PycharmProjects\NSWpropertyData\RawData\DAT\2026\20260216\101_SALES_DATA_NNME_16022026.DAT,12791,2359a464a5925b9b0106d2b9e41bc399e5c6c12e18bdcf0f8b3c7ff8c86840aa
2026,2026-02-16,102_SALES_DATA_NNME_16022026.DAT,C:\Users\jonat\PycharmProjects\NSWpropertyData\RawData\DAT\2026\20260216\102_SALES_DATA_NNME_16022026.DAT,4219,5bc5bf82ea64004624e07064798762f1f6b04d7e1aa3520affc596e743442925
2026,2026-02-16,103_SALES_DATA_NNME_16022026.DAT,C:\Users\jonat\PycharmProjects\NSWpropertyData\RawData\DAT\2026\20260216\103_SALES_DATA_NNME_16022026.DAT,14650,1b3295d98da5345a447c44d6cec49f29a75aedfed84feb77ec126fa2c4625994
2026,2026-02-16,109_SALES_DATA_NNME_16022026.DAT,C:\Users\jonat\PycharmProjects\NSWpropertyData\RawData\DAT\2026\20260216\109_SALES_DATA_NNME_16022026.DAT,958,cedf6374a00f55b4928884c53cb367bf61c93eac70c8bec765532acd321ef9c2
2026,2026-02-16,116_SALES_DATA_NNME_16022026.DAT,C:\Users\jonat\PycharmProjects\NSWpropertyData\RawData\DAT\2026\20260216\116_SALES_DATA_NNME_16022026.DAT,1162,1f253a704307364fe5d5625863b00edb7cde7cf53e17bfc34755e022d88f7d66
2026,2026-02-16,117_SALES_DATA_NNME_16022026.DAT,C:\Users\jonat\PycharmProjects\NSWpropertyData\RawData\DAT\2026\20260216\117_SALES_DATA_NNME_16022026.DAT,1258,1db5e8827f0e641fcde94be19748d4c0df59059b400b6e75b3bf1c004b69ae53
2026,2026-02-16,118_SALES_DATA_NNME_16022026.DAT,C:\Users\jonat\PycharmProjects\NSWpropertyData\RawData\DAT\2026\20260216\118_SALES_DATA_NNME_16022026.DAT,386,04f01eef9731eab7701a05efc981eff46624e90e40d1c89ca593a159b9bb9623
2026,2026-02-16,123_SALES_DATA_NNME_16022026.DAT,C:\Users\jonat\PycharmProjects\NSWpropertyData\RawData\DAT\2026\20260216\123_SALES_DATA_NNME_16022026.DAT,722,9500b15df82b1376d0a9acfd97d3f913c323a5bef84ab51f63a077e7e468431d
2026,2026-02-16,124_SALES_DATA_NNME_16022026.DAT,C:\Users\jonat\PycharmProjects\NSWpropertyData\RawData\DAT\2026\20260216\124_SALES_DATA_NNME_16022026.DAT,3977,720a47858917c79b8967c6496952512e4e2eff0f4fe3adc52c07b47b5b92eff7
2026,2026-02-16,137_SALES_DATA_NNME_16022026.DAT,C:\Users\jonat\PycharmProjects\NSWpropertyData\RawData\DAT\2026\20260216\137_SALES_DATA_NNME_16022026.DAT,1686,34a82d14b2e55d8c8a72e43be4e050023c5ea9dd4eb5406a9e6af9d3fadfcbd6
2026,2026-02-16,139_SALES_DATA_NNME_16022026.DAT,C:\Users\jonat\PycharmProjects\NSWpropertyData\RawData\DAT\2026\20260216\139_SALES_DATA_NNME_16022026.DAT,6851,48a5695d317e55d8b71dcf8f5fce26bf64b15631ea876bb62917ae7976f5d3ee
2026,2026-02-16,143_SALES_DATA_NNME_16022026.DAT,C:\Users\jonat\PycharmProjects\NSWpropertyData\RawData\DAT\2026\20260216\143_SALES_DATA_NNME_16022026.DAT,2159,13eeabe124d66367f661697ed4d8821298c4c682bea69e589393a860e93e4c2b
2026,2026-02-16,144_SALES_DATA_NNME_16022026.DAT,C:\Users\jonat\PycharmProjects\NSWpropertyData\RawData\DAT\2026\20260216\144_SALES_DATA_NNME_16022026.DAT,19930,2d59cab1f8fa510ae10f4c2848a5bb1c3f98f595aa3be6a5f8cbe42f29983a8e
2026,2026-02-16,148_SALES_DATA_NNME_16022026.DAT,C:\Users\jonat\PycharmProjects\NSWpropertyData\RawData\DAT\2026\20260216\148_SALES_DATA_NNME_16022026.DAT,5880,414636f03620027f63585bb614bdb40dbc08d5ddc49be42b1263c57a9c274adb
2026,2026-02-16,149_SALES_DATA_NNME_16022026.DAT,C:\Users\jonat\PycharmProjects\NSWpropertyData\RawData\DAT\2026\20260216\149_SALES_DATA_NNME_16022026.DAT,1208,9f8091cedfae12d241c75164f5cadf9fe961f87d497607b96e18c146408476ff
2026,2026-02-16,150_SALES_DATA_NNME_16022026.DAT,C:\Users\jonat\PycharmProjects\NSWpropertyData\RawData\DAT\2026\20260216\150_SALES_DATA_NNME_16022026.DAT,3581,3d1dc883956af3c309fdacc1a3eb77a61eb5bce4cff5951897026f80846a102e
2026,2026-02-16,151_SALES_DATA_NNME_16022026.DAT,C:\Users\jonat\PycharmProjects\NSWpropertyData\RawData\DAT\2026\20260216\151_SALES_DATA_NNME_16022026.DAT,2065,e8cc6e06aa4ead3b235e4437767ac7df2f3bd5a79153e60330c09cdaba4f15f2
2026,2026-02-16,152_SALES_DATA_NNME_16022026.DAT,C:\Users\jonat\PycharmProjects\NSWpropertyData\RawData\DAT\2026\20260216\152_SALES_DATA_NNME_16022026.DAT,7807,cd918184ec6b1aee9c0c499bdf6b2cd44c33b1c333abccf6983359c95f93bdbe
2026,2026-02-16,157_SALES_DATA_NNME_16022026.DAT,C:\Users\jonat\PycharmProjects\NSWpropertyData\RawData\DAT\2026\20260216\157_SALES_DATA_NNME_16022026.DAT,6465,dfc4653ab585d032b082b56062452a364fe4c28cef6171852bc3c5b6a4ae0f06
2026,2026-02-16,158_SALES_DATA_NNME_16022026.DAT,C:\Users\jonat\PycharmProjects\NSWpropertyData\RawData\DAT\2026\20260216\158_SALES_DATA_NNME_16022026.DAT,1318,01f1c05f8a983d149a6b95d6712c30989456f698ca424bfc3fd69ccb7bf6da57
2026,2026-02-16,159_SALES_DATA_NNME_16022026.DAT,C:\Users\jonat\PycharmProjects\NSWpropertyData\RawData\DAT\2026\20260216\159_SALES_DATA_NNME_16022026.DAT,6262,17270423b883c1765a218b5a427071e81a2e67a18954fe77ec06b3a3130ad146
2026,2026-02-16,164_SALES_DATA_NNME_16022026.DAT,C:\Users\jonat\PycharmProjects\NSWpropertyData\RawData\DAT\2026\20260216\164_SALES_DATA_NNME_16022026.DAT,2780,c7488f477c2ab00b8aa469b35ff3184b5fd2a99a093e67e9f9e05442c23891fa
2026,2026-02-16,171_SALES_DATA_NNME_16022026.DAT,C:\Users\jonat\PycharmProjects\NSWpropertyData\RawData\DAT\2026\20260216\171_SALES_DATA_NNME_16022026.DAT,11121,0b70bcc30b1f06acbfcfce9d0f35530f9f1eacb556ef39ce0eb32d861490a33a
2026,2026-02-16,187_SALES_DATA_NNME_16022026.DAT,C:\Users\jonat\PycharmProjects\NSWpropertyData\RawData\DAT\2026\20260216\187_SALES_DATA_NNME_16022026.DAT,1559,e390e4ad87679dff657d52dcce35bc611c7e6688d28cdb5b018bf9280afd401a
2026,2026-02-16,188_SALES_DATA_NNME_16022026.DAT,C:\Users\jonat\PycharmProjects\NSWpropertyData\RawData\DAT\2026\20260216\188_SALES_DATA_NNME_16022026.DAT,2555,570c5a6f0ffc506dfc1422932a9c72e3100b676f9136286fb917f4302f2af4c9
2026,2026-02-16,192_SALES_DATA_NNME_16022026.DAT,C:\Users\jonat\PycharmProjects\NSWpropertyData\RawData\DAT\2026\20260216\192_SALES_DATA_NNME_16022026.DAT,3923,6c63b84adaa121a9917427d1bc76ae7500627a14d7863a56320d545ca1945880
2026,2026-02-16,199_SALES_DATA_NNME_16022026.DAT,C:\Users\jonat\PycharmProjects\NSWpropertyData\RawData\DAT\2026\20260216\199_SALES_DATA_NNME_16022026.DAT,384,29a685329efb824788ddd777f83661c919f96904aa8aad5d7185f3729acc7016
2026,2026-02-16,207_SALES_DATA_NNME_16022026.DAT,C:\Users\jonat\PycharmProjects\NSWpropertyData\RawData\DAT\2026\20260216\207_SALES_DATA_NNME_16022026.DAT,8100,f4a2095a1247de0172b1972658562833476ba2829a8b75bc0ab42ad9dc42500a
2026,2026-02-16,209_SALES_DATA_NNME_16022026.DAT,C:\Users\jonat\PycharmProjects\NSWpropertyData\RawData\DAT\2026\20260216\209_SALES_DATA_NNME_16022026.DAT,6826,16a3ab8a45e97961350fe4dcb1b827bd600b8f9470308c93fc10103fe603c2d2
2026,2026-02-16,210_SALES_DATA_NNME_16022026.DAT,C:\Users\jonat\PycharmProjects\NSWpropertyData\RawData\DAT\2026\20260216\210_SALES_DATA_NNME_16022026.DAT,5766,7b32a30e7284383516b9e00bc069b0fb2e8f8b68b818a64031666df3fd975cf2
2026,2026-02-16,214_SALES_DATA_NNME_16022026.DAT,C:\Users\jonat\PycharmProjects\NSWpropertyData\RawData\DAT\2026\20260216\214_SALES_DATA_NNME_16022026.DAT,29657,54c0e634ea249a4af479781a407a9034ad875bbeedabcfe2af1262d3c5c62555
2026,2026-02-16,216_SALES_DATA_NNME_16022026.DAT,C:\Users\jonat\PycharmProjects\NSWpropertyData\RawData\DAT\2026\20260216\216_SALES_DATA_NNME_16022026.DAT,7824,c25c40ff399d551b8ff7760e94dabbbead9eae510a5bea635c91e84205f93ffe
2026,2026-02-16,217_SALES_DATA_NNME_16022026.DAT,C:\Users\jonat\PycharmProjects\NSWpropertyData\RawData\DAT\2026\20260216\217_SALES_DATA_NNME_16022026.DAT,10326,b0cc9fa7f941fccf01259b894978fb02bdfb36a68ae293b97259a2c72c63bcd2
2026,2026-02-16,218_SALES_DATA_NNME_16022026.DAT,C:\Users\jonat\PycharmProjects\NSWpropertyData\RawData\DAT\2026\20260216\218_SALES_DATA_NNME_16022026.DAT,13546,128557327a14ea88641b292416bb7e807ca68d66702cbd4a720f074826b16951
2026,2026-02-16,219_SALES_DATA_NNME_16022026.DAT,C:\Users\jonat\PycharmProjects\NSWpropertyData\RawData\DAT\2026\20260216\219_SALES_DATA_NNME_16022026.DAT,5558,01c55158f59e04e2d6a38ec2ef9b7571288f82e227a998e48d0dc16399522086
2026,2026-02-16,220_SALES_DATA_NNME_16022026.DAT,C:\Users\jonat\PycharmProjects\NSWpropertyData\RawData\DAT\2026\20260216\220_SALES_DATA_NNME_16022026.DAT,10049,2b32e77b4e0e52e7860ac963b9a9e89f0447bb1efad021023bdc0174172b2e08
2026,2026-02-16,222_SALES_DATA_NNME_16022026.DAT,C:\Users\jonat\PycharmProjects\NSWpropertyData\RawData\DAT\2026\20260216\222_SALES_DATA_NNME_16022026.DAT,1178,00b7b6850c19cee3036a88910aad0549bbb0af54f5a11c3fbf1d74a89e7d172a
2026,2026-02-16,223_SALES_DATA_NNME_16022026.DAT,C:\Users\jonat\PycharmProjects\NSWpropertyData\RawData\DAT\2026\20260216\223_SALES_DATA_NNME_16022026.DAT,19542,8e8b92ba01132540fa7d35cfe754ba8f613a0757afb7e9dd7ddb2509793f240b
2026,2026-02-16,224_SALES_DATA_NNME_16022026.DAT,C:\Users\jonat\PycharmProjects\NSWpropertyData\RawData\DAT\2026\20260216\224_SALES_DATA_NNME_16022026.DAT,15312,1ec93ce85c558f5195f7c2a63000f4ea8843e97f65ad01ba807a095465e6329d
2026,2026-02-16,226_SALES_DATA_NNME_16022026.DAT,C:\Users\jonat\PycharmProjects\NSWpropertyData\RawData\DAT\2026\20260216\226_SALES_DATA_NNME_16022026.DAT,10919,39b6750e25b560ab36cd2acb3ff56e46f8a13d6017fdd4b6fb4ca9e3a406429e
2026,2026-02-16,230_SALES_DATA_NNME_16022026.DAT,C:\Users\jonat\PycharmProjects\NSWpropertyData\RawData\DAT\2026\20260216\230_SALES_DATA_NNME_16022026.DAT,297,8fcb11a13790a266d1955f878978c185217ccc5699d03f9c12745a1c9efcb376
2026,2026-02-16,231_SALES_DATA_NNME_16022026.DAT,C:\Users\jonat\PycharmProjects\NSWpropertyData\RawData\DAT\2026\20260216\231_SALES_DATA_NNME_16022026.DAT,1467,e27c840ef04a28d531e08e13d1ae9ecd3e65b32102ad7384f24447ac79aff6e1
2026,2026-02-16,232_SALES_DATA_NNME_16022026.DAT,C:\Users\jonat\PycharmProjects\NSWpropertyData\RawData\DAT\2026\20260216\232_SALES_DATA_NNME_16022026.DAT,604,823b6949f59e98333231ff88287ed23b3c2bf7ca8139d66045f621073c3dc28c
2026,2026-02-16,234_SALES_DATA_NNME_16022026.DAT,C:\Users\jonat\PycharmProjects\NSWpropertyData\RawData\DAT\2026\20260216\234_SALES_DATA_NNME_16022026.DAT,2098,0fb0493409152f4f5761bc0942b43c4af7fc64a7825a0dc4259658a0128416e4
2026,2026-02-16,235_SALES_DATA_NNME_16022026.DAT,C:\Users\jonat\PycharmProjects\NSWpropertyData\RawData\DAT\2026\20260216\235_SALES_DATA_NNME_16022026.DAT,766,ab8854934fee9d8c300f73f0d8d68029a5c06238bcb95d86b3ea1c2de1dcc268
2026,2026-02-16,236_SALES_DATA_NNME_16022026.DAT,C:\Users\jonat\PycharmProjects\NSWpropertyData\RawData\DAT\2026\20260216\236_SALES_DATA_NNME_16022026.DAT,337,16b33d23fa8da000167ca0516c8203aaa7cada4351c5943d9d77e6570fb837eb
2026,2026-02-16,238_SALES_DATA_NNME_16022026.DAT,C:\Users\jonat\PycharmProjects\NSWpropertyData\RawData\DAT\2026\20260216\238_SALES_DATA_NNME_16022026.DAT,613,a1a2378661e3afbcb01bbd5c36480bddcad819da76bed03e305bdbadda46d1ab
2026,2026-02-16,239_SALES_DATA_NNME_16022026.DAT,C:\Users\jonat\PycharmProjects\NSWpropertyData\RawData\DAT\2026\20260216\239_SALES_DATA_NNME_16022026.DAT,582,cf604393e4133c3aaff321ba0f91e215d5df5fa95c7bdd0509bdc01d956b0714
2026,2026-02-16,240_SALES_DATA_NNME_16022026.DAT,C:\Users\jonat\PycharmProjects\NSWpropertyData\RawData\DAT\2026\20260216\240_SALES_DATA_NNME_16022026.DAT,1206,3a4d04f29203162a042ddcb0c4381c7994baeeebe027af17448a7dd103e75d3d
2026,2026-02-16,243_SALES_DATA_NNME_16022026.DAT,C:\Users\jonat\PycharmProjects\NSWpropertyData\RawData\DAT\2026\20260216\243_SALES_DATA_NNME_16022026.DAT,370,3476d98cfb7065a663c355602f9b6cf8b31e9e5240e70ccc4822a95e376b15f9
2026,2026-02-16,244_SALES_DATA_NNME_16022026.DAT,C:\Users\jonat\PycharmProjects\NSWpropertyData\RawData\DAT\2026\20260216\244_SALES_DATA_NNME_16022026.DAT,794,6fd589ea4088350d1b1c8838873c13a492bff02ccaf574dfc6e82310c0557e26
2026,2026-02-16,247_SALES_DATA_NNME_16022026.DAT,C:\Users\jonat\PycharmProjects\NSWpropertyData\RawData\DAT\2026\20260216\247_SALES_DATA_NNME_16022026.DAT,1331,1e4aea023497b79581f5edf8a6f0391b8c2a4a1fede88f6272e5f308a89dd4e9
2026,2026-02-16,250_SALES_DATA_NNME_16022026.DAT,C:\Users\jonat\PycharmProjects\NSWpropertyData\RawData\DAT\2026\20260216\250_SALES_DATA_NNME_16022026.DAT,2449,cac4dccafe6a1ea114bd662a843a9d6da1df99e4f5e153c7fb19c9acb2d30750
2026,2026-02-16,251_SALES_DATA_NNME_16022026.DAT,C:\Users\jonat\PycharmProjects\NSWpropertyData\RawData\DAT\2026\20260216\251_SALES_DATA_NNME_16022026.DAT,1444,b81c59d3498a107052b9072604b6bc0911fff64ab9d97d6c9f5c3ed940d6d539
2026,2026-02-16,252_SALES_DATA_NNME_16022026.DAT,C:\Users\jonat\PycharmProjects\NSWpropertyData\RawData\DAT\2026\20260216\252_SALES_DATA_NNME_16022026.DAT,338,09746774cbe4ed836dc68dee305b753516713512b55af2a218f577fa65fefce4
2026,2026-02-16,253_SALES_DATA_NNME_16022026.DAT,C:\Users\jonat\PycharmProjects\NSWpropertyData\RawData\DAT\2026\20260216\253_SALES_DATA_NNME_16022026.DAT,570,8010ee45fa00ecbb3d3155a0c7f8a153f8dbf73cac09a4fcbdf75b2c378eb197
2026,2026-02-16,254_SALES_DATA_NNME_16022026.DAT,C:\Users\jonat\PycharmProjects\NSWpropertyData\RawData\DAT\2026\20260216\254_SALES_DATA_NNME_16022026.DAT,638,1a2716ee290600122d6bd2cf8bbd20581b3d6dc5d62b4e177dcce45ec3bf7814
2026,2026-02-16,255_SALES_DATA_NNME_16022026.DAT,C:\Users\jonat\PycharmProjects\NSWpropertyData\RawData\DAT\2026\20260216\255_SALES_DATA_NNME_16022026.DAT,1156,b1487dd67f104cbc072a65b07cd156b4b5c51c4d1e27d62c3b71860d6595aa3b
2026,2026-02-16,257_SALES_DATA_NNME_16022026.DAT,C:\Users\jonat\PycharmProjects\NSWpropertyData\RawData\DAT\2026\20260216\257_SALES_DATA_NNME_16022026.DAT,4893,6bd3e17e08ced5099ccd9a9718538785d93c7c73999382c46610395b444bf5d2
2026,2026-02-16,258_SALES_DATA_NNME_16022026.DAT,C:\Users\jonat\PycharmProjects\NSWpropertyData\RawData\DAT\2026\20260216\258_SALES_DATA_NNME_16022026.DAT,20147,1586c4dc246ea9b04e2cf4f48f5f77b59811ebaf260d81386867e8cbae015015
2026,2026-02-16,259_SALES_DATA_NNME_16022026.DAT,C:\Users\jonat\PycharmProjects\NSWpropertyData\RawData\DAT\2026\20260216\259_SALES_DATA_NNME_16022026.DAT,29260,235f4cae092c3d23c66176b02ed7bcfbe0c7f4b79f766b4dd6829bd4f0f7330e
2026,2026-02-16,260_SALES_DATA_NNME_16022026.DAT,C:\Users\jonat\PycharmProjects\NSWpropertyData\RawData\DAT\2026\20260216\260_SALES_DATA_NNME_16022026.DAT,18333,eeefc2f0790a935315df8a0d9a074038be6ac2e61ddaf4753946c6762bc99d76
2026,2026-02-16,261_SALES_DATA_NNME_16022026.DAT,C:\Users\jonat\PycharmProjects\NSWpropertyData\RawData\DAT\2026\20260216\261_SALES_DATA_NNME_16022026.DAT,16497,fe431809e44f9a259cd74bfd121c07de80843bc767d383c30cb1abcc48947188
2026,2026-02-16,262_SALES_DATA_NNME_16022026.DAT,C:\Users\jonat\PycharmProjects\NSWpropertyData\RawData\DAT\2026\20260216\262_SALES_DATA_NNME_16022026.DAT,956,91ee77d1acbffe7b52c54c5893db80f009f1aab9816b425d0947bfbb5a1e94d0
2026,2026-02-16,263_SALES_DATA_NNME_16022026.DAT,C:\Users\jonat\PycharmProjects\NSWpropertyData\RawData\DAT\2026\20260216\263_SALES_DATA_NNME_16022026.DAT,2412,54ed2d4426e139bc7f02ce5e785d7502feb99914a0752b4bbd5da58ae93570ae
2026,2026-02-16,264_SALES_DATA_NNME_16022026.DAT,C:\Users\jonat\PycharmProjects\NSWpropertyData\RawData\DAT\2026\20260216\264_SALES_DATA_NNME_16022026.DAT,9836,37081c5d28f520b97641cdb609858839024e23e93745709d3b9a163f8a824f4c
2026,2026-02-16,265_SALES_DATA_NNME_16022026.DAT,C:\Users\jonat\PycharmProjects\NSWpropertyData\RawData\DAT\2026\20260216\265_SALES_DATA_NNME_16022026.DAT,293,bb7de0752fc74d7c8b7bf16ad8c4bbf09809edb15a76ff07697c32c296df76f0
2026,2026-02-16,266_SALES_DATA_NNME_16022026.DAT,C:\Users\jonat\PycharmProjects\NSWpropertyData\RawData\DAT\2026\20260216\266_SALES_DATA_NNME_16022026.DAT,3201,5737091995b37886b7ad85de652c356b959f702e24660bd4ebcb4d9232d15bc7
2026,2026-02-16,267_SALES_DATA_NNME_16022026.DAT,C:\Users\jonat\PycharmProjects\NSWpropertyData\RawData\DAT\2026\20260216\267_SALES_DATA_NNME_16022026.DAT,13465,95ddbfe5a3caf5c623aeb11e79c410231dbcbd9a289d9e0da1a02885c8dd5bf0
2026,2026-02-16,268_SALES_DATA_NNME_16022026.DAT,C:\Users\jonat\PycharmProjects\NSWpropertyData\RawData\DAT\2026\20260216\268_SALES_DATA_NNME_16022026.DAT,10347,24d080ad4e2b20b3ca119082c445030d593400f5f230db176b7258e6cf490d8c
2026,2026-02-16,269_SALES_DATA_NNME_16022026.DAT,C:\Users\jonat\PycharmProjects\NSWpropertyData\RawData\DAT\2026\20260216\269_SALES_DATA_NNME_16022026.DAT,2895,53137d6895a579654f1a43a34f35c1327c6ea7cf2a15237ffb203cadf54389d1
2026,2026-02-16,271_SALES_DATA_NNME_16022026.DAT,C:\Users\jonat\PycharmProjects\NSWpropertyData\RawData\DAT\2026\20260216\271_SALES_DATA_NNME_16022026.DAT,17605,0b6ba41653fd714e5deb4e3af8ccaf4866c38d44565850760ebcf8009189199a
2026,2026-02-16,272_SALES_DATA_NNME_16022026.DAT,C:\Users\jonat\PycharmProjects\NSWpropertyData\RawData\DAT\2026\20260216\272_SALES_DATA_NNME_16022026.DAT,5681,30b429acb80e4b9b05d0df1d4f1eb71f72c570d666ed832e0c393485c343f6ed
2026,2026-02-16,273_SALES_DATA_NNME_16022026.DAT,C:\Users\jonat\PycharmProjects\NSWpropertyData\RawData\DAT\2026\20260216\273_SALES_DATA_NNME_16022026.DAT,3606,b3fed18f9bd2331b78c100791ee1c187a7d53c0eed86fed39654975bc5e3c949
2026,2026-02-16,274_SALES_DATA_NNME_16022026.DAT,C:\Users\jonat\PycharmProjects\NSWpropertyData\RawData\DAT\2026\20260216\274_SALES_DATA_NNME_16022026.DAT,1695,fe654245921e213729a2e5333c0aec59c8ce787da3376acdd2f92d1a7ae68b74
2026,2026-02-16,275_SALES_DATA_NNME_16022026.DAT,C:\Users\jonat\PycharmProjects\NSWpropertyData\RawData\DAT\2026\20260216\275_SALES_DATA_NNME_16022026.DAT,5881,24c7f3fac09fe6fe242865780058343e00587cce24d6bc9f1dc7b82905cae20c
2026,2026-02-16,276_SALES_DATA_NNME_16022026.DAT,C:\Users\jonat\PycharmProjects\NSWpropertyData\RawData\DAT\2026\20260216\276_SALES_DATA_NNME_16022026.DAT,10933,229b5b6bc4bf6ae43d4de33f6377a3ad1ee5f809d6c86722a3c3b419c716032e
2026,2026-02-16,300_SALES_DATA_NNME_16022026.DAT,C:\Users\jonat\PycharmProjects\NSWpropertyData\RawData\DAT\2026\20260216\300_SALES_DATA_NNME_16022026.DAT,1213,f9b79383d285e5740cbe38c70de4b708fec5382b69ea606cb6bb7306f377a0ce
2026,2026-02-16,301_SALES_DATA_NNME_16022026.DAT,C:\Users\jonat\PycharmProjects\NSWpropertyData\RawData\DAT\2026\20260216\301_SALES_DATA_NNME_16022026.DAT,296,4dff65314e4c06a928ce6cf8f822e6cbdc990c97449a32a503f7b57bc415efa2
2026,2026-02-16,302_SALES_DATA_NNME_16022026.DAT,C:\Users\jonat\PycharmProjects\NSWpropertyData\RawData\DAT\2026\20260216\302_SALES_DATA_NNME_16022026.DAT,701,ce781a7ccc6dc098ef776b5c5a80dfe4422dd1fa20618080460457b2c331823c
2026,2026-02-16,303_SALES_DATA_NNME_16022026.DAT,C:\Users\jonat\PycharmProjects\NSWpropertyData\RawData\DAT\2026\20260216\303_SALES_DATA_NNME_16022026.DAT,6984,42fc2a4e87acb1785afa45abb504fdf7f10cfddb2fa5020227737c71f8aa6fce
2026,2026-02-16,511_SALES_DATA_NNME_16022026.DAT,C:\Users\jonat\PycharmProjects\NSWpropertyData\RawData\DAT\2026\20260216\511_SALES_DATA_NNME_16022026.DAT,689,f8dd2744e0f5e1362898300356069cd53c76e28a1ca309f4387de5ca59be4eff
2026,2026-02-16,526_SALES_DATA_NNME_16022026.DAT,C:\Users\jonat\PycharmProjects\NSWpropertyData\RawData\DAT\2026\20260216\526_SALES_DATA_NNME_16022026.DAT,1663,b9bffcbd06d669bcc214e053c24931cd4287befb8e1fbc11be90ed547dda9510
2026,2026-02-16,528_SALES_DATA_NNME_16022026.DAT,C:\Users\jonat\PycharmProjects\NSWpropertyData\RawData\DAT\2026\20260216\528_SALES_DATA_NNME_16022026.DAT,1553,7155bf7f15398bce23620b31872f76adb2eed2dba9d998c38c810c32173d8995
2026,2026-02-16,529_SALES_DATA_NNME_16022026.DAT,C:\Users\jonat\PycharmProjects\NSWpropertyData\RawData\DAT\2026\20260216\529_SALES_DATA_NNME_16022026.DAT,3834,7e30aed1af549456d312054585b3377dfe6ee27a1562dc4021704ab12a81ca17
2026,2026-02-16,537_SALES_DATA_NNME_16022026.DAT,C:\Users\jonat\PycharmProjects\NSWpropertyData\RawData\DAT\2026\20260216\537_SALES_DATA_NNME_16022026.DAT,1598,85ea00fa3756de4b015fb61c3788f2c69fc35d9c28548d14d55a43f121b8a166
2026,2026-02-16,538_SALES_DATA_NNME_16022026.DAT,C:\Users\jonat\PycharmProjects\NSWpropertyData\RawData\DAT\2026\20260216\538_SALES_DATA_NNME_16022026.DAT,413,3b5051d5a72adc88316e51fc350f0ecd7ec4cf546d884fc598053091112245e2
2026,2026-02-16,560_SALES_DATA_NNME_16022026.DAT,C:\Users\jonat\PycharmProjects\NSWpropertyData\RawData\DAT\2026\20260216\560_SALES_DATA_NNME_16022026.DAT,1310,70f16b00e05cc0a3e31cfc3520bafda9a311bbc3ec17e776aafc42d9ae8d3670
2026,2026-02-16,575_SALES_DATA_NNME_16022026.DAT,C:\Users\jonat\PycharmProjects\NSWpropertyData\RawData\DAT\2026\20260216\575_SALES_DATA_NNME_16022026.DAT,10364,84376a599f90bc8bf5507f0cb4198ae4387a0a741e373b6c75aef6264f4f05d1
2026,2026-02-16,608_SALES_DATA_NNME_16022026.DAT,C:\Users\jonat\PycharmProjects\NSWpropertyData\RawData\DAT\2026\20260216\608_SALES_DATA_NNME_16022026.DAT,3869,16e24ea50226de3b831182df8a380d433f3aee0f081d168bdea14d9c7a291dbe
2026,2026-02-16,620_SALES_DATA_NNME_16022026.DAT,C:\Users\jonat\PycharmProjects\NSWpropertyData\RawData\DAT\2026\20260216\620_SALES_DATA_NNME_16022026.DAT,4088,0ed750c7be5b65d65b651bd1cb485201d53995105b965bb066ae8aa282ad093f
2026,2026-02-16,656_SALES_DATA_NNME_16022026.DAT,C:\Users\jonat\PycharmProjects\NSWpropertyData\RawData\DAT\2026\20260216\656_SALES_DATA_NNME_16022026.DAT,11229,441f196803565e247fc8eea38834cbc976db72444e1874f919b3106757c2c909
2026,2026-02-16,666_SALES_DATA_NNME_16022026.DAT,C:\Users\jonat\PycharmProjects\NSWpropertyData\RawData\DAT\2026\20260216\666_SALES_DATA_NNME_16022026.DAT,3567,881f2047de680f8cbaded7194c96a3d24e7f3cf58f23eccf705521923203030b
2026,2026-02-16,708_SALES_DATA_NNME_16022026.DAT,C:\Users\jonat\PycharmProjects\NSWpropertyData\RawData\DAT\2026\20260216\708_SALES_DATA_NNME_16022026.DAT,22087,e65cbf53724c54915a9ce758bf7c178c095f3347fa402c8b654a6ab639bbcba8
2026,2026-02-23,001_SALES_DATA_NNME_23022026.DAT,C:\Users\jonat\PycharmProjects\NSWpropertyData\RawData\DAT\2026\20260223\001_SALES_DATA_NNME_23022026.DAT,4350,6fb8867d2a64e284e6a13090e40fb6fbaca808666cfb634e4c7b492bd475ee29
2026,2026-02-23,002_SALES_DATA_NNME_23022026.DAT,C:\Users\jonat\PycharmProjects\NSWpropertyData\RawData\DAT\2026\20260223\002_SALES_DATA_NNME_23022026.DAT,627,8259ff63fba18cc8f6049eb66a42105c2b23cb3fe8b710f933d50d3ae827b3b2
2026,2026-02-23,004_SALES_DATA_NNME_23022026.DAT,C:\Users\jonat\PycharmProjects\NSWpropertyData\RawData\DAT\2026\20260223\004_SALES_DATA_NNME_23022026.DAT,24713,a9c35a1f5a6a856ea0d8b4d82fa01a374c6330d6d99e7f6722a58dcab66d403a
2026,2026-02-23,005_SALES_DATA_NNME_23022026.DAT,C:\Users\jonat\PycharmProjects\NSWpropertyData\RawData\DAT\2026\20260223\005_SALES_DATA_NNME_23022026.DAT,5389,69acb566e7c9bebe61de28e9335b38d45bfc86634a32ae57540f22290a424818
2026,2026-02-23,007_SALES_DATA_NNME_23022026.DAT,C:\Users\jonat\PycharmProjects\NSWpropertyData\RawData\DAT\2026\20260223\007_SALES_DATA_NNME_23022026.DAT,2293,8b093a6e729d04644c492a34af710ac797d845459c7f027a80e5708dfae5b019
2026,2026-02-23,008_SALES_DATA_NNME_23022026.DAT,C:\Users\jonat\PycharmProjects\NSWpropertyData\RawData\DAT\2026\20260223\008_SALES_DATA_NNME_23022026.DAT,9824,13e0ea30bdc69c4beba955382978a6a3494a739af8a42d135e434adef9b03676
2026,2026-02-23,010_SALES_DATA_NNME_23022026.DAT,C:\Users\jonat\PycharmProjects\NSWpropertyData\RawData\DAT\2026\20260223\010_SALES_DATA_NNME_23022026.DAT,5316,784fb25d2ae02db75f63a3f1b2743cf93b102b4ad7b51fc79f48d3631f770dbf
2026,2026-02-23,012_SALES_DATA_NNME_23022026.DAT,C:\Users\jonat\PycharmProjects\NSWpropertyData\RawData\DAT\2026\20260223\012_SALES_DATA_NNME_23022026.DAT,1460,458733195dd67642ea17ea71a95f4df379b574d5ca4aba95a6d617ed9f9829b3
2026,2026-02-23,018_SALES_DATA_NNME_23022026.DAT,C:\Users\jonat\PycharmProjects\NSWpropertyData\RawData\DAT\2026\20260223\018_SALES_DATA_NNME_23022026.DAT,3548,c98c76deac05da3d1adfe95661882a9b25ede1d8817d5f5a07b9af08900dc199
2026,2026-02-23,042_SALES_DATA_NNME_23022026.DAT,C:\Users\jonat\PycharmProjects\NSWpropertyData\RawData\DAT\2026\20260223\042_SALES_DATA_NNME_23022026.DAT,2123,2178ad8a4fabe9cf1ae276d0f1ff01f6b9128c28690a40d44a7a8677388e20f5
2026,2026-02-23,043_SALES_DATA_NNME_23022026.DAT,C:\Users\jonat\PycharmProjects\NSWpropertyData\RawData\DAT\2026\20260223\043_SALES_DATA_NNME_23022026.DAT,366,f6d98a72ba6e6d60f9df22b7285c29acde08cf5f90f5eea2cdf5debe68188cb5
2026,2026-02-23,050_SALES_DATA_NNME_23022026.DAT,C:\Users\jonat\PycharmProjects\NSWpropertyData\RawData\DAT\2026\20260223\050_SALES_DATA_NNME_23022026.DAT,4455,739aad6a05a0d5cc38d6fea9af02df05dbca74760267006cccf9de1169e34c01
2026,2026-02-23,051_SALES_DATA_NNME_23022026.DAT,C:\Users\jonat\PycharmProjects\NSWpropertyData\RawData\DAT\2026\20260223\051_SALES_DATA_NNME_23022026.DAT,585,fa9c51f454f852db43de11b42c1379c380845c9a92a1d22b76f080417d335791
2026,2026-02-23,052_SALES_DATA_NNME_23022026.DAT,C:\Users\jonat\PycharmProjects\NSWpropertyData\RawData\DAT\2026\20260223\052_SALES_DATA_NNME_23022026.DAT,614,fa618ab726294bb602d5cbc174d241ff29f0880c20e2c4a06e2bd1918117ed71
2026,2026-02-23,054_SALES_DATA_NNME_23022026.DAT,C:\Users\jonat\PycharmProjects\NSWpropertyData\RawData\DAT\2026\20260223\054_SALES_DATA_NNME_23022026.DAT,2424,ec1efde3c7d40bf4e9db4f1deee44a4f90806e3add06eccfcc477804f7688da3
2026,2026-02-23,065_SALES_DATA_NNME_23022026.DAT,C:\Users\jonat\PycharmProjects\NSWpropertyData\RawData\DAT\2026\20260223\065_SALES_DATA_NNME_23022026.DAT,967,0afcfbf6cd12dbafb021be7ddfa705a89cff899fe57ba048c4ffc9320564959f
2026,2026-02-23,066_SALES_DATA_NNME_23022026.DAT,C:\Users\jonat\PycharmProjects\NSWpropertyData\RawData\DAT\2026\20260223\066_SALES_DATA_NNME_23022026.DAT,418,1da55bdacefb8c347d7cb7341e0ff1d8d56a02165390fd57545176728fd5ef48
2026,2026-02-23,070_SALES_DATA_NNME_23022026.DAT,C:\Users\jonat\PycharmProjects\NSWpropertyData\RawData\DAT\2026\20260223\070_SALES_DATA_NNME_23022026.DAT,657,a6d881a7c2b3f3f0279ee460445ace809c494434f51402aafa39a3834ef6e094
2026,2026-02-23,074_SALES_DATA_NNME_23022026.DAT,C:\Users\jonat\PycharmProjects\NSWpropertyData\RawData\DAT\2026\20260223\074_SALES_DATA_NNME_23022026.DAT,3280,ac6082bf5ee12b73deb3972bd8648f69b62fdcdb73b5fd2bfb367ac6b4720c17
2026,2026-02-23,081_SALES_DATA_NNME_23022026.DAT,C:\Users\jonat\PycharmProjects\NSWpropertyData\RawData\DAT\2026\20260223\081_SALES_DATA_NNME_23022026.DAT,16366,1270abbdde80d8486dae038e00534ed4253590f929ace59b5082feee318d9d21
2026,2026-02-23,082_SALES_DATA_NNME_23022026.DAT,C:\Users\jonat\PycharmProjects\NSWpropertyData\RawData\DAT\2026\20260223\082_SALES_DATA_NNME_23022026.DAT,3852,8dc455ad3fc8f77ad8b1519f5230c8d79dfa076ea93c111ab4865448dc5f5da2
2026,2026-02-23,083_SALES_DATA_NNME_23022026.DAT,C:\Users\jonat\PycharmProjects\NSWpropertyData\RawData\DAT\2026\20260223\083_SALES_DATA_NNME_23022026.DAT,371,d8946ee03414a282ad39f363aad25dc4860a057814a2808add607664282062f1
2026,2026-02-23,084_SALES_DATA_NNME_23022026.DAT,C:\Users\jonat\PycharmProjects\NSWpropertyData\RawData\DAT\2026\20260223\084_SALES_DATA_NNME_23022026.DAT,5013,41df785561fdef17f207d2e0100934e4899260d2c394a85b8e9630eb02d877f0
2026,2026-02-23,085_SALES_DATA_NNME_23022026.DAT,C:\Users\jonat\PycharmProjects\NSWpropertyData\RawData\DAT\2026\20260223\085_SALES_DATA_NNME_23022026.DAT,2511,3b250d731cc1a204ca2860dbf4a56284fc0566692e4ab55ae208abdf1d8105a7
2026,2026-02-23,087_SALES_DATA_NNME_23022026.DAT,C:\Users\jonat\PycharmProjects\NSWpropertyData\RawData\DAT\2026\20260223\087_SALES_DATA_NNME_23022026.DAT,1448,33b4fa6afbce1764610b9ce0d97635ade4a61d3e8f672d3c6583cdb30fd1ba59
2026,2026-02-23,088_SALES_DATA_NNME_23022026.DAT,C:\Users\jonat\PycharmProjects\NSWpropertyData\RawData\DAT\2026\20260223\088_SALES_DATA_NNME_23022026.DAT,4452,cc7a8ae52e913f28a6ebce60129022e2a588da24bd063dc97dbd46ca26f52c17
2026,2026-02-23,090_SALES_DATA_NNME_23022026.DAT,C:\Users\jonat\PycharmProjects\NSWpropertyData\RawData\DAT\2026\20260223\090_SALES_DATA_NNME_23022026.DAT,9624,282d021412de7af376afc3ddf3e3d8122e292d9249bb3261cba26e6e7463acca
2026,2026-02-23,092_SALES_DATA_NNME_23022026.DAT,C:\Users\jonat\PycharmProjects\NSWpropertyData\RawData\DAT\2026\20260223\092_SALES_DATA_NNME_23022026.DAT,3047,fdb833fb5ab08176ec15feab17bdd44dcf368da4290aa71ca145c1399135c343
2026,2026-02-23,097_SALES_DATA_NNME_23022026.DAT,C:\Users\jonat\PycharmProjects\NSWpropertyData\RawData\DAT\2026\20260223\097_SALES_DATA_NNME_23022026.DAT,4009,c2c350cbdaa37aabb81cce68fbcddff6c2848ab4ce535fa0da3cb9b89c0cd83d
2026,2026-02-23,098_SALES_DATA_NNME_23022026.DAT,C:\Users\jonat\PycharmProjects\NSWpropertyData\RawData\DAT\2026\20260223\098_SALES_DATA_NNME_23022026.DAT,333,28d64f4a0756fccadfc0a89ccbc24abd61101e4cedf2c7ed1df1e1fecdab2b9d
2026,2026-02-23,100_SALES_DATA_NNME_23022026.DAT,C:\Users\jonat\PycharmProjects\NSWpropertyData\RawData\DAT\2026\20260223\100_SALES_DATA_NNME_23022026.DAT,8261,1718d7653f62ddfc212d2b0a86c96e244af5f2dbafea127a83887e0f8d9f10d9
2026,2026-02-23,101_SALES_DATA_NNME_23022026.DAT,C:\Users\jonat\PycharmProjects\NSWpropertyData\RawData\DAT\2026\20260223\101_SALES_DATA_NNME_23022026.DAT,8193,468df373288bd8dfa18e1a4f31f9591693bc46a8af2f93beaffce0332b1c63cc
2026,2026-02-23,102_SALES_DATA_NNME_23022026.DAT,C:\Users\jonat\PycharmProjects\NSWpropertyData\RawData\DAT\2026\20260223\102_SALES_DATA_NNME_23022026.DAT,5301,2e1684557f00e2b434aef081679b7e96961de7ad3018ad171a056b6bac13fba1
2026,2026-02-23,103_SALES_DATA_NNME_23022026.DAT,C:\Users\jonat\PycharmProjects\NSWpropertyData\RawData\DAT\2026\20260223\103_SALES_DATA_NNME_23022026.DAT,12071,d4dbe61048791daee4913db0382b3595753f11507df498da493e353d4cbb268a
2026,2026-02-23,109_SALES_DATA_NNME_23022026.DAT,C:\Users\jonat\PycharmProjects\NSWpropertyData\RawData\DAT\2026\20260223\109_SALES_DATA_NNME_23022026.DAT,1311,c69df7bb9baa40c21ec420ca2084fbcbc50163396bf3d7d7f9c501650023a04f
2026,2026-02-23,116_SALES_DATA_NNME_23022026.DAT,C:\Users\jonat\PycharmProjects\NSWpropertyData\RawData\DAT\2026\20260223\116_SALES_DATA_NNME_23022026.DAT,945,00740afbcdb3e387a5a5ca78cd11d639a4418409c4a1f5346b454ba2c769f2cd
2026,2026-02-23,117_SALES_DATA_NNME_23022026.DAT,C:\Users\jonat\PycharmProjects\NSWpropertyData\RawData\DAT\2026\20260223\117_SALES_DATA_NNME_23022026.DAT,1657,d0ceac35e83b8d3dd2abf678d07aeec7c6b0e585525a7bdb0cce4dd7e252dc8e
2026,2026-02-23,123_SALES_DATA_NNME_23022026.DAT,C:\Users\jonat\PycharmProjects\NSWpropertyData\RawData\DAT\2026\20260223\123_SALES_DATA_NNME_23022026.DAT,664,89eb815172d3a28630d1ffb728be894fef193308bb8e6b13f9c6d3655d8f339d
2026,2026-02-23,124_SALES_DATA_NNME_23022026.DAT,C:\Users\jonat\PycharmProjects\NSWpropertyData\RawData\DAT\2026\20260223\124_SALES_DATA_NNME_23022026.DAT,4421,18657c24f3dd0c3a821042f5be172bb44751f6b249de5b82e3218d1b815dd9d5
2026,2026-02-23,137_SALES_DATA_NNME_23022026.DAT,C:\Users\jonat\PycharmProjects\NSWpropertyData\RawData\DAT\2026\20260223\137_SALES_DATA_NNME_23022026.DAT,1869,200b41213abce5ed3e0c8542358008098e4ec90a2eff8b8fd4e2cb5f0e5ec743
2026,2026-02-23,139_SALES_DATA_NNME_23022026.DAT,C:\Users\jonat\PycharmProjects\NSWpropertyData\RawData\DAT\2026\20260223\139_SALES_DATA_NNME_23022026.DAT,3929,0882b220e7154c2b0383c45cbbca383dcc40cc3d5f9d1d9e7a2c99628fd43e8a
2026,2026-02-23,143_SALES_DATA_NNME_23022026.DAT,C:\Users\jonat\PycharmProjects\NSWpropertyData\RawData\DAT\2026\20260223\143_SALES_DATA_NNME_23022026.DAT,1803,3286a39f8bcd4e3f1f260562322a0a755d1af4d4fd0cfe4cd1b6600b0295f312
2026,2026-02-23,144_SALES_DATA_NNME_23022026.DAT,C:\Users\jonat\PycharmProjects\NSWpropertyData\RawData\DAT\2026\20260223\144_SALES_DATA_NNME_23022026.DAT,13123,dcb8d21451e3ef88ceb332fec27834aefe9660704c518f280e0960ec797799fd
2026,2026-02-23,148_SALES_DATA_NNME_23022026.DAT,C:\Users\jonat\PycharmProjects\NSWpropertyData\RawData\DAT\2026\20260223\148_SALES_DATA_NNME_23022026.DAT,5905,26c8aa9ef7777d00794a9c872eefee019773010bb5b32633e9c9fd09aec9dcc1
2026,2026-02-23,149_SALES_DATA_NNME_23022026.DAT,C:\Users\jonat\PycharmProjects\NSWpropertyData\RawData\DAT\2026\20260223\149_SALES_DATA_NNME_23022026.DAT,1024,11503f04883e6a07a0a6a32dae0e6cedea7e05c5c325eb9a75c146dcfe95a8ed
2026,2026-02-23,150_SALES_DATA_NNME_23022026.DAT,C:\Users\jonat\PycharmProjects\NSWpropertyData\RawData\DAT\2026\20260223\150_SALES_DATA_NNME_23022026.DAT,3148,9c02af8495bf98921807348f67f4892fdccfad476304d32413aedab455e353b0
2026,2026-02-23,151_SALES_DATA_NNME_23022026.DAT,C:\Users\jonat\PycharmProjects\NSWpropertyData\RawData\DAT\2026\20260223\151_SALES_DATA_NNME_23022026.DAT,3114,573918d8a84711514ba1c5befdd81e1388427855e273d33842509f4ddde1b712
2026,2026-02-23,152_SALES_DATA_NNME_23022026.DAT,C:\Users\jonat\PycharmProjects\NSWpropertyData\RawData\DAT\2026\20260223\152_SALES_DATA_NNME_23022026.DAT,7163,98c57913d25f7a92562516391315809ddf65720868c325ae05efdbbbb492074c
2026,2026-02-23,157_SALES_DATA_NNME_23022026.DAT,C:\Users\jonat\PycharmProjects\NSWpropertyData\RawData\DAT\2026\20260223\157_SALES_DATA_NNME_23022026.DAT,2877,fee3e0414092ed5dcbd3629dcf7ff5a86605f8106b62d574268193d83ace62bc
2026,2026-02-23,158_SALES_DATA_NNME_23022026.DAT,C:\Users\jonat\PycharmProjects\NSWpropertyData\RawData\DAT\2026\20260223\158_SALES_DATA_NNME_23022026.DAT,1523,be2919cd61fb9b1e256a3f085b788197d52d5d03ca14ee671d5b9b758fe894f6
2026,2026-02-23,159_SALES_DATA_NNME_23022026.DAT,C:\Users\jonat\PycharmProjects\NSWpropertyData\RawData\DAT\2026\20260223\159_SALES_DATA_NNME_23022026.DAT,4224,ae1aa58571fdf318be53794e52d8652e215fcfe8cd23dcf55f353302018fa6ac
2026,2026-02-23,164_SALES_DATA_NNME_23022026.DAT,C:\Users\jonat\PycharmProjects\NSWpropertyData\RawData\DAT\2026\20260223\164_SALES_DATA_NNME_23022026.DAT,2510,23689576438c0c85188ead3e07a60d71c8262a70d987d3cf5c44283475524c97
2026,2026-02-23,171_SALES_DATA_NNME_23022026.DAT,C:\Users\jonat\PycharmProjects\NSWpropertyData\RawData\DAT\2026\20260223\171_SALES_DATA_NNME_23022026.DAT,7123,ea8b9be02d6846ef5079a5566082e51ca089f252cf6bdd277fd6073c8fabb1f2
2026,2026-02-23,187_SALES_DATA_NNME_23022026.DAT,C:\Users\jonat\PycharmProjects\NSWpropertyData\RawData\DAT\2026\20260223\187_SALES_DATA_NNME_23022026.DAT,2282,4fb1a0ded058cc0e1bdfd0dd850e461c57cf341d0e5ca606c589e8063ff14643
2026,2026-02-23,188_SALES_DATA_NNME_23022026.DAT,C:\Users\jonat\PycharmProjects\NSWpropertyData\RawData\DAT\2026\20260223\188_SALES_DATA_NNME_23022026.DAT,1778,702ba0a472053bcd9e61bb9a43c866542d3a0ebf9893a91de3079e169b4dfa66
2026,2026-02-23,192_SALES_DATA_NNME_23022026.DAT,C:\Users\jonat\PycharmProjects\NSWpropertyData\RawData\DAT\2026\20260223\192_SALES_DATA_NNME_23022026.DAT,2291,cdcaf9e6141be172926de829c023ecbc484fb3ef5f2b67a63aea00d59288d2fe
2026,2026-02-23,199_SALES_DATA_NNME_23022026.DAT,C:\Users\jonat\PycharmProjects\NSWpropertyData\RawData\DAT\2026\20260223\199_SALES_DATA_NNME_23022026.DAT,962,febb5f8c1bdb51681894745a23069bea2ef20dfe4a84714767185accc699e85c
2026,2026-02-23,207_SALES_DATA_NNME_23022026.DAT,C:\Users\jonat\PycharmProjects\NSWpropertyData\RawData\DAT\2026\20260223\207_SALES_DATA_NNME_23022026.DAT,6129,00cb6d89307c591e9eb824e527fe38b6d5453e72576ffeb29e0040c422aa51c8
2026,2026-02-23,209_SALES_DATA_NNME_23022026.DAT,C:\Users\jonat\PycharmProjects\NSWpropertyData\RawData\DAT\2026\20260223\209_SALES_DATA_NNME_23022026.DAT,814,c1720a03601bf67a4e374327e7e38344747481440ff3f2bfcb7159abd68d217a
2026,2026-02-23,210_SALES_DATA_NNME_23022026.DAT,C:\Users\jonat\PycharmProjects\NSWpropertyData\RawData\DAT\2026\20260223\210_SALES_DATA_NNME_23022026.DAT,952,22a4887cf3e342d134b6b3f2b328ae160acf39eeb3e9b673027b3d362d8a85ad
2026,2026-02-23,214_SALES_DATA_NNME_23022026.DAT,C:\Users\jonat\PycharmProjects\NSWpropertyData\RawData\DAT\2026\20260223\214_SALES_DATA_NNME_23022026.DAT,19902,e3132e7eca8543c499404c6ee01e74eca7da4f323b6a8682396ca845ae33914f
2026,2026-02-23,216_SALES_DATA_NNME_23022026.DAT,C:\Users\jonat\PycharmProjects\NSWpropertyData\RawData\DAT\2026\20260223\216_SALES_DATA_NNME_23022026.DAT,2900,468e3f116449d250824abb29e85450375d5f7803b85555de4a21377601783239
2026,2026-02-23,217_SALES_DATA_NNME_23022026.DAT,C:\Users\jonat\PycharmProjects\NSWpropertyData\RawData\DAT\2026\20260223\217_SALES_DATA_NNME_23022026.DAT,8506,568dac4b44ae0c6906343fa5a83e106c8291522724ab15d9847ef3545834fa5d
2026,2026-02-23,218_SALES_DATA_NNME_23022026.DAT,C:\Users\jonat\PycharmProjects\NSWpropertyData\RawData\DAT\2026\20260223\218_SALES_DATA_NNME_23022026.DAT,19153,4069a3473f833c0c99418856ab6574cc7c5b9a5eda4e9fab6a6c59d9a01a38e4
2026,2026-02-23,219_SALES_DATA_NNME_23022026.DAT,C:\Users\jonat\PycharmProjects\NSWpropertyData\RawData\DAT\2026\20260223\219_SALES_DATA_NNME_23022026.DAT,6165,7ac6324657c8e62b011d248851753ceeeebb129f5bfbbcdc294f6a638d82a5e4
2026,2026-02-23,220_SALES_DATA_NNME_23022026.DAT,C:\Users\jonat\PycharmProjects\NSWpropertyData\RawData\DAT\2026\20260223\220_SALES_DATA_NNME_23022026.DAT,8924,c0836a57018d0f9f8bab15f3093f5630919a9df3d09779696f19669e8060c1e4
2026,2026-02-23,222_SALES_DATA_NNME_23022026.DAT,C:\Users\jonat\PycharmProjects\NSWpropertyData\RawData\DAT\2026\20260223\222_SALES_DATA_NNME_23022026.DAT,2889,89a2c9048700e4f3ffdcabe3f9d2077548b58273105926f2ccc0556703a20d3e
2026,2026-02-23,223_SALES_DATA_NNME_23022026.DAT,C:\Users\jonat\PycharmProjects\NSWpropertyData\RawData\DAT\2026\20260223\223_SALES_DATA_NNME_23022026.DAT,9581,6173fb5e70fff179884543807021e58a31128921c8c7499e43258fba7b3e6c45
2026,2026-02-23,224_SALES_DATA_NNME_23022026.DAT,C:\Users\jonat\PycharmProjects\NSWpropertyData\RawData\DAT\2026\20260223\224_SALES_DATA_NNME_23022026.DAT,11973,e55dac81ad5d4e1d26eaddc8f09e587ca50c364c3d5b19346e6b4f11cdb722de
2026,2026-02-23,226_SALES_DATA_NNME_23022026.DAT,C:\Users\jonat\PycharmProjects\NSWpropertyData\RawData\DAT\2026\20260223\226_SALES_DATA_NNME_23022026.DAT,9176,4a7651d3711633a2c02dc9bbe0f5d2d68b531c420cf35a121329dcda5a5c5d2c
2026,2026-02-23,230_SALES_DATA_NNME_23022026.DAT,C:\Users\jonat\PycharmProjects\NSWpropertyData\RawData\DAT\2026\20260223\230_SALES_DATA_NNME_23022026.DAT,362,c47364cdf4b20ca63129c34b054366584e612b18efe778062fe516c0f36f9f9d
2026,2026-02-23,231_SALES_DATA_NNME_23022026.DAT,C:\Users\jonat\PycharmProjects\NSWpropertyData\RawData\DAT\2026\20260223\231_SALES_DATA_NNME_23022026.DAT,1186,0750ff0ca2f3bd2d4aa7f4e5d3daafea2e5defa22f2b43b1ad64a826c98f5b1f
2026,2026-02-23,234_SALES_DATA_NNME_23022026.DAT,C:\Users\jonat\PycharmProjects\NSWpropertyData\RawData\DAT\2026\20260223\234_SALES_DATA_NNME_23022026.DAT,1620,7110ca25950977d969747916c7229a20b96ed2657f4f734d56dea2174cc27588
2026,2026-02-23,235_SALES_DATA_NNME_23022026.DAT,C:\Users\jonat\PycharmProjects\NSWpropertyData\RawData\DAT\2026\20260223\235_SALES_DATA_NNME_23022026.DAT,380,ac73f86007dd81c539ce803cb658aae6866a01ad641e4b24de0a698d4274e0ef
2026,2026-02-23,236_SALES_DATA_NNME_23022026.DAT,C:\Users\jonat\PycharmProjects\NSWpropertyData\RawData\DAT\2026\20260223\236_SALES_DATA_NNME_23022026.DAT,334,c0a93e22adac4d6823831eb43945aba94c6ad96824e2ca20b9e9b38dfbae6590
2026,2026-02-23,238_SALES_DATA_NNME_23022026.DAT,C:\Users\jonat\PycharmProjects\NSWpropertyData\RawData\DAT\2026\20260223\238_SALES_DATA_NNME_23022026.DAT,540,79a2d01b6390177e9890f6abbddfb93c6079aa630b352d322b6e9713ef7a32c3
2026,2026-02-23,239_SALES_DATA_NNME_23022026.DAT,C:\Users\jonat\PycharmProjects\NSWpropertyData\RawData\DAT\2026\20260223\239_SALES_DATA_NNME_23022026.DAT,319,aeac0e04b4d4f6af43064db393f11a78e7f904ccd5ae020c66b129c3e02be08b
2026,2026-02-23,240_SALES_DATA_NNME_23022026.DAT,C:\Users\jonat\PycharmProjects\NSWpropertyData\RawData\DAT\2026\20260223\240_SALES_DATA_NNME_23022026.DAT,378,3aa85596b8089b60c99c94ebc37096263b843bba7e0a591c6578c47058ed2722
2026,2026-02-23,243_SALES_DATA_NNME_23022026.DAT,C:\Users\jonat\PycharmProjects\NSWpropertyData\RawData\DAT\2026\20260223\243_SALES_DATA_NNME_23022026.DAT,384,6b5bf56eb1f5a049341b677175b292a24f6cddfdbd8d84063da0d4e731323f88
2026,2026-02-23,247_SALES_DATA_NNME_23022026.DAT,C:\Users\jonat\PycharmProjects\NSWpropertyData\RawData\DAT\2026\20260223\247_SALES_DATA_NNME_23022026.DAT,866,7fea644a7cffe6bca2d3ea558a4d129b1c226d4dc79ac47203aa82d21f738fba
2026,2026-02-23,250_SALES_DATA_NNME_23022026.DAT,C:\Users\jonat\PycharmProjects\NSWpropertyData\RawData\DAT\2026\20260223\250_SALES_DATA_NNME_23022026.DAT,1551,46d39cf724b30110f457c3f445b6e684e95b298ad1bae82f7f85b3b4207d081c
2026,2026-02-23,251_SALES_DATA_NNME_23022026.DAT,C:\Users\jonat\PycharmProjects\NSWpropertyData\RawData\DAT\2026\20260223\251_SALES_DATA_NNME_23022026.DAT,338,020b7242d44b2f2d6d6a30082460865b61de865c8e175012e44dee5457d505b1
2026,2026-02-23,253_SALES_DATA_NNME_23022026.DAT,C:\Users\jonat\PycharmProjects\NSWpropertyData\RawData\DAT\2026\20260223\253_SALES_DATA_NNME_23022026.DAT,306,025c20a32ba44fbdf67a692a13bc4124a544e2f033870be28d8fe696a5898aff
2026,2026-02-23,254_SALES_DATA_NNME_23022026.DAT,C:\Users\jonat\PycharmProjects\NSWpropertyData\RawData\DAT\2026\20260223\254_SALES_DATA_NNME_23022026.DAT,372,85486ac7206530ad05fdc5e3adf8ff49b539872ac5482c3914a44b89b0cb92b6
2026,2026-02-23,255_SALES_DATA_NNME_23022026.DAT,C:\Users\jonat\PycharmProjects\NSWpropertyData\RawData\DAT\2026\20260223\255_SALES_DATA_NNME_23022026.DAT,1491,9a30a751f1d78ff6d244d5f57087b60547c935a73919829038481839d72fbcee
2026,2026-02-23,257_SALES_DATA_NNME_23022026.DAT,C:\Users\jonat\PycharmProjects\NSWpropertyData\RawData\DAT\2026\20260223\257_SALES_DATA_NNME_23022026.DAT,2358,534f20ce12f44122963e89c377dec131e91e769f5902c050c3c3e7b6b8a20bd5
2026,2026-02-23,258_SALES_DATA_NNME_23022026.DAT,C:\Users\jonat\PycharmProjects\NSWpropertyData\RawData\DAT\2026\20260223\258_SALES_DATA_NNME_23022026.DAT,19491,13d6dd446568ee7d59ba95e1b303f48359e324e37acd7a42b7022f73b043c5a5
2026,2026-02-23,259_SALES_DATA_NNME_23022026.DAT,C:\Users\jonat\PycharmProjects\NSWpropertyData\RawData\DAT\2026\20260223\259_SALES_DATA_NNME_23022026.DAT,27211,a36f58d92761f744e0d7534c282fc149c351409f2bc4641408a5a3520c41d13f
2026,2026-02-23,260_SALES_DATA_NNME_23022026.DAT,C:\Users\jonat\PycharmProjects\NSWpropertyData\RawData\DAT\2026\20260223\260_SALES_DATA_NNME_23022026.DAT,14972,7962beaa5b3f54e593e78bd5ec6322b1186e7b5ae122a2c46144f36606ccf60e
2026,2026-02-23,261_SALES_DATA_NNME_23022026.DAT,C:\Users\jonat\PycharmProjects\NSWpropertyData\RawData\DAT\2026\20260223\261_SALES_DATA_NNME_23022026.DAT,8618,2aa8cdde59a8f619e740150cf4c53a244a183e4290495bfb19f49cf399146bdc
2026,2026-02-23,262_SALES_DATA_NNME_23022026.DAT,C:\Users\jonat\PycharmProjects\NSWpropertyData\RawData\DAT\2026\20260223\262_SALES_DATA_NNME_23022026.DAT,894,c89b8ccdc2406694459b6e3d1dd7826a4e1b11c086e0a28b4bca2131f9676ad3
2026,2026-02-23,263_SALES_DATA_NNME_23022026.DAT,C:\Users\jonat\PycharmProjects\NSWpropertyData\RawData\DAT\2026\20260223\263_SALES_DATA_NNME_23022026.DAT,1156,09e6f21a2e661079fb357fc83bd06cf19cace554370041835c19b89bc184d35c
2026,2026-02-23,264_SALES_DATA_NNME_23022026.DAT,C:\Users\jonat\PycharmProjects\NSWpropertyData\RawData\DAT\2026\20260223\264_SALES_DATA_NNME_23022026.DAT,4987,1c1256113756167cfa10a28c85b5a309b6edff160b850d8bc07e4efb87a16846
2026,2026-02-23,265_SALES_DATA_NNME_23022026.DAT,C:\Users\jonat\PycharmProjects\NSWpropertyData\RawData\DAT\2026\20260223\265_SALES_DATA_NNME_23022026.DAT,1873,f35de5c8f10e08d1412b9be8a76cd5402ce2bbe094032b7fa671f9cf84ebcaa3
2026,2026-02-23,266_SALES_DATA_NNME_23022026.DAT,C:\Users\jonat\PycharmProjects\NSWpropertyData\RawData\DAT\2026\20260223\266_SALES_DATA_NNME_23022026.DAT,1734,3390e1471339dc2a679157eb34398f038bf4a948a30255deb0e410834e79f2b8
2026,2026-02-23,267_SALES_DATA_NNME_23022026.DAT,C:\Users\jonat\PycharmProjects\NSWpropertyData\RawData\DAT\2026\20260223\267_SALES_DATA_NNME_23022026.DAT,8239,bd583f75407bb2e3e9851dfcb48d337961c55c8eca7bf32dcf31d09fc945bd22
2026,2026-02-23,268_SALES_DATA_NNME_23022026.DAT,C:\Users\jonat\PycharmProjects\NSWpropertyData\RawData\DAT\2026\20260223\268_SALES_DATA_NNME_23022026.DAT,11051,d1125e9b0b84065096de1141b6f50bc67defb69bd5a9be49f5281324d34238f4
2026,2026-02-23,269_SALES_DATA_NNME_23022026.DAT,C:\Users\jonat\PycharmProjects\NSWpropertyData\RawData\DAT\2026\20260223\269_SALES_DATA_NNME_23022026.DAT,2060,2606273bf7db530ff015506d4258c4335d9cdaa6f595f4ecaf56e4b316d36c23
2026,2026-02-23,271_SALES_DATA_NNME_23022026.DAT,C:\Users\jonat\PycharmProjects\NSWpropertyData\RawData\DAT\2026\20260223\271_SALES_DATA_NNME_23022026.DAT,11688,89e70ba7632a85cbf35069011650529c98fd459289636a37fdc24027deb96c27
2026,2026-02-23,272_SALES_DATA_NNME_23022026.DAT,C:\Users\jonat\PycharmProjects\NSWpropertyData\RawData\DAT\2026\20260223\272_SALES_DATA_NNME_23022026.DAT,4553,11819391ba8f9842b0d3ff31de199a45c9068f6ecb22b0e09b3c96109a26eded
2026,2026-02-23,273_SALES_DATA_NNME_23022026.DAT,C:\Users\jonat\PycharmProjects\NSWpropertyData\RawData\DAT\2026\20260223\273_SALES_DATA_NNME_23022026.DAT,1833,3b1e7efdb98aa4fc07edbc950d06d24ff19dab3cb0c113db95d1ce07a3ad671e
2026,2026-02-23,274_SALES_DATA_NNME_23022026.DAT,C:\Users\jonat\PycharmProjects\NSWpropertyData\RawData\DAT\2026\20260223\274_SALES_DATA_NNME_23022026.DAT,854,317bf44e67f8325c1b5f3c1b6a616cf42dd083102f3bec17660ab0d1c948b3ef
2026,2026-02-23,275_SALES_DATA_NNME_23022026.DAT,C:\Users\jonat\PycharmProjects\NSWpropertyData\RawData\DAT\2026\20260223\275_SALES_DATA_NNME_23022026.DAT,4259,8d942b55e11df59c73a237c6540a7acc1dbd20fee79b5ac79cfddc99cfff808d
2026,2026-02-23,276_SALES_DATA_NNME_23022026.DAT,C:\Users\jonat\PycharmProjects\NSWpropertyData\RawData\DAT\2026\20260223\276_SALES_DATA_NNME_23022026.DAT,13859,c7d8fd83fe27f58718a9a65083edaab83764fb848aa9b63340e81776f9303cb8
2026,2026-02-23,300_SALES_DATA_NNME_23022026.DAT,C:\Users\jonat\PycharmProjects\NSWpropertyData\RawData\DAT\2026\20260223\300_SALES_DATA_NNME_23022026.DAT,344,0f22a0f0461bac4d859875c00e418d2ee2b59c5fc97f0f1237f172266fa1ee0a
2026,2026-02-23,303_SALES_DATA_NNME_23022026.DAT,C:\Users\jonat\PycharmProjects\NSWpropertyData\RawData\DAT\2026\20260223\303_SALES_DATA_NNME_23022026.DAT,6570,3089abcce8cecfc3d69aeef82ced2c7493ca1cd9a4cb6787f1cc1f13d81e57c5
2026,2026-02-23,511_SALES_DATA_NNME_23022026.DAT,C:\Users\jonat\PycharmProjects\NSWpropertyData\RawData\DAT\2026\20260223\511_SALES_DATA_NNME_23022026.DAT,333,d5a2875c9edb689172c995306b00e91334b45dbfef84f84d2acb946f6c2ee806
2026,2026-02-23,526_SALES_DATA_NNME_23022026.DAT,C:\Users\jonat\PycharmProjects\NSWpropertyData\RawData\DAT\2026\20260223\526_SALES_DATA_NNME_23022026.DAT,1499,5541c9cb84b3cd5e4be0a4231ef88cb1f5ea182fbae7c0d3f5ca0e9844ef954b
2026,2026-02-23,528_SALES_DATA_NNME_23022026.DAT,C:\Users\jonat\PycharmProjects\NSWpropertyData\RawData\DAT\2026\20260223\528_SALES_DATA_NNME_23022026.DAT,2568,d329c3cf90c3ffb2cae6fb167ba279a4c1983450463a067f5d0c0d1fbe988106
2026,2026-02-23,529_SALES_DATA_NNME_23022026.DAT,C:\Users\jonat\PycharmProjects\NSWpropertyData\RawData\DAT\2026\20260223\529_SALES_DATA_NNME_23022026.DAT,3220,e53ef28972033746b865c8b25c342007d01af1ef9240a9e3c93c519aaa85c534
2026,2026-02-23,537_SALES_DATA_NNME_23022026.DAT,C:\Users\jonat\PycharmProjects\NSWpropertyData\RawData\DAT\2026\20260223\537_SALES_DATA_NNME_23022026.DAT,1415,299876efc46c90ada837ec8c59d15feba9ae8899d04ae3ad66c62d6c5ffa82d0
2026,2026-02-23,538_SALES_DATA_NNME_23022026.DAT,C:\Users\jonat\PycharmProjects\NSWpropertyData\RawData\DAT\2026\20260223\538_SALES_DATA_NNME_23022026.DAT,654,93064bfcb07d7d0d9697763015223715aa8e201b0d0081f7714b5f6cddd6fc9a
2026,2026-02-23,560_SALES_DATA_NNME_23022026.DAT,C:\Users\jonat\PycharmProjects\NSWpropertyData\RawData\DAT\2026\20260223\560_SALES_DATA_NNME_23022026.DAT,632,faddf91bbd96f79b375c08fad787e114d7d9bc54aafc0361a664ecb3eefa3dbc
2026,2026-02-23,575_SALES_DATA_NNME_23022026.DAT,C:\Users\jonat\PycharmProjects\NSWpropertyData\RawData\DAT\2026\20260223\575_SALES_DATA_NNME_23022026.DAT,4572,92ef0ac2f9e97a1ec660abf888027ae080140ad1c1703dfccad62042bd2eb985
2026,2026-02-23,608_SALES_DATA_NNME_23022026.DAT,C:\Users\jonat\PycharmProjects\NSWpropertyData\RawData\DAT\2026\20260223\608_SALES_DATA_NNME_23022026.DAT,3492,3f8a1e09fcb86648536384eb87ae14535fb0aac3cb7534de4f88a886ca6757e5
2026,2026-02-23,620_SALES_DATA_NNME_23022026.DAT,C:\Users\jonat\PycharmProjects\NSWpropertyData\RawData\DAT\2026\20260223\620_SALES_DATA_NNME_23022026.DAT,2149,5c71bac28a774b8dc008c929d8fd7fdcc7253a4073c8a06bb80cbf1fd5b009e3
2026,2026-02-23,656_SALES_DATA_NNME_23022026.DAT,C:\Users\jonat\PycharmProjects\NSWpropertyData\RawData\DAT\2026\20260223\656_SALES_DATA_NNME_23022026.DAT,7903,805b410f5dae53b2ba9f6bfb6fd385db787628e8cced17755ca417a7cc2633e7
2026,2026-02-23,666_SALES_DATA_NNME_23022026.DAT,C:\Users\jonat\PycharmProjects\NSWpropertyData\RawData\DAT\2026\20260223\666_SALES_DATA_NNME_23022026.DAT,2932,83467a8b5f15c5e3837d360521aa78f5ff847af0ba4a784ab8820ced245c7e7f
2026,2026-02-23,708_SALES_DATA_NNME_23022026.DAT,C:\Users\jonat\PycharmProjects\NSWpropertyData\RawData\DAT\2026\20260223\708_SALES_DATA_NNME_23022026.DAT,16603,45ea9c1c2e9b7d67208f4f6bbd205431f145a9f3bdc7eb7acaabe3afb1f4e975
2026,2026-03-02,001_SALES_DATA_NNME_02032026.DAT,C:\Users\jonat\PycharmProjects\NSWpropertyData\RawData\DAT\2026\20260302\001_SALES_DATA_NNME_02032026.DAT,11487,f1f59e990240665774bc59c9dfda1775404d21ea602b2997810c1622bde96cf0
2026,2026-03-02,004_SALES_DATA_NNME_02032026.DAT,C:\Users\jonat\PycharmProjects\NSWpropertyData\RawData\DAT\2026\20260302\004_SALES_DATA_NNME_02032026.DAT,28751,5cca4f059d80e924c2c469e82772e51d806d742031b2404493852112458b6194
2026,2026-03-02,005_SALES_DATA_NNME_02032026.DAT,C:\Users\jonat\PycharmProjects\NSWpropertyData\RawData\DAT\2026\20260302\005_SALES_DATA_NNME_02032026.DAT,14329,5510bd3933644ea32b79d8e5e3b2dc2120e195402f6005d3c7306cb0f9021bce
2026,2026-03-02,007_SALES_DATA_NNME_02032026.DAT,C:\Users\jonat\PycharmProjects\NSWpropertyData\RawData\DAT\2026\20260302\007_SALES_DATA_NNME_02032026.DAT,963,5877c3ea3314bae3caf434a82a590ed3d4f0f55a4c3d5fed56c402d12bb123a7
2026,2026-03-02,008_SALES_DATA_NNME_02032026.DAT,C:\Users\jonat\PycharmProjects\NSWpropertyData\RawData\DAT\2026\20260302\008_SALES_DATA_NNME_02032026.DAT,15866,fef3a6b12855c0640ffe087e2f568ed8c3438e3e5207e1357ffe1f410e74b22f
2026,2026-03-02,010_SALES_DATA_NNME_02032026.DAT,C:\Users\jonat\PycharmProjects\NSWpropertyData\RawData\DAT\2026\20260302\010_SALES_DATA_NNME_02032026.DAT,10896,55349967be943be370de0a09c42664eca36e7ca9519ab69d5a0cc199cef79607
2026,2026-03-02,012_SALES_DATA_NNME_02032026.DAT,C:\Users\jonat\PycharmProjects\NSWpropertyData\RawData\DAT\2026\20260302\012_SALES_DATA_NNME_02032026.DAT,3462,ea1c85598e8a858edf532638f977a43b0a62de4d941c52d74fdb8ae820d80f06
2026,2026-03-02,018_SALES_DATA_NNME_02032026.DAT,C:\Users\jonat\PycharmProjects\NSWpropertyData\RawData\DAT\2026\20260302\018_SALES_DATA_NNME_02032026.DAT,3179,34c7e4cf4501f89ac00cb48fc547c2d32508dc6e59d721470384f7ce11707de9
2026,2026-03-02,042_SALES_DATA_NNME_02032026.DAT,C:\Users\jonat\PycharmProjects\NSWpropertyData\RawData\DAT\2026\20260302\042_SALES_DATA_NNME_02032026.DAT,1768,3156df1f832934af5ec1d4cf3e3ca8aa654791fbf94697a6713f8a29146fef1d
2026,2026-03-02,043_SALES_DATA_NNME_02032026.DAT,C:\Users\jonat\PycharmProjects\NSWpropertyData\RawData\DAT\2026\20260302\043_SALES_DATA_NNME_02032026.DAT,807,33cd4a764c2528fcbc6191db17c70806ede19217158ac846cbe511c9f340acd1
2026,2026-03-02,050_SALES_DATA_NNME_02032026.DAT,C:\Users\jonat\PycharmProjects\NSWpropertyData\RawData\DAT\2026\20260302\050_SALES_DATA_NNME_02032026.DAT,8190,50a2897401a1e8f5e84e2bb0b4e22f4e3406f4bd29c9368d7246310defca7d36
2026,2026-03-02,051_SALES_DATA_NNME_02032026.DAT,C:\Users\jonat\PycharmProjects\NSWpropertyData\RawData\DAT\2026\20260302\051_SALES_DATA_NNME_02032026.DAT,1771,ffc75a7f57ecee87835ca848b736ca7cca63ea8689d1bc1bbeba4fe25eb5029e
2026,2026-03-02,052_SALES_DATA_NNME_02032026.DAT,C:\Users\jonat\PycharmProjects\NSWpropertyData\RawData\DAT\2026\20260302\052_SALES_DATA_NNME_02032026.DAT,380,0c0c76ef472a9a31564a478722a01f753291eed3ac71799eb86327ba74fa6db1
2026,2026-03-02,054_SALES_DATA_NNME_02032026.DAT,C:\Users\jonat\PycharmProjects\NSWpropertyData\RawData\DAT\2026\20260302\054_SALES_DATA_NNME_02032026.DAT,297,7123741259c579a956fe6ba838ded47b47e729fd8e5ac2e71a5e904d3df1b8fd
2026,2026-03-02,061_SALES_DATA_NNME_02032026.DAT,C:\Users\jonat\PycharmProjects\NSWpropertyData\RawData\DAT\2026\20260302\061_SALES_DATA_NNME_02032026.DAT,1047,7867900cff6b62ed1c73233993083c32a6f762bfb0d7f1dc451221941250aa76
2026,2026-03-02,065_SALES_DATA_NNME_02032026.DAT,C:\Users\jonat\PycharmProjects\NSWpropertyData\RawData\DAT\2026\20260302\065_SALES_DATA_NNME_02032026.DAT,2376,68c61f768192266d2e0f3f7d01012ae5befe1cbabedc4c755e2b8895d83bbdf0
2026,2026-03-02,066_SALES_DATA_NNME_02032026.DAT,C:\Users\jonat\PycharmProjects\NSWpropertyData\RawData\DAT\2026\20260302\066_SALES_DATA_NNME_02032026.DAT,533,3cf8b2aabdf36b406a5548d161b9b3b46420749a4300c28e5bc125d54194eb52
2026,2026-03-02,070_SALES_DATA_NNME_02032026.DAT,C:\Users\jonat\PycharmProjects\NSWpropertyData\RawData\DAT\2026\20260302\070_SALES_DATA_NNME_02032026.DAT,690,3d178cae429831d84affd580bbc76d109363304257d4c1e0a48f06e66ee7ecc8
2026,2026-03-02,074_SALES_DATA_NNME_02032026.DAT,C:\Users\jonat\PycharmProjects\NSWpropertyData\RawData\DAT\2026\20260302\074_SALES_DATA_NNME_02032026.DAT,1480,3d4410d9cffdc3ca7812d03e76e2b9df10ba29978e5ba9e2dbc25ec37f34e611
2026,2026-03-02,081_SALES_DATA_NNME_02032026.DAT,C:\Users\jonat\PycharmProjects\NSWpropertyData\RawData\DAT\2026\20260302\081_SALES_DATA_NNME_02032026.DAT,20877,7c95af010af6619fbabd44130c48a154505f8164f01a2471f787c0ab449ae691
2026,2026-03-02,082_SALES_DATA_NNME_02032026.DAT,C:\Users\jonat\PycharmProjects\NSWpropertyData\RawData\DAT\2026\20260302\082_SALES_DATA_NNME_02032026.DAT,10245,8944d4347d65f9224022855cc6618d92512ad6adf0e366d1b49d5980d4024628
2026,2026-03-02,083_SALES_DATA_NNME_02032026.DAT,C:\Users\jonat\PycharmProjects\NSWpropertyData\RawData\DAT\2026\20260302\083_SALES_DATA_NNME_02032026.DAT,313,d27f88f58e0efb0afbea3d2b46dbb7bfcd0b1fa7a626fa5810247641ce5b03ed
2026,2026-03-02,084_SALES_DATA_NNME_02032026.DAT,C:\Users\jonat\PycharmProjects\NSWpropertyData\RawData\DAT\2026\20260302\084_SALES_DATA_NNME_02032026.DAT,9131,eaaedc69455b27fe24fb0a684e23204d7a22306c77b32f41e7ae0164ea8e4f53
2026,2026-03-02,085_SALES_DATA_NNME_02032026.DAT,C:\Users\jonat\PycharmProjects\NSWpropertyData\RawData\DAT\2026\20260302\085_SALES_DATA_NNME_02032026.DAT,2388,cabff2ba735b10f7c8ceee93df47ea8232a5d3349aa2446b0982d4c13517babf
2026,2026-03-02,087_SALES_DATA_NNME_02032026.DAT,C:\Users\jonat\PycharmProjects\NSWpropertyData\RawData\DAT\2026\20260302\087_SALES_DATA_NNME_02032026.DAT,2019,23ed0c909c396d3d6f10d2ca8cc2e69ecc6a0993b0514fb0bf0a73b4b1791ca2
2026,2026-03-02,088_SALES_DATA_NNME_02032026.DAT,C:\Users\jonat\PycharmProjects\NSWpropertyData\RawData\DAT\2026\20260302\088_SALES_DATA_NNME_02032026.DAT,5078,e29a6ccb182c0cefc7823edb3d999b32b0328bb367adbd8abdcd936a10895014
2026,2026-03-02,090_SALES_DATA_NNME_02032026.DAT,C:\Users\jonat\PycharmProjects\NSWpropertyData\RawData\DAT\2026\20260302\090_SALES_DATA_NNME_02032026.DAT,11346,523da600e3aaf5f86665909346ecadc2780d2f2e08e81573429fdf67e2ba6dfc
2026,2026-03-02,092_SALES_DATA_NNME_02032026.DAT,C:\Users\jonat\PycharmProjects\NSWpropertyData\RawData\DAT\2026\20260302\092_SALES_DATA_NNME_02032026.DAT,3335,10fcc3892bfada3b0ac5f3863f4402438367e1ba210bd17926d2fa9a0b11a1b1
2026,2026-03-02,097_SALES_DATA_NNME_02032026.DAT,C:\Users\jonat\PycharmProjects\NSWpropertyData\RawData\DAT\2026\20260302\097_SALES_DATA_NNME_02032026.DAT,8491,3f7865e86aa5c84178ed2c193ffe8e5f37af83e583f0d7c6f5ead50c7dc34b60
2026,2026-03-02,098_SALES_DATA_NNME_02032026.DAT,C:\Users\jonat\PycharmProjects\NSWpropertyData\RawData\DAT\2026\20260302\098_SALES_DATA_NNME_02032026.DAT,3271,29a6f9240a34decb98a8dc466f8bf2ef935695b1eb1a47eb76ded94b94861e85
2026,2026-03-02,100_SALES_DATA_NNME_02032026.DAT,C:\Users\jonat\PycharmProjects\NSWpropertyData\RawData\DAT\2026\20260302\100_SALES_DATA_NNME_02032026.DAT,5555,70393cb2ec7a4df7d0aad03a48e43db872d0884779de05a4100c390377ce3641
2026,2026-03-02,101_SALES_DATA_NNME_02032026.DAT,C:\Users\jonat\PycharmProjects\NSWpropertyData\RawData\DAT\2026\20260302\101_SALES_DATA_NNME_02032026.DAT,16164,f9a23c504becc33de48e94e84c16221a3b9713c284cf8d8de063baf59c718780
2026,2026-03-02,102_SALES_DATA_NNME_02032026.DAT,C:\Users\jonat\PycharmProjects\NSWpropertyData\RawData\DAT\2026\20260302\102_SALES_DATA_NNME_02032026.DAT,8343,688ae35e73d3b03b0fef758ace3da044a9f0090da2cc2e423a0f53c435a11f57
2026,2026-03-02,103_SALES_DATA_NNME_02032026.DAT,C:\Users\jonat\PycharmProjects\NSWpropertyData\RawData\DAT\2026\20260302\103_SALES_DATA_NNME_02032026.DAT,15492,6f450062f23acbf85ac640e3e61945652c29cc2190ab4355296140495c6dda4b
2026,2026-03-02,109_SALES_DATA_NNME_02032026.DAT,C:\Users\jonat\PycharmProjects\NSWpropertyData\RawData\DAT\2026\20260302\109_SALES_DATA_NNME_02032026.DAT,2413,c0355059cb4a7f9e4e89a0a6e329b6ff8e8e71b90fd11fdd55c6edb10271778b
2026,2026-03-02,116_SALES_DATA_NNME_02032026.DAT,C:\Users\jonat\PycharmProjects\NSWpropertyData\RawData\DAT\2026\20260302\116_SALES_DATA_NNME_02032026.DAT,1543,176196a620fdad7a882f90c7b13ec33fd002fa29567322640cc729aaf7ccbd0b
2026,2026-03-02,117_SALES_DATA_NNME_02032026.DAT,C:\Users\jonat\PycharmProjects\NSWpropertyData\RawData\DAT\2026\20260302\117_SALES_DATA_NNME_02032026.DAT,1255,5468091551b9e29e48d5c957ccca0aa08adb6ce8d3abf0fb0d9bcd3c216841e8
2026,2026-03-02,118_SALES_DATA_NNME_02032026.DAT,C:\Users\jonat\PycharmProjects\NSWpropertyData\RawData\DAT\2026\20260302\118_SALES_DATA_NNME_02032026.DAT,653,b421fccb17c5bd72515356eee8ce2d199c1733f0491d22e314656a644aaf6b43
2026,2026-03-02,123_SALES_DATA_NNME_02032026.DAT,C:\Users\jonat\PycharmProjects\NSWpropertyData\RawData\DAT\2026\20260302\123_SALES_DATA_NNME_02032026.DAT,325,2d581eed5cc3b2580a4a61ed1c6f3888240cb375dff2b46824ea4579d05e3912
2026,2026-03-02,124_SALES_DATA_NNME_02032026.DAT,C:\Users\jonat\PycharmProjects\NSWpropertyData\RawData\DAT\2026\20260302\124_SALES_DATA_NNME_02032026.DAT,5608,9cc645f28bbb1b0d7e7f7f67d33de078363b63fcdd0ddc32341769dea2fec475
2026,2026-03-02,137_SALES_DATA_NNME_02032026.DAT,C:\Users\jonat\PycharmProjects\NSWpropertyData\RawData\DAT\2026\20260302\137_SALES_DATA_NNME_02032026.DAT,1638,c7e7cf4a0c2e0f07813aa93012c56e78405def4976f1dd4715e6521d19ddc621
2026,2026-03-02,139_SALES_DATA_NNME_02032026.DAT,C:\Users\jonat\PycharmProjects\NSWpropertyData\RawData\DAT\2026\20260302\139_SALES_DATA_NNME_02032026.DAT,8614,b53c10823515d0227162a95c6f27a6591e1320127b90ca6c35735aa57eb3cb7b
2026,2026-03-02,143_SALES_DATA_NNME_02032026.DAT,C:\Users\jonat\PycharmProjects\NSWpropertyData\RawData\DAT\2026\20260302\143_SALES_DATA_NNME_02032026.DAT,2371,cfbee9fd1b99897c9a91724ad831b422a88f40daeeb14821b2fe82fb990a4561
2026,2026-03-02,144_SALES_DATA_NNME_02032026.DAT,C:\Users\jonat\PycharmProjects\NSWpropertyData\RawData\DAT\2026\20260302\144_SALES_DATA_NNME_02032026.DAT,23643,b3b269d530c0631eaea7809cb868cccace2bdadca707d803a35b3aa23702c7d4
2026,2026-03-02,148_SALES_DATA_NNME_02032026.DAT,C:\Users\jonat\PycharmProjects\NSWpropertyData\RawData\DAT\2026\20260302\148_SALES_DATA_NNME_02032026.DAT,4741,d730d8f000b052ffdda0dc9dad4926f29b9c7a3e5c45bc7739b0e9f73aa64363
2026,2026-03-02,149_SALES_DATA_NNME_02032026.DAT,C:\Users\jonat\PycharmProjects\NSWpropertyData\RawData\DAT\2026\20260302\149_SALES_DATA_NNME_02032026.DAT,2097,8e02ea6c7a01f480c08ed119be87017b62190a8bebb99bdf6e0f2d8f4fd2b030
2026,2026-03-02,150_SALES_DATA_NNME_02032026.DAT,C:\Users\jonat\PycharmProjects\NSWpropertyData\RawData\DAT\2026\20260302\150_SALES_DATA_NNME_02032026.DAT,4738,4cddd9ae57acae69b0255a36a9df37dae513fa5da970a43b76f0b5234b526670
2026,2026-03-02,151_SALES_DATA_NNME_02032026.DAT,C:\Users\jonat\PycharmProjects\NSWpropertyData\RawData\DAT\2026\20260302\151_SALES_DATA_NNME_02032026.DAT,2850,35eb4b7064ed28bc3ba013880909ff2463a684b84e315f01b0fd00b43f237e45
2026,2026-03-02,152_SALES_DATA_NNME_02032026.DAT,C:\Users\jonat\PycharmProjects\NSWpropertyData\RawData\DAT\2026\20260302\152_SALES_DATA_NNME_02032026.DAT,12771,829761429fe4225d686f2f2198f7f4eea61c32c10bc786071cc405d3838b2fdc
2026,2026-03-02,157_SALES_DATA_NNME_02032026.DAT,C:\Users\jonat\PycharmProjects\NSWpropertyData\RawData\DAT\2026\20260302\157_SALES_DATA_NNME_02032026.DAT,5102,e2eb301ba4d459e20390f83ffec159bd69a7e2745a5503889b62c48652e2eee1
2026,2026-03-02,158_SALES_DATA_NNME_02032026.DAT,C:\Users\jonat\PycharmProjects\NSWpropertyData\RawData\DAT\2026\20260302\158_SALES_DATA_NNME_02032026.DAT,1445,8bfd0f29cf8ad53800022e2a61eae6195b3bd97d313012ede78790fa1834d3d6
2026,2026-03-02,159_SALES_DATA_NNME_02032026.DAT,C:\Users\jonat\PycharmProjects\NSWpropertyData\RawData\DAT\2026\20260302\159_SALES_DATA_NNME_02032026.DAT,7447,23c46edb322577059a9b338ef120865b43bca98323e218ae8b4c3e689b650833
2026,2026-03-02,164_SALES_DATA_NNME_02032026.DAT,C:\Users\jonat\PycharmProjects\NSWpropertyData\RawData\DAT\2026\20260302\164_SALES_DATA_NNME_02032026.DAT,3882,ec894d1690920adc62a658958ad383a24876ff93b3719854e7c0a38b72e413c7
2026,2026-03-02,171_SALES_DATA_NNME_02032026.DAT,C:\Users\jonat\PycharmProjects\NSWpropertyData\RawData\DAT\2026\20260302\171_SALES_DATA_NNME_02032026.DAT,25619,7ae81c9dead8e2665455e215317c315b52b4100257ddd29d0f0c63d0623142b8
2026,2026-03-02,187_SALES_DATA_NNME_02032026.DAT,C:\Users\jonat\PycharmProjects\NSWpropertyData\RawData\DAT\2026\20260302\187_SALES_DATA_NNME_02032026.DAT,901,0e234989397d08b331cff7d843b5ca6cbe0ce09eb7fa8ab9f3318a61edffc814
2026,2026-03-02,188_SALES_DATA_NNME_02032026.DAT,C:\Users\jonat\PycharmProjects\NSWpropertyData\RawData\DAT\2026\20260302\188_SALES_DATA_NNME_02032026.DAT,5109,1726ba324de4ae9f88f80cf91c3d99ba2714d3187fe546678a111382d97ffefd
2026,2026-03-02,192_SALES_DATA_NNME_02032026.DAT,C:\Users\jonat\PycharmProjects\NSWpropertyData\RawData\DAT\2026\20260302\192_SALES_DATA_NNME_02032026.DAT,2265,834a649fa34eedcbbb40ba5097e9fdeb68487e15fca2f4a5211d8ed2b1ae64f0
2026,2026-03-02,199_SALES_DATA_NNME_02032026.DAT,C:\Users\jonat\PycharmProjects\NSWpropertyData\RawData\DAT\2026\20260302\199_SALES_DATA_NNME_02032026.DAT,903,7561f546043720698cd28d5285dc0c0f1ff2f9e64946b5ec5ab5b89ab6216fe8
2026,2026-03-02,207_SALES_DATA_NNME_02032026.DAT,C:\Users\jonat\PycharmProjects\NSWpropertyData\RawData\DAT\2026\20260302\207_SALES_DATA_NNME_02032026.DAT,4190,86c2ba45787c6bb92e47eb85636a973600cf48f4de7363b5403c7471d8dda24b
2026,2026-03-02,209_SALES_DATA_NNME_02032026.DAT,C:\Users\jonat\PycharmProjects\NSWpropertyData\RawData\DAT\2026\20260302\209_SALES_DATA_NNME_02032026.DAT,3659,18f048d8fbd737f38a509f2cc197c335c76ad3a5f1606c5d87f9a7738fc2844d
2026,2026-03-02,210_SALES_DATA_NNME_02032026.DAT,C:\Users\jonat\PycharmProjects\NSWpropertyData\RawData\DAT\2026\20260302\210_SALES_DATA_NNME_02032026.DAT,6451,d95fb7eecb65b55a8096d8a8d52ae4e58d2d0e2f0d6bf853d4af6f857b5b275a
2026,2026-03-02,214_SALES_DATA_NNME_02032026.DAT,C:\Users\jonat\PycharmProjects\NSWpropertyData\RawData\DAT\2026\20260302\214_SALES_DATA_NNME_02032026.DAT,31285,bb5e9c881eb0ca42d81430055bfd83ed0bfed24d2e18bc9958241a49220e15f9
2026,2026-03-02,216_SALES_DATA_NNME_02032026.DAT,C:\Users\jonat\PycharmProjects\NSWpropertyData\RawData\DAT\2026\20260302\216_SALES_DATA_NNME_02032026.DAT,7497,edbadfd9d43c3d4323c6da9836085e8668cf6e04e0bbd308028301e3d1dd8e39
2026,2026-03-02,217_SALES_DATA_NNME_02032026.DAT,C:\Users\jonat\PycharmProjects\NSWpropertyData\RawData\DAT\2026\20260302\217_SALES_DATA_NNME_02032026.DAT,11464,441d7e62573113c95cb6df05989304f6c4e2d864533395293517f2e3f85e489b
2026,2026-03-02,218_SALES_DATA_NNME_02032026.DAT,C:\Users\jonat\PycharmProjects\NSWpropertyData\RawData\DAT\2026\20260302\218_SALES_DATA_NNME_02032026.DAT,14081,b20fe94f66ba721ced49aa8c679437e0fa6b1d654e504d7811c39b37e44cd2e2
2026,2026-03-02,219_SALES_DATA_NNME_02032026.DAT,C:\Users\jonat\PycharmProjects\NSWpropertyData\RawData\DAT\2026\20260302\219_SALES_DATA_NNME_02032026.DAT,8056,7a71273a23c216720ace1850ec0cd05ed565f701eb7d21c50b1dff4d212f26e7
2026,2026-03-02,220_SALES_DATA_NNME_02032026.DAT,C:\Users\jonat\PycharmProjects\NSWpropertyData\RawData\DAT\2026\20260302\220_SALES_DATA_NNME_02032026.DAT,10967,7eef352e13fb56fb7f949bbbe5d93b5ba745d1e77f097abfb42150b457773361
2026,2026-03-02,222_SALES_DATA_NNME_02032026.DAT,C:\Users\jonat\PycharmProjects\NSWpropertyData\RawData\DAT\2026\20260302\222_SALES_DATA_NNME_02032026.DAT,1758,4b870d87e6efe725a2ba6e4090012de42582a93a03873b3d821b316711269463
2026,2026-03-02,223_SALES_DATA_NNME_02032026.DAT,C:\Users\jonat\PycharmProjects\NSWpropertyData\RawData\DAT\2026\20260302\223_SALES_DATA_NNME_02032026.DAT,19523,8a67e8d121ce5cf6a18c3e7b88d421e54eefecff94b97b6adba6ffd9c8fcc6a9
2026,2026-03-02,224_SALES_DATA_NNME_02032026.DAT,C:\Users\jonat\PycharmProjects\NSWpropertyData\RawData\DAT\2026\20260302\224_SALES_DATA_NNME_02032026.DAT,15316,23193d34c083298ac59b6207c75f1d1bebab1c9560921330a8c197b566832a8e
2026,2026-03-02,226_SALES_DATA_NNME_02032026.DAT,C:\Users\jonat\PycharmProjects\NSWpropertyData\RawData\DAT\2026\20260302\226_SALES_DATA_NNME_02032026.DAT,8248,2a82fa12206857a77ef0cfbe7e5f8b8d8c5aa81d03404a70d237ee0e8b9b2a72
2026,2026-03-02,230_SALES_DATA_NNME_02032026.DAT,C:\Users\jonat\PycharmProjects\NSWpropertyData\RawData\DAT\2026\20260302\230_SALES_DATA_NNME_02032026.DAT,373,97c8b76f8635e723a591fb83eeb23c711c5dfe7318ffd0e853a022c64b4a40b2
2026,2026-03-02,231_SALES_DATA_NNME_02032026.DAT,C:\Users\jonat\PycharmProjects\NSWpropertyData\RawData\DAT\2026\20260302\231_SALES_DATA_NNME_02032026.DAT,539,b99282fbf6c35092ab4df3756c7ec59278fd893b15b4787cbae5904c1023ac4e
2026,2026-03-02,233_SALES_DATA_NNME_02032026.DAT,C:\Users\jonat\PycharmProjects\NSWpropertyData\RawData\DAT\2026\20260302\233_SALES_DATA_NNME_02032026.DAT,337,7d201636dbf2479604577f8e184aa449328446cd9faca6c27bada05cfe4dbbb1
2026,2026-03-02,234_SALES_DATA_NNME_02032026.DAT,C:\Users\jonat\PycharmProjects\NSWpropertyData\RawData\DAT\2026\20260302\234_SALES_DATA_NNME_02032026.DAT,2855,62dcadd71b13c20835348ecb68c1976ea1f0570ee020a995f64512807d2894dc
2026,2026-03-02,235_SALES_DATA_NNME_02032026.DAT,C:\Users\jonat\PycharmProjects\NSWpropertyData\RawData\DAT\2026\20260302\235_SALES_DATA_NNME_02032026.DAT,555,4fb598f46d56ab35134eb4bbf48464a90e3cf43a4c8301329dcfa08e64248f01
2026,2026-03-02,236_SALES_DATA_NNME_02032026.DAT,C:\Users\jonat\PycharmProjects\NSWpropertyData\RawData\DAT\2026\20260302\236_SALES_DATA_NNME_02032026.DAT,1171,6d32f637d4ca9618e40211889e8ee198cfc280b1b36449b99e66112c9bee3470
2026,2026-03-02,238_SALES_DATA_NNME_02032026.DAT,C:\Users\jonat\PycharmProjects\NSWpropertyData\RawData\DAT\2026\20260302\238_SALES_DATA_NNME_02032026.DAT,301,78d41203f26dfd6d4c7156ef45248b360b7ebe8c67f150a406f60321f32004bc
2026,2026-03-02,239_SALES_DATA_NNME_02032026.DAT,C:\Users\jonat\PycharmProjects\NSWpropertyData\RawData\DAT\2026\20260302\239_SALES_DATA_NNME_02032026.DAT,293,027062c91be4178b2a5d7946d7bbf5380be46bea16d898c6371fac14c6b018cf
2026,2026-03-02,240_SALES_DATA_NNME_02032026.DAT,C:\Users\jonat\PycharmProjects\NSWpropertyData\RawData\DAT\2026\20260302\240_SALES_DATA_NNME_02032026.DAT,1789,4f7d62124b4a3fce4ecd7cae6a794ce4c70ed9256e0c0aa076ca1ff0757be1d9
2026,2026-03-02,243_SALES_DATA_NNME_02032026.DAT,C:\Users\jonat\PycharmProjects\NSWpropertyData\RawData\DAT\2026\20260302\243_SALES_DATA_NNME_02032026.DAT,593,1b7d4d4a5274ae35e1a709a9296e3d3c8a44a08cb9f5832befd7271904d93be1
2026,2026-03-02,244_SALES_DATA_NNME_02032026.DAT,C:\Users\jonat\PycharmProjects\NSWpropertyData\RawData\DAT\2026\20260302\244_SALES_DATA_NNME_02032026.DAT,1466,402e0d302b6ac68c57b6168bea4bf489cc229509f28f353f1afdba1ec10c6240
2026,2026-03-02,247_SALES_DATA_NNME_02032026.DAT,C:\Users\jonat\PycharmProjects\NSWpropertyData\RawData\DAT\2026\20260302\247_SALES_DATA_NNME_02032026.DAT,2872,9bea46579c5502c18b8958657057c93d181945db83a22ea09483ca5fb46802ae
2026,2026-03-02,250_SALES_DATA_NNME_02032026.DAT,C:\Users\jonat\PycharmProjects\NSWpropertyData\RawData\DAT\2026\20260302\250_SALES_DATA_NNME_02032026.DAT,1160,45b95cd09e6564f4d666dca2249573213dadefb2086e695571d2ef17e91551b0
2026,2026-03-02,251_SALES_DATA_NNME_02032026.DAT,C:\Users\jonat\PycharmProjects\NSWpropertyData\RawData\DAT\2026\20260302\251_SALES_DATA_NNME_02032026.DAT,665,524abf1b475115893ead38b7e89ae87d7270d5a5e58c6190bc1f619d96fa6e7d
2026,2026-03-02,252_SALES_DATA_NNME_02032026.DAT,C:\Users\jonat\PycharmProjects\NSWpropertyData\RawData\DAT\2026\20260302\252_SALES_DATA_NNME_02032026.DAT,373,6a98678c625a5ab4da196001fa248994fbea4f956b53df24556977fb76ab4f62
2026,2026-03-02,253_SALES_DATA_NNME_02032026.DAT,C:\Users\jonat\PycharmProjects\NSWpropertyData\RawData\DAT\2026\20260302\253_SALES_DATA_NNME_02032026.DAT,603,4f808080fccdbe72c202110dc795a11b67a874f1313460ce4be78f6969f21f05
2026,2026-03-02,254_SALES_DATA_NNME_02032026.DAT,C:\Users\jonat\PycharmProjects\NSWpropertyData\RawData\DAT\2026\20260302\254_SALES_DATA_NNME_02032026.DAT,904,0e4f350ea974c550f243c4eb26ce4afa0963b510c426516152e3329334591b23
2026,2026-03-02,255_SALES_DATA_NNME_02032026.DAT,C:\Users\jonat\PycharmProjects\NSWpropertyData\RawData\DAT\2026\20260302\255_SALES_DATA_NNME_02032026.DAT,2594,3be6ffe2a0e373f4a87701946976f3d586f123bbd4958ae9dc93464c1e86aadf
2026,2026-03-02,257_SALES_DATA_NNME_02032026.DAT,C:\Users\jonat\PycharmProjects\NSWpropertyData\RawData\DAT\2026\20260302\257_SALES_DATA_NNME_02032026.DAT,6009,6362de62701c4fc057af0fe68141f9de35184a267bd940774fd488f69650c40a
2026,2026-03-02,258_SALES_DATA_NNME_02032026.DAT,C:\Users\jonat\PycharmProjects\NSWpropertyData\RawData\DAT\2026\20260302\258_SALES_DATA_NNME_02032026.DAT,19833,2c287a11469c1a1886ce71a48ec0dd9bdd657cf4bc6460ea37777f017ba4cda6
2026,2026-03-02,259_SALES_DATA_NNME_02032026.DAT,C:\Users\jonat\PycharmProjects\NSWpropertyData\RawData\DAT\2026\20260302\259_SALES_DATA_NNME_02032026.DAT,36528,b429f6c15b90acbc602e0f9afca8cc54775754a305a91288645343f1119cc651
2026,2026-03-02,260_SALES_DATA_NNME_02032026.DAT,C:\Users\jonat\PycharmProjects\NSWpropertyData\RawData\DAT\2026\20260302\260_SALES_DATA_NNME_02032026.DAT,21897,4eb60c9780910586eb694da4ab72676c37ebdcefc018ca5fa138b60286c8d873
2026,2026-03-02,261_SALES_DATA_NNME_02032026.DAT,C:\Users\jonat\PycharmProjects\NSWpropertyData\RawData\DAT\2026\20260302\261_SALES_DATA_NNME_02032026.DAT,15121,2f75f59cd4a7204c8d7c695e7d8fb551c116acd425870c8f545db05862b85e94
2026,2026-03-02,262_SALES_DATA_NNME_02032026.DAT,C:\Users\jonat\PycharmProjects\NSWpropertyData\RawData\DAT\2026\20260302\262_SALES_DATA_NNME_02032026.DAT,1188,247ffbe1681f57316997dd7d2edd3e759713d0116b75c385117eb2ff0824668a
2026,2026-03-02,263_SALES_DATA_NNME_02032026.DAT,C:\Users\jonat\PycharmProjects\NSWpropertyData\RawData\DAT\2026\20260302\263_SALES_DATA_NNME_02032026.DAT,2896,df4c411b90a38cdf3db71c8d1ad2aa25ebcd7714d72311bc4261397c48e365b5
2026,2026-03-02,264_SALES_DATA_NNME_02032026.DAT,C:\Users\jonat\PycharmProjects\NSWpropertyData\RawData\DAT\2026\20260302\264_SALES_DATA_NNME_02032026.DAT,7130,19085066db9d61afa35080da6b49765173d734306be2ea31282c2e460cb1b8af
2026,2026-03-02,265_SALES_DATA_NNME_02032026.DAT,C:\Users\jonat\PycharmProjects\NSWpropertyData\RawData\DAT\2026\20260302\265_SALES_DATA_NNME_02032026.DAT,1439,8d25f5a19c43f659389a8e46f68f551da0e1bdfa281f065ff0ce62510e500268
2026,2026-03-02,266_SALES_DATA_NNME_02032026.DAT,C:\Users\jonat\PycharmProjects\NSWpropertyData\RawData\DAT\2026\20260302\266_SALES_DATA_NNME_02032026.DAT,3863,975ad1959301d1c63e8b78e20959823def425e0532a60d22794803fc8fbc1896
2026,2026-03-02,267_SALES_DATA_NNME_02032026.DAT,C:\Users\jonat\PycharmProjects\NSWpropertyData\RawData\DAT\2026\20260302\267_SALES_DATA_NNME_02032026.DAT,14796,dd94744f6dc4b7920c5d67c145b7b7d98f545e1aa320426f5ef71f5c9411687a
2026,2026-03-02,268_SALES_DATA_NNME_02032026.DAT,C:\Users\jonat\PycharmProjects\NSWpropertyData\RawData\DAT\2026\20260302\268_SALES_DATA_NNME_02032026.DAT,16832,7ad6dd796aa55d79fd5d6bf10676f22a0c98df37e6691ad0a86f18492ec9e74f
2026,2026-03-02,269_SALES_DATA_NNME_02032026.DAT,C:\Users\jonat\PycharmProjects\NSWpropertyData\RawData\DAT\2026\20260302\269_SALES_DATA_NNME_02032026.DAT,4131,27fdc1cf404ea3af74d44230afa367206a409fd39113bf82e0bfbefa2bb6d218
2026,2026-03-02,270_SALES_DATA_NNME_02032026.DAT,C:\Users\jonat\PycharmProjects\NSWpropertyData\RawData\DAT\2026\20260302\270_SALES_DATA_NNME_02032026.DAT,893,e18c2b97f6fbc4d6bd759657517fc48c32ce14e2896ad532637e2db4ffedd92a
2026,2026-03-02,271_SALES_DATA_NNME_02032026.DAT,C:\Users\jonat\PycharmProjects\NSWpropertyData\RawData\DAT\2026\20260302\271_SALES_DATA_NNME_02032026.DAT,18602,db9740693fc35dfb0883fb3fa480f285b074a30020f6246a5a1e2480543b8064
2026,2026-03-02,272_SALES_DATA_NNME_02032026.DAT,C:\Users\jonat\PycharmProjects\NSWpropertyData\RawData\DAT\2026\20260302\272_SALES_DATA_NNME_02032026.DAT,5988,1131e2a8bb7bf60315e72ab90752e3377b6ff3fb2d169e788fe57a8333090e9b
2026,2026-03-02,273_SALES_DATA_NNME_02032026.DAT,C:\Users\jonat\PycharmProjects\NSWpropertyData\RawData\DAT\2026\20260302\273_SALES_DATA_NNME_02032026.DAT,1200,530dff6f6ebc557fc5e99a16382902bf8ef80bffc3f756ce7a294eca12d7ff44
2026,2026-03-02,274_SALES_DATA_NNME_02032026.DAT,C:\Users\jonat\PycharmProjects\NSWpropertyData\RawData\DAT\2026\20260302\274_SALES_DATA_NNME_02032026.DAT,1473,8f568afd2ff56936c096131490b1bb6ff357dc33fa13c804001ef7e581449eb9
2026,2026-03-02,275_SALES_DATA_NNME_02032026.DAT,C:\Users\jonat\PycharmProjects\NSWpropertyData\RawData\DAT\2026\20260302\275_SALES_DATA_NNME_02032026.DAT,3118,d3d46ca97ef994f471ad99ce9a6c95fe6f34e1c9bde538efe2731aed227131cd
2026,2026-03-02,276_SALES_DATA_NNME_02032026.DAT,C:\Users\jonat\PycharmProjects\NSWpropertyData\RawData\DAT\2026\20260302\276_SALES_DATA_NNME_02032026.DAT,13612,ad7f425144e9cb3a4d9463c660d1c1c505d6ee17cb3ef372c1475b6b39464237
2026,2026-03-02,300_SALES_DATA_NNME_02032026.DAT,C:\Users\jonat\PycharmProjects\NSWpropertyData\RawData\DAT\2026\20260302\300_SALES_DATA_NNME_02032026.DAT,593,3c8e23c0c2c2ac357233a9ca68825ca17aaea19c2de1b2e5587872ab4ac32c99
2026,2026-03-02,301_SALES_DATA_NNME_02032026.DAT,C:\Users\jonat\PycharmProjects\NSWpropertyData\RawData\DAT\2026\20260302\301_SALES_DATA_NNME_02032026.DAT,657,71a652053bafc9fef09f9018938106f31bd330666198ce5196f257530fba5a16
2026,2026-03-02,302_SALES_DATA_NNME_02032026.DAT,C:\Users\jonat\PycharmProjects\NSWpropertyData\RawData\DAT\2026\20260302\302_SALES_DATA_NNME_02032026.DAT,2264,2968ac7fd4e37a0b9889ce523656c113beaf2d5733313db1d8d1125b71d23f87
2026,2026-03-02,303_SALES_DATA_NNME_02032026.DAT,C:\Users\jonat\PycharmProjects\NSWpropertyData\RawData\DAT\2026\20260302\303_SALES_DATA_NNME_02032026.DAT,7147,9f8d23d931c2d6458a7068f855a36571357a3d60bae5356eedf6e638f1e50388
2026,2026-03-02,511_SALES_DATA_NNME_02032026.DAT,C:\Users\jonat\PycharmProjects\NSWpropertyData\RawData\DAT\2026\20260302\511_SALES_DATA_NNME_02032026.DAT,1641,84d3ac247e2fe9a54a82e908b4e0bfad7679931550feb0e6f19b43c59d50d927
2026,2026-03-02,526_SALES_DATA_NNME_02032026.DAT,C:\Users\jonat\PycharmProjects\NSWpropertyData\RawData\DAT\2026\20260302\526_SALES_DATA_NNME_02032026.DAT,2706,254f21fb05c515f547e6030ebd42a889d8b8bbb2f022647f4f5e07bc2364eaf6
2026,2026-03-02,528_SALES_DATA_NNME_02032026.DAT,C:\Users\jonat\PycharmProjects\NSWpropertyData\RawData\DAT\2026\20260302\528_SALES_DATA_NNME_02032026.DAT,2529,770b28b4f69aae64ab93170064793d88247778fa9ccab990c75bef75b86bb893
2026,2026-03-02,529_SALES_DATA_NNME_02032026.DAT,C:\Users\jonat\PycharmProjects\NSWpropertyData\RawData\DAT\2026\20260302\529_SALES_DATA_NNME_02032026.DAT,3984,e6240d4950841bc3663887b6c8d07e70ea826aadd006ae3679db375c1b95ef92
2026,2026-03-02,537_SALES_DATA_NNME_02032026.DAT,C:\Users\jonat\PycharmProjects\NSWpropertyData\RawData\DAT\2026\20260302\537_SALES_DATA_NNME_02032026.DAT,1118,777605ec9186ec10ca7059d1c824871b6524702a7a250b8ae69a1923c194693f
2026,2026-03-02,538_SALES_DATA_NNME_02032026.DAT,C:\Users\jonat\PycharmProjects\NSWpropertyData\RawData\DAT\2026\20260302\538_SALES_DATA_NNME_02032026.DAT,1238,5a955a75782ac081bef37fde5938239af8277a54c60c86290b94c1ff50188053
2026,2026-03-02,560_SALES_DATA_NNME_02032026.DAT,C:\Users\jonat\PycharmProjects\NSWpropertyData\RawData\DAT\2026\20260302\560_SALES_DATA_NNME_02032026.DAT,2541,6f2915d6b22696c43e333ffb9ea4aa3a4f63947a66da0a31823f0f203cffc1de
2026,2026-03-02,575_SALES_DATA_NNME_02032026.DAT,C:\Users\jonat\PycharmProjects\NSWpropertyData\RawData\DAT\2026\20260302\575_SALES_DATA_NNME_02032026.DAT,12760,03a9da87010c1639ecad8803f288306aaf2fcd12a69e3bb958b68de8134b5248
2026,2026-03-02,608_SALES_DATA_NNME_02032026.DAT,C:\Users\jonat\PycharmProjects\NSWpropertyData\RawData\DAT\2026\20260302\608_SALES_DATA_NNME_02032026.DAT,4886,ad31ff1af09b9a9ac63b76c3810a9a7d78e675383f53da651d10f36c353724b1
2026,2026-03-02,620_SALES_DATA_NNME_02032026.DAT,C:\Users\jonat\PycharmProjects\NSWpropertyData\RawData\DAT\2026\20260302\620_SALES_DATA_NNME_02032026.DAT,5053,bad0ad23b71a14ca5002ff380e9b0abd8ea84aae2e7e3e770afd453464680a5b
2026,2026-03-02,656_SALES_DATA_NNME_02032026.DAT,C:\Users\jonat\PycharmProjects\NSWpropertyData\RawData\DAT\2026\20260302\656_SALES_DATA_NNME_02032026.DAT,10001,0018fb522108d746f2335e74fb97df2770327bea6a8747e27f8fc7da82abbc0f
2026,2026-03-02,666_SALES_DATA_NNME_02032026.DAT,C:\Users\jonat\PycharmProjects\NSWpropertyData\RawData\DAT\2026\20260302\666_SALES_DATA_NNME_02032026.DAT,8383,7fcd72e3f08e855e530e8f3d3195b3d1ddd0381ecf08e9e4a518ccf8af40cd2a
2026,2026-03-02,708_SALES_DATA_NNME_02032026.DAT,C:\Users\jonat\PycharmProjects\NSWpropertyData\RawData\DAT\2026\20260302\708_SALES_DATA_NNME_02032026.DAT,16630,35f966133687c38928288dbfc63b532980cc6e29bdcb12920308cbe6d8b300eb
2026,2026-03-09,001_SALES_DATA_NNME_09032026.DAT,C:\Users\jonat\PycharmProjects\NSWpropertyData\RawData\DAT\2026\20260309\001_SALES_DATA_NNME_09032026.DAT,8295,77cab8ebc833efb3dd2e89cd9cb484928a755234c589efb4d7ebc180642df834
2026,2026-03-09,002_SALES_DATA_NNME_09032026.DAT,C:\Users\jonat\PycharmProjects\NSWpropertyData\RawData\DAT\2026\20260309\002_SALES_DATA_NNME_09032026.DAT,1222,448e10e8ed4342b09858084d38ce7b47fc7e280c7099f9e03e2816b8f75e8c0f
2026,2026-03-09,004_SALES_DATA_NNME_09032026.DAT,C:\Users\jonat\PycharmProjects\NSWpropertyData\RawData\DAT\2026\20260309\004_SALES_DATA_NNME_09032026.DAT,38112,67fc43d1c53d91541b79562f23b0e0495ffb1d03aad63ab1aa8c07a37726cf7a
2026,2026-03-09,005_SALES_DATA_NNME_09032026.DAT,C:\Users\jonat\PycharmProjects\NSWpropertyData\RawData\DAT\2026\20260309\005_SALES_DATA_NNME_09032026.DAT,18039,59ce4f8a2843077a4e66376f4f8e0c18cd929fa551b30e11cc263e13d9ead696
2026,2026-03-09,007_SALES_DATA_NNME_09032026.DAT,C:\Users\jonat\PycharmProjects\NSWpropertyData\RawData\DAT\2026\20260309\007_SALES_DATA_NNME_09032026.DAT,2733,f40b6d55c9b814596f2e1ea9c630dd9a39693bd6c7e54b33c413eb2896c7048c
2026,2026-03-09,008_SALES_DATA_NNME_09032026.DAT,C:\Users\jonat\PycharmProjects\NSWpropertyData\RawData\DAT\2026\20260309\008_SALES_DATA_NNME_09032026.DAT,24550,9f9303b69d8907680aea5592f6388ec86e637fa2e30e81add8a3228f1e6bbbe9
2026,2026-03-09,010_SALES_DATA_NNME_09032026.DAT,C:\Users\jonat\PycharmProjects\NSWpropertyData\RawData\DAT\2026\20260309\010_SALES_DATA_NNME_09032026.DAT,11296,54f8cbbab8292b4bcf82d1e2387846c9b8c8b2c7d72db18c1cbcfa15f04720e3
2026,2026-03-09,012_SALES_DATA_NNME_09032026.DAT,C:\Users\jonat\PycharmProjects\NSWpropertyData\RawData\DAT\2026\20260309\012_SALES_DATA_NNME_09032026.DAT,4630,fa27492f9cc03d006b5ea9d137d9fae76fdf37c09ebf827ffd23852cffc50bdf
2026,2026-03-09,018_SALES_DATA_NNME_09032026.DAT,C:\Users\jonat\PycharmProjects\NSWpropertyData\RawData\DAT\2026\20260309\018_SALES_DATA_NNME_09032026.DAT,6824,8ebffd58f3067f41b7f4d3e5eefc47f33a56cdd84650b26ce217a3cc386fd3ef
2026,2026-03-09,042_SALES_DATA_NNME_09032026.DAT,C:\Users\jonat\PycharmProjects\NSWpropertyData\RawData\DAT\2026\20260309\042_SALES_DATA_NNME_09032026.DAT,2522,b870f063c5d25f661223c60736811cb4fb79c42420ecb2ef3cbae1b1732cd368
2026,2026-03-09,043_SALES_DATA_NNME_09032026.DAT,C:\Users\jonat\PycharmProjects\NSWpropertyData\RawData\DAT\2026\20260309\043_SALES_DATA_NNME_09032026.DAT,1562,8f780d89fc70f77abe14b5f397e6e7e706441b42ca6178404654f7924c93355e
2026,2026-03-09,050_SALES_DATA_NNME_09032026.DAT,C:\Users\jonat\PycharmProjects\NSWpropertyData\RawData\DAT\2026\20260309\050_SALES_DATA_NNME_09032026.DAT,7096,2a671cdeefa8f68df46b2c04be23dca50b1ffbbe5f2387873e08507e78515c3b
2026,2026-03-09,051_SALES_DATA_NNME_09032026.DAT,C:\Users\jonat\PycharmProjects\NSWpropertyData\RawData\DAT\2026\20260309\051_SALES_DATA_NNME_09032026.DAT,881,88062608ba97709e6744716dbc49e0928cfb196b9b66ff267fb1c55d35839051
2026,2026-03-09,054_SALES_DATA_NNME_09032026.DAT,C:\Users\jonat\PycharmProjects\NSWpropertyData\RawData\DAT\2026\20260309\054_SALES_DATA_NNME_09032026.DAT,1116,89fa031dd592786cb7766d38cf8de57675a297dede6c554ce1c75bc096b4ad2b
2026,2026-03-09,061_SALES_DATA_NNME_09032026.DAT,C:\Users\jonat\PycharmProjects\NSWpropertyData\RawData\DAT\2026\20260309\061_SALES_DATA_NNME_09032026.DAT,576,62de1e391ca81b491e8dc8a1e559f86d3ce6c205287207596e16ef3fec7a0ce0
2026,2026-03-09,065_SALES_DATA_NNME_09032026.DAT,C:\Users\jonat\PycharmProjects\NSWpropertyData\RawData\DAT\2026\20260309\065_SALES_DATA_NNME_09032026.DAT,1390,41441036b7bd6286eb0f373585e69970970b736b50614ebde3a304b1a5c4bc66
2026,2026-03-09,066_SALES_DATA_NNME_09032026.DAT,C:\Users\jonat\PycharmProjects\NSWpropertyData\RawData\DAT\2026\20260309\066_SALES_DATA_NNME_09032026.DAT,647,f98b935c4ef6a2a60d15a56c354d3b73e2f72723d9fddf856b216de08e3c258e
2026,2026-03-09,070_SALES_DATA_NNME_09032026.DAT,C:\Users\jonat\PycharmProjects\NSWpropertyData\RawData\DAT\2026\20260309\070_SALES_DATA_NNME_09032026.DAT,827,a7d340a3877694858c9e870ca4df3c3f9cda3df9a24fe21cf6f3f4272e3c01e3
2026,2026-03-09,074_SALES_DATA_NNME_09032026.DAT,C:\Users\jonat\PycharmProjects\NSWpropertyData\RawData\DAT\2026\20260309\074_SALES_DATA_NNME_09032026.DAT,2554,2b9eae1888cbf831932ca93a6e0db64f5aedba8ee4a75fb496237cdea151d174
2026,2026-03-09,081_SALES_DATA_NNME_09032026.DAT,C:\Users\jonat\PycharmProjects\NSWpropertyData\RawData\DAT\2026\20260309\081_SALES_DATA_NNME_09032026.DAT,21360,50ac7cf7db1207846c4f83ff908162d878ec4cf5105f20a8cfd7575e8b69ab8f
2026,2026-03-09,082_SALES_DATA_NNME_09032026.DAT,C:\Users\jonat\PycharmProjects\NSWpropertyData\RawData\DAT\2026\20260309\082_SALES_DATA_NNME_09032026.DAT,11542,d4bbbd2b0353cb3c508542e624524dd4d23ef5e6f49262862a707261789a9b22
2026,2026-03-09,083_SALES_DATA_NNME_09032026.DAT,C:\Users\jonat\PycharmProjects\NSWpropertyData\RawData\DAT\2026\20260309\083_SALES_DATA_NNME_09032026.DAT,1259,dc44545de55967ec73416d4efd79152e4b7c36b19d87a8bd31576b5c28ffb06a
2026,2026-03-09,084_SALES_DATA_NNME_09032026.DAT,C:\Users\jonat\PycharmProjects\NSWpropertyData\RawData\DAT\2026\20260309\084_SALES_DATA_NNME_09032026.DAT,11242,cf03a601cbe496bfe740a467b9412e51effe3fc3d3fcc026d6bb7f83ed3999d2
2026,2026-03-09,085_SALES_DATA_NNME_09032026.DAT,C:\Users\jonat\PycharmProjects\NSWpropertyData\RawData\DAT\2026\20260309\085_SALES_DATA_NNME_09032026.DAT,4200,4418ec1420e94f9b3f30427a3b13feae9f5015eb4e0e8b97f15039f65b2d49f8
2026,2026-03-09,087_SALES_DATA_NNME_09032026.DAT,C:\Users\jonat\PycharmProjects\NSWpropertyData\RawData\DAT\2026\20260309\087_SALES_DATA_NNME_09032026.DAT,3065,48a7191c399262eb5fbf0339c146aba7df1ade5d134f8a65532d525a157f7440
2026,2026-03-09,088_SALES_DATA_NNME_09032026.DAT,C:\Users\jonat\PycharmProjects\NSWpropertyData\RawData\DAT\2026\20260309\088_SALES_DATA_NNME_09032026.DAT,8636,66a4c87919a8799e842ac60a16cd5ccaf2c5dad2ea16fb7f51a555289c2935d3
2026,2026-03-09,090_SALES_DATA_NNME_09032026.DAT,C:\Users\jonat\PycharmProjects\NSWpropertyData\RawData\DAT\2026\20260309\090_SALES_DATA_NNME_09032026.DAT,18455,649e1ea3be5102e4bf627d9ba64755fabce6cf85f69005baebd517ae6e7493af
2026,2026-03-09,092_SALES_DATA_NNME_09032026.DAT,C:\Users\jonat\PycharmProjects\NSWpropertyData\RawData\DAT\2026\20260309\092_SALES_DATA_NNME_09032026.DAT,9140,6bd2a37d7d3b2a2fb64acb5ee25615111b309cc2fdc72314bc01a62af293802b
2026,2026-03-09,097_SALES_DATA_NNME_09032026.DAT,C:\Users\jonat\PycharmProjects\NSWpropertyData\RawData\DAT\2026\20260309\097_SALES_DATA_NNME_09032026.DAT,12274,f28eb1f0a1ab40d66c890d4dc95a9e36ac8bc55b4ba63812604d87df65e0485c
2026,2026-03-09,098_SALES_DATA_NNME_09032026.DAT,C:\Users\jonat\PycharmProjects\NSWpropertyData\RawData\DAT\2026\20260309\098_SALES_DATA_NNME_09032026.DAT,3801,7f96a79e31853e49b87f21dabb2e22459c6da82068cae714a67c16988310e5b0
2026,2026-03-09,100_SALES_DATA_NNME_09032026.DAT,C:\Users\jonat\PycharmProjects\NSWpropertyData\RawData\DAT\2026\20260309\100_SALES_DATA_NNME_09032026.DAT,9947,b4c1f735514dd595fe2ccf90b8383ff4797dc45bfaef1adddd750897b8cb5529
2026,2026-03-09,101_SALES_DATA_NNME_09032026.DAT,C:\Users\jonat\PycharmProjects\NSWpropertyData\RawData\DAT\2026\20260309\101_SALES_DATA_NNME_09032026.DAT,22966,a4a390148266f2be7bc9402d0cca3260310b4e8da9fd48859765cf9262fd7aa1
2026,2026-03-09,102_SALES_DATA_NNME_09032026.DAT,C:\Users\jonat\PycharmProjects\NSWpropertyData\RawData\DAT\2026\20260309\102_SALES_DATA_NNME_09032026.DAT,9844,e8252b7d74f33feda784cd99baa0d6aaf657ee9a65ede8cd7613bac33bd78134
2026,2026-03-09,103_SALES_DATA_NNME_09032026.DAT,C:\Users\jonat\PycharmProjects\NSWpropertyData\RawData\DAT\2026\20260309\103_SALES_DATA_NNME_09032026.DAT,29222,957d8e00189e4c856d3ed899e5ba2fbe01a8b74b74fbf0b584967c2b10f1f1b8
2026,2026-03-09,109_SALES_DATA_NNME_09032026.DAT,C:\Users\jonat\PycharmProjects\NSWpropertyData\RawData\DAT\2026\20260309\109_SALES_DATA_NNME_09032026.DAT,3076,c2e5185a3bb5287d6e48a53bf5427820d028c8eea12657762d8cfeb9df00e5de
2026,2026-03-09,116_SALES_DATA_NNME_09032026.DAT,C:\Users\jonat\PycharmProjects\NSWpropertyData\RawData\DAT\2026\20260309\116_SALES_DATA_NNME_09032026.DAT,7174,0eced6ce84f8094fd1adbdd4be09673c92cd48e73b00c603bb33c9e819a2a6de
2026,2026-03-09,117_SALES_DATA_NNME_09032026.DAT,C:\Users\jonat\PycharmProjects\NSWpropertyData\RawData\DAT\2026\20260309\117_SALES_DATA_NNME_09032026.DAT,4210,7b63af6c1531ff6c1ccfbe1d0f7cc1fcb79f7694afe2d93f44366306f80284c5
2026,2026-03-09,118_SALES_DATA_NNME_09032026.DAT,C:\Users\jonat\PycharmProjects\NSWpropertyData\RawData\DAT\2026\20260309\118_SALES_DATA_NNME_09032026.DAT,3229,1f05c9b85bcbf8ccb1f66d032c5e79ac0221924c3b4c2c21b06487ad17cfab84
2026,2026-03-09,123_SALES_DATA_NNME_09032026.DAT,C:\Users\jonat\PycharmProjects\NSWpropertyData\RawData\DAT\2026\20260309\123_SALES_DATA_NNME_09032026.DAT,541,e46376403875e714cf5dfdc9129a9e550767074de3323fe7fb4955798f449c49
2026,2026-03-09,124_SALES_DATA_NNME_09032026.DAT,C:\Users\jonat\PycharmProjects\NSWpropertyData\RawData\DAT\2026\20260309\124_SALES_DATA_NNME_09032026.DAT,6933,9312725fc8651e07457632e02673d8ebcb5f4cc2eeba50ce0228b1239da904af
2026,2026-03-09,137_SALES_DATA_NNME_09032026.DAT,C:\Users\jonat\PycharmProjects\NSWpropertyData\RawData\DAT\2026\20260309\137_SALES_DATA_NNME_09032026.DAT,1897,85d583a890004c918fda6ba4d702cfce65166afa913694a75489c6016e248ceb
2026,2026-03-09,139_SALES_DATA_NNME_09032026.DAT,C:\Users\jonat\PycharmProjects\NSWpropertyData\RawData\DAT\2026\20260309\139_SALES_DATA_NNME_09032026.DAT,12891,29da2be77b0e60e3c34e9a70f2239922ea64d49534d7ae913848b4592791ebc8
2026,2026-03-09,143_SALES_DATA_NNME_09032026.DAT,C:\Users\jonat\PycharmProjects\NSWpropertyData\RawData\DAT\2026\20260309\143_SALES_DATA_NNME_09032026.DAT,7026,d19b0c1ba3552e30de716eff0e57e5a164f63a48a24d99414aec8270e9d1553f
2026,2026-03-09,144_SALES_DATA_NNME_09032026.DAT,C:\Users\jonat\PycharmProjects\NSWpropertyData\RawData\DAT\2026\20260309\144_SALES_DATA_NNME_09032026.DAT,22050,e50a5b483f10346d75d5795f8313c1161ed70b2f9cb11de77fcb1083e0c6b0db
2026,2026-03-09,148_SALES_DATA_NNME_09032026.DAT,C:\Users\jonat\PycharmProjects\NSWpropertyData\RawData\DAT\2026\20260309\148_SALES_DATA_NNME_09032026.DAT,9191,841917af9e4396ffead8e99bb5bcd69bce3f5f797e6b570d5b87ec4ca29b2274
2026,2026-03-09,149_SALES_DATA_NNME_09032026.DAT,C:\Users\jonat\PycharmProjects\NSWpropertyData\RawData\DAT\2026\20260309\149_SALES_DATA_NNME_09032026.DAT,2404,6c67710c12f66886e762e53b79f038e68cc253ad4ab623aa3c3c9e12635dbfee
2026,2026-03-09,150_SALES_DATA_NNME_09032026.DAT,C:\Users\jonat\PycharmProjects\NSWpropertyData\RawData\DAT\2026\20260309\150_SALES_DATA_NNME_09032026.DAT,3150,36d77c6bac7ccee22fb892868cea26de6e3847343f50040981126a9130fd3ebe
2026,2026-03-09,151_SALES_DATA_NNME_09032026.DAT,C:\Users\jonat\PycharmProjects\NSWpropertyData\RawData\DAT\2026\20260309\151_SALES_DATA_NNME_09032026.DAT,4937,36af1c75601ce33eccb1c8cbcecbaed03a57a05d71771cb359b1938c6b3de604
2026,2026-03-09,152_SALES_DATA_NNME_09032026.DAT,C:\Users\jonat\PycharmProjects\NSWpropertyData\RawData\DAT\2026\20260309\152_SALES_DATA_NNME_09032026.DAT,8878,7684e3f5f51b602f91afd8abdbbf4d570aaa82b5c84b4eef265b00b710d9f545
2026,2026-03-09,157_SALES_DATA_NNME_09032026.DAT,C:\Users\jonat\PycharmProjects\NSWpropertyData\RawData\DAT\2026\20260309\157_SALES_DATA_NNME_09032026.DAT,7441,07003d4108325362a54d36b00c609b1dadcc8c89665c11967781f08a94653b9f
2026,2026-03-09,158_SALES_DATA_NNME_09032026.DAT,C:\Users\jonat\PycharmProjects\NSWpropertyData\RawData\DAT\2026\20260309\158_SALES_DATA_NNME_09032026.DAT,1120,34668f367ce531029f1ba56f53fa3591635f25947133a2af96d6ccd54939fdc4
2026,2026-03-09,159_SALES_DATA_NNME_09032026.DAT,C:\Users\jonat\PycharmProjects\NSWpropertyData\RawData\DAT\2026\20260309\159_SALES_DATA_NNME_09032026.DAT,7904,e6e082cb4a3f3c0c6c51f427711636f4244b333261fa78862a1509b0f03256cd
2026,2026-03-09,164_SALES_DATA_NNME_09032026.DAT,C:\Users\jonat\PycharmProjects\NSWpropertyData\RawData\DAT\2026\20260309\164_SALES_DATA_NNME_09032026.DAT,2533,7fbca3849655c7d4e903a19c8ec938d9dca00f41c3375eb4fc28553c9e422a6a
2026,2026-03-09,171_SALES_DATA_NNME_09032026.DAT,C:\Users\jonat\PycharmProjects\NSWpropertyData\RawData\DAT\2026\20260309\171_SALES_DATA_NNME_09032026.DAT,31870,15e505724103095666398a317170d334d50ac238f071981f61d12b9cd7406168
2026,2026-03-09,187_SALES_DATA_NNME_09032026.DAT,C:\Users\jonat\PycharmProjects\NSWpropertyData\RawData\DAT\2026\20260309\187_SALES_DATA_NNME_09032026.DAT,4000,fedcb0181066b3e9bee160f240d0dc7c7756c8bcc8b26016d1a8605d33357018
2026,2026-03-09,188_SALES_DATA_NNME_09032026.DAT,C:\Users\jonat\PycharmProjects\NSWpropertyData\RawData\DAT\2026\20260309\188_SALES_DATA_NNME_09032026.DAT,3211,24ada19df8395f3d8d9a54b373120316df61eebd6577c5a1d82bd15d9a172030
2026,2026-03-09,192_SALES_DATA_NNME_09032026.DAT,C:\Users\jonat\PycharmProjects\NSWpropertyData\RawData\DAT\2026\20260309\192_SALES_DATA_NNME_09032026.DAT,822,e9546f43d2066a4801866f97d749b12668cc398bdea2ef04849635d64aaf745a
2026,2026-03-09,199_SALES_DATA_NNME_09032026.DAT,C:\Users\jonat\PycharmProjects\NSWpropertyData\RawData\DAT\2026\20260309\199_SALES_DATA_NNME_09032026.DAT,628,5faeb24023cb20d8c4a6d8b7cce45165818fda000aa67327058799d04b6b75ff
2026,2026-03-09,207_SALES_DATA_NNME_09032026.DAT,C:\Users\jonat\PycharmProjects\NSWpropertyData\RawData\DAT\2026\20260309\207_SALES_DATA_NNME_09032026.DAT,16447,3870c87c95df570ad5c601938e0e1d0a1b9603b24dd578268e6f360f261365a4
2026,2026-03-09,209_SALES_DATA_NNME_09032026.DAT,C:\Users\jonat\PycharmProjects\NSWpropertyData\RawData\DAT\2026\20260309\209_SALES_DATA_NNME_09032026.DAT,5208,eded9ae1dd9a4682d77c7dd60d1ba712b0203f38576be38e9e1e4d1cb50eb94a
2026,2026-03-09,210_SALES_DATA_NNME_09032026.DAT,C:\Users\jonat\PycharmProjects\NSWpropertyData\RawData\DAT\2026\20260309\210_SALES_DATA_NNME_09032026.DAT,6676,621c146a7aa3fdfb014e30daf6de8292c9750c93ae6b50c8016da01b6d0e3f0b
2026,2026-03-09,214_SALES_DATA_NNME_09032026.DAT,C:\Users\jonat\PycharmProjects\NSWpropertyData\RawData\DAT\2026\20260309\214_SALES_DATA_NNME_09032026.DAT,32721,e3d5e80dee2bd82ce515d5b528dd73cfc30cc85e703dc39e19903fae28eb38de
2026,2026-03-09,216_SALES_DATA_NNME_09032026.DAT,C:\Users\jonat\PycharmProjects\NSWpropertyData\RawData\DAT\2026\20260309\216_SALES_DATA_NNME_09032026.DAT,8874,9a032049ea98b40d0bbf99fedef572d963571ae19496967d4b178b82e6f936d8
2026,2026-03-09,217_SALES_DATA_NNME_09032026.DAT,C:\Users\jonat\PycharmProjects\NSWpropertyData\RawData\DAT\2026\20260309\217_SALES_DATA_NNME_09032026.DAT,20871,0a1571f23e4a778101fb274da2e2114d78ac72c342c82d13039bb6b2c6aa9aa0
2026,2026-03-09,218_SALES_DATA_NNME_09032026.DAT,C:\Users\jonat\PycharmProjects\NSWpropertyData\RawData\DAT\2026\20260309\218_SALES_DATA_NNME_09032026.DAT,15439,3ec807b59044f6456e32ffce60339153946f9475b09cf4a9c81004fb33aa3094
2026,2026-03-09,219_SALES_DATA_NNME_09032026.DAT,C:\Users\jonat\PycharmProjects\NSWpropertyData\RawData\DAT\2026\20260309\219_SALES_DATA_NNME_09032026.DAT,6519,be6549cf3d8b4ff446787cd9169ca0fda7b51f9278aa401d1ac329ed6ef3b742
2026,2026-03-09,220_SALES_DATA_NNME_09032026.DAT,C:\Users\jonat\PycharmProjects\NSWpropertyData\RawData\DAT\2026\20260309\220_SALES_DATA_NNME_09032026.DAT,8197,1017d91452c6f1a51728c33c36e6a4086adbc8d0983ae0b46e8d5c8441fc7dfe
2026,2026-03-09,222_SALES_DATA_NNME_09032026.DAT,C:\Users\jonat\PycharmProjects\NSWpropertyData\RawData\DAT\2026\20260309\222_SALES_DATA_NNME_09032026.DAT,5126,ef7bcf8d2c57d84ae02921891b2a5c3bbf59ec06a961ec0c35ef2909739452a0
2026,2026-03-09,223_SALES_DATA_NNME_09032026.DAT,C:\Users\jonat\PycharmProjects\NSWpropertyData\RawData\DAT\2026\20260309\223_SALES_DATA_NNME_09032026.DAT,23948,97beefce7706bfd134a109c71ae6e80bd4033faa9bd958b7747e37a0738e876a
2026,2026-03-09,224_SALES_DATA_NNME_09032026.DAT,C:\Users\jonat\PycharmProjects\NSWpropertyData\RawData\DAT\2026\20260309\224_SALES_DATA_NNME_09032026.DAT,22065,6f7fdb35e0619884da454f40502972c73c3cd4d65943bc3de79603c2e30bbc98
2026,2026-03-09,226_SALES_DATA_NNME_09032026.DAT,C:\Users\jonat\PycharmProjects\NSWpropertyData\RawData\DAT\2026\20260309\226_SALES_DATA_NNME_09032026.DAT,10959,3289bb4b397ec5ecb596fe1b218408e7c1d01ae5e34e1740f16735483056de7d
2026,2026-03-09,231_SALES_DATA_NNME_09032026.DAT,C:\Users\jonat\PycharmProjects\NSWpropertyData\RawData\DAT\2026\20260309\231_SALES_DATA_NNME_09032026.DAT,1230,f472c6c6b7119ed47e68819da1d1fb97821aa186e5c55a6961af1e61c9caf739
2026,2026-03-09,232_SALES_DATA_NNME_09032026.DAT,C:\Users\jonat\PycharmProjects\NSWpropertyData\RawData\DAT\2026\20260309\232_SALES_DATA_NNME_09032026.DAT,291,c79a416fbde10e9a5da02e226cf7913ba089c41bcdbbd35e86ae3510c63a5611
2026,2026-03-09,233_SALES_DATA_NNME_09032026.DAT,C:\Users\jonat\PycharmProjects\NSWpropertyData\RawData\DAT\2026\20260309\233_SALES_DATA_NNME_09032026.DAT,313,15a910f367bbcad9d90cb78e2b476827aa52319641a57d9f357d7e34b2c1c8df
2026,2026-03-09,234_SALES_DATA_NNME_09032026.DAT,C:\Users\jonat\PycharmProjects\NSWpropertyData\RawData\DAT\2026\20260309\234_SALES_DATA_NNME_09032026.DAT,2813,499740a92fcaee28bb2423412b87e152fca5a3652f65e5a205a5654f2f1216e3
2026,2026-03-09,235_SALES_DATA_NNME_09032026.DAT,C:\Users\jonat\PycharmProjects\NSWpropertyData\RawData\DAT\2026\20260309\235_SALES_DATA_NNME_09032026.DAT,624,4a5fdf457cb8b8185cc6673f3bfa8cee745c7969ae5114d8babc0bbb95fc85c6
2026,2026-03-09,236_SALES_DATA_NNME_09032026.DAT,C:\Users\jonat\PycharmProjects\NSWpropertyData\RawData\DAT\2026\20260309\236_SALES_DATA_NNME_09032026.DAT,653,a8e40f95ec488c3076ebe509cdd5f4e86bfc128974e558d1fee9d0f0f6c93a2f
2026,2026-03-09,238_SALES_DATA_NNME_09032026.DAT,C:\Users\jonat\PycharmProjects\NSWpropertyData\RawData\DAT\2026\20260309\238_SALES_DATA_NNME_09032026.DAT,591,8ff38c156a04a54800ff7adecc0b5270743bbf25202223c679f8ab7b68d84fe5
2026,2026-03-09,239_SALES_DATA_NNME_09032026.DAT,C:\Users\jonat\PycharmProjects\NSWpropertyData\RawData\DAT\2026\20260309\239_SALES_DATA_NNME_09032026.DAT,1231,af42726c761cea1f4b042538ca589f5e85cd08bc8cd8b4c03f0e9c341b53e5a0
2026,2026-03-09,240_SALES_DATA_NNME_09032026.DAT,C:\Users\jonat\PycharmProjects\NSWpropertyData\RawData\DAT\2026\20260309\240_SALES_DATA_NNME_09032026.DAT,298,6c1e02ee0ceb943baaf6f30d53f3e9e1cc71d426e8269b221fd4212fc54960fc
2026,2026-03-09,243_SALES_DATA_NNME_09032026.DAT,C:\Users\jonat\PycharmProjects\NSWpropertyData\RawData\DAT\2026\20260309\243_SALES_DATA_NNME_09032026.DAT,1912,5c8e7f7f10e7e10f38b0b6e3dfb2b0a946edc0451378532fa6e2f904820ceffa
2026,2026-03-09,244_SALES_DATA_NNME_09032026.DAT,C:\Users\jonat\PycharmProjects\NSWpropertyData\RawData\DAT\2026\20260309\244_SALES_DATA_NNME_09032026.DAT,1164,3582824c36f6d54b88884594d4e54871ea2b7bd0248b4487beb4593045f96096
2026,2026-03-09,247_SALES_DATA_NNME_09032026.DAT,C:\Users\jonat\PycharmProjects\NSWpropertyData\RawData\DAT\2026\20260309\247_SALES_DATA_NNME_09032026.DAT,2080,04770a0a6319e750014915acc2bb9231076d8a54216ce210a2f145104ff6b13e
2026,2026-03-09,250_SALES_DATA_NNME_09032026.DAT,C:\Users\jonat\PycharmProjects\NSWpropertyData\RawData\DAT\2026\20260309\250_SALES_DATA_NNME_09032026.DAT,3641,45bab679c118e060fdcac3d3bcf2eca266eafde7490c9cecfb4e6b2baddc0462
2026,2026-03-09,251_SALES_DATA_NNME_09032026.DAT,C:\Users\jonat\PycharmProjects\NSWpropertyData\RawData\DAT\2026\20260309\251_SALES_DATA_NNME_09032026.DAT,2581,fec9964c76a9a5c5bce9aba896885d61c21c2f3b71428a7e558ed610f75c4c23
2026,2026-03-09,252_SALES_DATA_NNME_09032026.DAT,C:\Users\jonat\PycharmProjects\NSWpropertyData\RawData\DAT\2026\20260309\252_SALES_DATA_NNME_09032026.DAT,1918,039703863bcceae60a1ec305d6cca0d36f91e6794660a6fab6d94fd2197c6291
2026,2026-03-09,253_SALES_DATA_NNME_09032026.DAT,C:\Users\jonat\PycharmProjects\NSWpropertyData\RawData\DAT\2026\20260309\253_SALES_DATA_NNME_09032026.DAT,1330,44075aa6384995c7af721d4115d5efb74e09f169a5b96c334bd34fc238812bf4
2026,2026-03-09,254_SALES_DATA_NNME_09032026.DAT,C:\Users\jonat\PycharmProjects\NSWpropertyData\RawData\DAT\2026\20260309\254_SALES_DATA_NNME_09032026.DAT,316,e30e43217f8b6dcfcafbd796e14ce374eabaad4b8063c03c88a80d621cd38f7e
2026,2026-03-09,255_SALES_DATA_NNME_09032026.DAT,C:\Users\jonat\PycharmProjects\NSWpropertyData\RawData\DAT\2026\20260309\255_SALES_DATA_NNME_09032026.DAT,3189,ec66474aa5697a97149f7f0c8fd254214848fd4abfadd0a04448cac510b11f35
2026,2026-03-09,257_SALES_DATA_NNME_09032026.DAT,C:\Users\jonat\PycharmProjects\NSWpropertyData\RawData\DAT\2026\20260309\257_SALES_DATA_NNME_09032026.DAT,6326,21e0a4c3bcc78947f86bc59872c4e7476073166f78bc246b6c52e513855240f4
2026,2026-03-09,258_SALES_DATA_NNME_09032026.DAT,C:\Users\jonat\PycharmProjects\NSWpropertyData\RawData\DAT\2026\20260309\258_SALES_DATA_NNME_09032026.DAT,20536,f388f3b08b9472a0647b2d038eb8f44a21dc42be7951becdaafe0eac4b3d9e6a
2026,2026-03-09,259_SALES_DATA_NNME_09032026.DAT,C:\Users\jonat\PycharmProjects\NSWpropertyData\RawData\DAT\2026\20260309\259_SALES_DATA_NNME_09032026.DAT,48041,fac7445c10bf0d59ba5e216b8dfbcccfa82343111d670c245a881240583cee37
2026,2026-03-09,260_SALES_DATA_NNME_09032026.DAT,C:\Users\jonat\PycharmProjects\NSWpropertyData\RawData\DAT\2026\20260309\260_SALES_DATA_NNME_09032026.DAT,35480,395f27eef51a418fb1bd6065322725a5456700e5c3a92d46eee18ff3c28bfe36
2026,2026-03-09,261_SALES_DATA_NNME_09032026.DAT,C:\Users\jonat\PycharmProjects\NSWpropertyData\RawData\DAT\2026\20260309\261_SALES_DATA_NNME_09032026.DAT,19161,bde318426aa5e1e992a249ad2373aca0bdf4fca4095335d2ca8a368b15598268
2026,2026-03-09,262_SALES_DATA_NNME_09032026.DAT,C:\Users\jonat\PycharmProjects\NSWpropertyData\RawData\DAT\2026\20260309\262_SALES_DATA_NNME_09032026.DAT,1178,3ae1d8b13ecf921ade85cbdc0f557d0b9c8571a7b80fe9e16f6449e008b83295
2026,2026-03-09,263_SALES_DATA_NNME_09032026.DAT,C:\Users\jonat\PycharmProjects\NSWpropertyData\RawData\DAT\2026\20260309\263_SALES_DATA_NNME_09032026.DAT,3989,082eb990233b6b4b35abc15b9ad09c5de0a381dec99d0a6b369f550698d5d4de
2026,2026-03-09,264_SALES_DATA_NNME_09032026.DAT,C:\Users\jonat\PycharmProjects\NSWpropertyData\RawData\DAT\2026\20260309\264_SALES_DATA_NNME_09032026.DAT,13663,282484347c20f2d5ff0774aeeab2df898665a04886909a0d0a31cfd980af8679
2026,2026-03-09,265_SALES_DATA_NNME_09032026.DAT,C:\Users\jonat\PycharmProjects\NSWpropertyData\RawData\DAT\2026\20260309\265_SALES_DATA_NNME_09032026.DAT,2618,f86c133ab0b28c5f64e0b1257117242362643bac6e242fb61a31b3c27cc5c390
2026,2026-03-09,266_SALES_DATA_NNME_09032026.DAT,C:\Users\jonat\PycharmProjects\NSWpropertyData\RawData\DAT\2026\20260309\266_SALES_DATA_NNME_09032026.DAT,2414,c0adaa9b70d33d705aef25a5f0270f9c494b06cdc28090f85a35456d171aef25
2026,2026-03-09,267_SALES_DATA_NNME_09032026.DAT,C:\Users\jonat\PycharmProjects\NSWpropertyData\RawData\DAT\2026\20260309\267_SALES_DATA_NNME_09032026.DAT,13935,5bada528057812ca72948a88799184094923260541cec6c530c00862283acc24
2026,2026-03-09,268_SALES_DATA_NNME_09032026.DAT,C:\Users\jonat\PycharmProjects\NSWpropertyData\RawData\DAT\2026\20260309\268_SALES_DATA_NNME_09032026.DAT,19797,371f49dac500cf7a02c2d811a00fe264229f03f361309b8c50f9d77b6ed33ab6
2026,2026-03-09,269_SALES_DATA_NNME_09032026.DAT,C:\Users\jonat\PycharmProjects\NSWpropertyData\RawData\DAT\2026\20260309\269_SALES_DATA_NNME_09032026.DAT,3503,1d88fdf8c56ad96846e7a060b8eb3283d57e2bcdaa14cdb5f3f5dce4af1252eb
2026,2026-03-09,270_SALES_DATA_NNME_09032026.DAT,C:\Users\jonat\PycharmProjects\NSWpropertyData\RawData\DAT\2026\20260309\270_SALES_DATA_NNME_09032026.DAT,1055,9cedbe81f978e6f398e68013d950e6a6c313859c0edb4a44ef086fe9df65e8ec
2026,2026-03-09,271_SALES_DATA_NNME_09032026.DAT,C:\Users\jonat\PycharmProjects\NSWpropertyData\RawData\DAT\2026\20260309\271_SALES_DATA_NNME_09032026.DAT,20573,fef6f6ffa6932f51d3e705b3aa0a51f89494e42440eb2f1b8c3772fbac288542
2026,2026-03-09,272_SALES_DATA_NNME_09032026.DAT,C:\Users\jonat\PycharmProjects\NSWpropertyData\RawData\DAT\2026\20260309\272_SALES_DATA_NNME_09032026.DAT,10201,97c22fbad0d56204cd7317cf02e08a8b9d24a4d33618713b358b112ddd58962f
2026,2026-03-09,273_SALES_DATA_NNME_09032026.DAT,C:\Users\jonat\PycharmProjects\NSWpropertyData\RawData\DAT\2026\20260309\273_SALES_DATA_NNME_09032026.DAT,3419,c259a8d3a914c55e892aba5da8116c6e771b0989db1da199a54f267086dfdfd2
2026,2026-03-09,274_SALES_DATA_NNME_09032026.DAT,C:\Users\jonat\PycharmProjects\NSWpropertyData\RawData\DAT\2026\20260309\274_SALES_DATA_NNME_09032026.DAT,2408,da29a8d310e83540a68cad841d472217126bbd01e6a7cb7997cd296ab11721d0
2026,2026-03-09,275_SALES_DATA_NNME_09032026.DAT,C:\Users\jonat\PycharmProjects\NSWpropertyData\RawData\DAT\2026\20260309\275_SALES_DATA_NNME_09032026.DAT,11981,7116bf83f24b74b0014e764fe7a0ff661d0a409c27115d5093c7b1280d78796f
2026,2026-03-09,276_SALES_DATA_NNME_09032026.DAT,C:\Users\jonat\PycharmProjects\NSWpropertyData\RawData\DAT\2026\20260309\276_SALES_DATA_NNME_09032026.DAT,17083,c5cc3196edebca87e5d1aa16330678c79bccacd5284c6570038d3d4ed1c46282
2026,2026-03-09,300_SALES_DATA_NNME_09032026.DAT,C:\Users\jonat\PycharmProjects\NSWpropertyData\RawData\DAT\2026\20260309\300_SALES_DATA_NNME_09032026.DAT,914,e0d6a2a32b916d3b4e76414036872b40facb9c6176ec61641a2a24c3255a148d
2026,2026-03-09,301_SALES_DATA_NNME_09032026.DAT,C:\Users\jonat\PycharmProjects\NSWpropertyData\RawData\DAT\2026\20260309\301_SALES_DATA_NNME_09032026.DAT,1772,0f22fd2172ea83b58956abf1eca157414d89813ef8e1d473fdfbb0ac848a853b
2026,2026-03-09,302_SALES_DATA_NNME_09032026.DAT,C:\Users\jonat\PycharmProjects\NSWpropertyData\RawData\DAT\2026\20260309\302_SALES_DATA_NNME_09032026.DAT,960,16c81a9780d36b0dc5a963d5581b6ed5e33fe6f47d6a4c5543c221a13cc77309
2026,2026-03-09,303_SALES_DATA_NNME_09032026.DAT,C:\Users\jonat\PycharmProjects\NSWpropertyData\RawData\DAT\2026\20260309\303_SALES_DATA_NNME_09032026.DAT,16609,b693a7e3980264fc992256ae879c3bf20b45253b2c1cc7a62a60ae0df5097312
2026,2026-03-09,511_SALES_DATA_NNME_09032026.DAT,C:\Users\jonat\PycharmProjects\NSWpropertyData\RawData\DAT\2026\20260309\511_SALES_DATA_NNME_09032026.DAT,3082,f09c4c70aec3bb22d163b734f686d6bf022f5fbffb871f86b91f097531c062ed
2026,2026-03-09,526_SALES_DATA_NNME_09032026.DAT,C:\Users\jonat\PycharmProjects\NSWpropertyData\RawData\DAT\2026\20260309\526_SALES_DATA_NNME_09032026.DAT,2057,cbcbc37bd21a73dc52bdfe6061a91869a0dbb6f5c91ac594399edaf1f332b112
2026,2026-03-09,528_SALES_DATA_NNME_09032026.DAT,C:\Users\jonat\PycharmProjects\NSWpropertyData\RawData\DAT\2026\20260309\528_SALES_DATA_NNME_09032026.DAT,2427,a4a0db10dcc168f291601b573d5f0fb17870b1a6e20145cccc4a5eff102ad8c6
2026,2026-03-09,529_SALES_DATA_NNME_09032026.DAT,C:\Users\jonat\PycharmProjects\NSWpropertyData\RawData\DAT\2026\20260309\529_SALES_DATA_NNME_09032026.DAT,6452,f2eb43a012361e4e0fb5cf0dbb5a2a9a6972e11859be2442fcc1c97fb43e3b70
2026,2026-03-09,537_SALES_DATA_NNME_09032026.DAT,C:\Users\jonat\PycharmProjects\NSWpropertyData\RawData\DAT\2026\20260309\537_SALES_DATA_NNME_09032026.DAT,2350,9a17c25e63f4e10cc595b93d475fb1371146e3acf45ea556e4b90d99dfa62146
2026,2026-03-09,538_SALES_DATA_NNME_09032026.DAT,C:\Users\jonat\PycharmProjects\NSWpropertyData\RawData\DAT\2026\20260309\538_SALES_DATA_NNME_09032026.DAT,1549,d31ca326011daaaf5a7608ae50cdd9d82ff11ad5c8f6c377e92ccca1486ee656
2026,2026-03-09,560_SALES_DATA_NNME_09032026.DAT,C:\Users\jonat\PycharmProjects\NSWpropertyData\RawData\DAT\2026\20260309\560_SALES_DATA_NNME_09032026.DAT,3509,b0e74fe359a7d3ad24b67afdb2fa1807c2091cc3d8984051613f963392e862d0
2026,2026-03-09,575_SALES_DATA_NNME_09032026.DAT,C:\Users\jonat\PycharmProjects\NSWpropertyData\RawData\DAT\2026\20260309\575_SALES_DATA_NNME_09032026.DAT,14440,9ee611678ab81493f5f0a800a32d8fb48f57238c3f2ba3c8fd104faf98e676d3
2026,2026-03-09,608_SALES_DATA_NNME_09032026.DAT,C:\Users\jonat\PycharmProjects\NSWpropertyData\RawData\DAT\2026\20260309\608_SALES_DATA_NNME_09032026.DAT,6166,abb33bd84273759b1f01f5daf8aebab1e1e2a8e17af4fd1ed13c69dd35935be5
2026,2026-03-09,620_SALES_DATA_NNME_09032026.DAT,C:\Users\jonat\PycharmProjects\NSWpropertyData\RawData\DAT\2026\20260309\620_SALES_DATA_NNME_09032026.DAT,3190,9b31ae21fe574375e5e4422bff8615113161fe4d8102532ad3efaa0193e6e749
2026,2026-03-09,656_SALES_DATA_NNME_09032026.DAT,C:\Users\jonat\PycharmProjects\NSWpropertyData\RawData\DAT\2026\20260309\656_SALES_DATA_NNME_09032026.DAT,17469,7a9cfa5896fc322b6a877651f9a7977cbec6d4e27186d41ac103ee29d4a3701a
2026,2026-03-09,666_SALES_DATA_NNME_09032026.DAT,C:\Users\jonat\PycharmProjects\NSWpropertyData\RawData\DAT\2026\20260309\666_SALES_DATA_NNME_09032026.DAT,9958,fdbd3801fe539367608ec255fc24a4898a3a3255797070d292faa4f09773b99e
2026,2026-03-09,708_SALES_DATA_NNME_09032026.DAT,C:\Users\jonat\PycharmProjects\NSWpropertyData\RawData\DAT\2026\20260309\708_SALES_DATA_NNME_09032026.DAT,31116,cf620394974e971f7c61be031ef6d5db7bb0f59d78e5959b24081653a9f7d47a
2026,2026-03-16,001_SALES_DATA_NNME_16032026.DAT,C:\Users\jonat\PycharmProjects\NSWpropertyData\RawData\DAT\2026\20260316\001_SALES_DATA_NNME_16032026.DAT,5625,f77ba601d6210dc90b659bcf9e982b2d361369e4d28d98ffc58574b816aa5c49
2026,2026-03-16,002_SALES_DATA_NNME_16032026.DAT,C:\Users\jonat\PycharmProjects\NSWpropertyData\RawData\DAT\2026\20260316\002_SALES_DATA_NNME_16032026.DAT,905,cc7443e08572dbfa43fb2261efb555c8213fd908a431e9a68fd95ebb89e2434e
2026,2026-03-16,004_SALES_DATA_NNME_16032026.DAT,C:\Users\jonat\PycharmProjects\NSWpropertyData\RawData\DAT\2026\20260316\004_SALES_DATA_NNME_16032026.DAT,17660,759799fc4ebebe30ca317515baf6d02092d2dc174a7f34a54619e6b2043431e5
2026,2026-03-16,005_SALES_DATA_NNME_16032026.DAT,C:\Users\jonat\PycharmProjects\NSWpropertyData\RawData\DAT\2026\20260316\005_SALES_DATA_NNME_16032026.DAT,10997,5e7e20c93fd69bf6323a1f0dd17129ada7449345aff4b044588987472f834910
2026,2026-03-16,007_SALES_DATA_NNME_16032026.DAT,C:\Users\jonat\PycharmProjects\NSWpropertyData\RawData\DAT\2026\20260316\007_SALES_DATA_NNME_16032026.DAT,3297,bb09f3cf2dca719b19c98154324b0df6d94074ffd16999c37135f112b111e8a7
2026,2026-03-16,008_SALES_DATA_NNME_16032026.DAT,C:\Users\jonat\PycharmProjects\NSWpropertyData\RawData\DAT\2026\20260316\008_SALES_DATA_NNME_16032026.DAT,16789,c854ac2cb382e83785eeddcf02ffde6df191dbfdb6e6bb1ed6be53ac005be86e
2026,2026-03-16,010_SALES_DATA_NNME_16032026.DAT,C:\Users\jonat\PycharmProjects\NSWpropertyData\RawData\DAT\2026\20260316\010_SALES_DATA_NNME_16032026.DAT,7229,5f7452a57a012ebfce9cbd2f5ad594d3668236da4c0ad147a9474aa1e708c94d
2026,2026-03-16,012_SALES_DATA_NNME_16032026.DAT,C:\Users\jonat\PycharmProjects\NSWpropertyData\RawData\DAT\2026\20260316\012_SALES_DATA_NNME_16032026.DAT,3841,4d6c05d4bf8639131951400722ceaf49c23f329cda1ec7f826d5df47cde9e8e7
2026,2026-03-16,018_SALES_DATA_NNME_16032026.DAT,C:\Users\jonat\PycharmProjects\NSWpropertyData\RawData\DAT\2026\20260316\018_SALES_DATA_NNME_16032026.DAT,3087,851e5ee3600f9d474a6dce3b66fcca0eba467e3350db9564b0046af502dd8785
2026,2026-03-16,042_SALES_DATA_NNME_16032026.DAT,C:\Users\jonat\PycharmProjects\NSWpropertyData\RawData\DAT\2026\20260316\042_SALES_DATA_NNME_16032026.DAT,1408,4dc9300fc3a6af4cdd6f41ee968c12d34f7787a99900e52fd533ace6efc0f06f
2026,2026-03-16,043_SALES_DATA_NNME_16032026.DAT,C:\Users\jonat\PycharmProjects\NSWpropertyData\RawData\DAT\2026\20260316\043_SALES_DATA_NNME_16032026.DAT,699,d4dfcaab2ee2a37227795bb18efb160bf04ca9a14a9b70815a86bd98e3f1a70a
2026,2026-03-16,050_SALES_DATA_NNME_16032026.DAT,C:\Users\jonat\PycharmProjects\NSWpropertyData\RawData\DAT\2026\20260316\050_SALES_DATA_NNME_16032026.DAT,5249,b97b7c8bd124db823d5dc49269ce18ea5080166bff07fae3b0aeacc4f69ef263
2026,2026-03-16,051_SALES_DATA_NNME_16032026.DAT,C:\Users\jonat\PycharmProjects\NSWpropertyData\RawData\DAT\2026\20260316\051_SALES_DATA_NNME_16032026.DAT,1152,b79a2b3fb9e9645a4d109d7901243328b7972b6b5fb596f24605c363942b90cf
2026,2026-03-16,054_SALES_DATA_NNME_16032026.DAT,C:\Users\jonat\PycharmProjects\NSWpropertyData\RawData\DAT\2026\20260316\054_SALES_DATA_NNME_16032026.DAT,582,cb325350f6ca1d00f449d32c78664269eb1060c461ae6c4113e13c080ca1a8f5
2026,2026-03-16,061_SALES_DATA_NNME_16032026.DAT,C:\Users\jonat\PycharmProjects\NSWpropertyData\RawData\DAT\2026\20260316\061_SALES_DATA_NNME_16032026.DAT,1721,4184fe9a9c173ec1bf4f0d5e8c3707598b465e32a54f76f7e4fb489767c13765
2026,2026-03-16,065_SALES_DATA_NNME_16032026.DAT,C:\Users\jonat\PycharmProjects\NSWpropertyData\RawData\DAT\2026\20260316\065_SALES_DATA_NNME_16032026.DAT,1545,2b61b4870559b44208e9c39e8285be93317ddc6bb159fcb0d284f300ff566a46
2026,2026-03-16,066_SALES_DATA_NNME_16032026.DAT,C:\Users\jonat\PycharmProjects\NSWpropertyData\RawData\DAT\2026\20260316\066_SALES_DATA_NNME_16032026.DAT,2485,6c0b8a777750539858ee31092bca96bf5c889cb8693dbc75c43eda61bbcd41ae
2026,2026-03-16,070_SALES_DATA_NNME_16032026.DAT,C:\Users\jonat\PycharmProjects\NSWpropertyData\RawData\DAT\2026\20260316\070_SALES_DATA_NNME_16032026.DAT,900,b848356d9e95ddb4e06dd428297346ad9ba6296cdfab6d596f331aa7132c78d1
2026,2026-03-16,074_SALES_DATA_NNME_16032026.DAT,C:\Users\jonat\PycharmProjects\NSWpropertyData\RawData\DAT\2026\20260316\074_SALES_DATA_NNME_16032026.DAT,1780,4c3159cdf1d436016df4f9cb45c1e896601e8d92e1ab1a9e2d6016bd4cb76ed3
2026,2026-03-16,081_SALES_DATA_NNME_16032026.DAT,C:\Users\jonat\PycharmProjects\NSWpropertyData\RawData\DAT\2026\20260316\081_SALES_DATA_NNME_16032026.DAT,14115,2ba82cd40672ec9774a28738c4a348a4799a9f512d923bb6db6a24f8648209b2
2026,2026-03-16,082_SALES_DATA_NNME_16032026.DAT,C:\Users\jonat\PycharmProjects\NSWpropertyData\RawData\DAT\2026\20260316\082_SALES_DATA_NNME_16032026.DAT,15768,0bd3c4ec550e66bb712585ccd68332217e5173684a0dc716bbb4e360da05b391
2026,2026-03-16,083_SALES_DATA_NNME_16032026.DAT,C:\Users\jonat\PycharmProjects\NSWpropertyData\RawData\DAT\2026\20260316\083_SALES_DATA_NNME_16032026.DAT,326,e37e0a030bb4c742706b9d8fdeb522b5471537d76e189832fbc74d75f797294a
2026,2026-03-16,084_SALES_DATA_NNME_16032026.DAT,C:\Users\jonat\PycharmProjects\NSWpropertyData\RawData\DAT\2026\20260316\084_SALES_DATA_NNME_16032026.DAT,6194,dc2d576a07447d94843dc95cda65bcf573aa5b1564c00826fa73a767dd095b43
2026,2026-03-16,085_SALES_DATA_NNME_16032026.DAT,C:\Users\jonat\PycharmProjects\NSWpropertyData\RawData\DAT\2026\20260316\085_SALES_DATA_NNME_16032026.DAT,5153,a4be97d53468d41f20faec6bceaa1ecfbcaa5e6805b8cfb5b438fca10e9d17d1
2026,2026-03-16,087_SALES_DATA_NNME_16032026.DAT,C:\Users\jonat\PycharmProjects\NSWpropertyData\RawData\DAT\2026\20260316\087_SALES_DATA_NNME_16032026.DAT,1193,5fb60c0248d8d83f0bf4592392db4d38ed6cd95e7aad9ce4178a2f00928fd4fd
2026,2026-03-16,088_SALES_DATA_NNME_16032026.DAT,C:\Users\jonat\PycharmProjects\NSWpropertyData\RawData\DAT\2026\20260316\088_SALES_DATA_NNME_16032026.DAT,7855,5315775ca1c59cacdd9f06dfa14ddee0e8d3b669f4cff9e59726250263421e12
2026,2026-03-16,090_SALES_DATA_NNME_16032026.DAT,C:\Users\jonat\PycharmProjects\NSWpropertyData\RawData\DAT\2026\20260316\090_SALES_DATA_NNME_16032026.DAT,9136,807a0507735d08e406d6c4dfed24b419561b3ac2e99c90b28528ef12a4bcc9c1
2026,2026-03-16,092_SALES_DATA_NNME_16032026.DAT,C:\Users\jonat\PycharmProjects\NSWpropertyData\RawData\DAT\2026\20260316\092_SALES_DATA_NNME_16032026.DAT,5592,c701b2fd5d007a9423bc41ec7946f65cbead4e6c6eb5280c8b0735a51d787ed5
2026,2026-03-16,097_SALES_DATA_NNME_16032026.DAT,C:\Users\jonat\PycharmProjects\NSWpropertyData\RawData\DAT\2026\20260316\097_SALES_DATA_NNME_16032026.DAT,5280,988b4168b8d7de27567328f1f2c6ec3c685b54267941ded345b5a2069d70cd55
2026,2026-03-16,098_SALES_DATA_NNME_16032026.DAT,C:\Users\jonat\PycharmProjects\NSWpropertyData\RawData\DAT\2026\20260316\098_SALES_DATA_NNME_16032026.DAT,2794,de709515f24fb280fcdd97810dc106219d804233e456d1be7cd666c20a9bfa18
2026,2026-03-16,100_SALES_DATA_NNME_16032026.DAT,C:\Users\jonat\PycharmProjects\NSWpropertyData\RawData\DAT\2026\20260316\100_SALES_DATA_NNME_16032026.DAT,3528,1d14e2be3bcb52e3a2c2f21b50e1ebf3c45826b9ebfc023f099d4ce91942ebc1
2026,2026-03-16,101_SALES_DATA_NNME_16032026.DAT,C:\Users\jonat\PycharmProjects\NSWpropertyData\RawData\DAT\2026\20260316\101_SALES_DATA_NNME_16032026.DAT,15176,cd922b13eb150f075efa09b4568c7f95746f2b45de77eeaefeea77ffe865ff2e
2026,2026-03-16,102_SALES_DATA_NNME_16032026.DAT,C:\Users\jonat\PycharmProjects\NSWpropertyData\RawData\DAT\2026\20260316\102_SALES_DATA_NNME_16032026.DAT,6389,d4b8639368fc68480bd13cdcdd2b6181b6ab893ac95263f25c0a105738313437
2026,2026-03-16,103_SALES_DATA_NNME_16032026.DAT,C:\Users\jonat\PycharmProjects\NSWpropertyData\RawData\DAT\2026\20260316\103_SALES_DATA_NNME_16032026.DAT,13996,f7d2a68a3bd0014bd75b682136d50dbc60b2a63e114669fb4b1a7618447358f0
2026,2026-03-16,109_SALES_DATA_NNME_16032026.DAT,C:\Users\jonat\PycharmProjects\NSWpropertyData\RawData\DAT\2026\20260316\109_SALES_DATA_NNME_16032026.DAT,870,42b920a8084a117127e27ad9861ca3544ed6abe0bcee37f8f02df8eb20ef8b50
2026,2026-03-16,116_SALES_DATA_NNME_16032026.DAT,C:\Users\jonat\PycharmProjects\NSWpropertyData\RawData\DAT\2026\20260316\116_SALES_DATA_NNME_16032026.DAT,976,a01c8e976da4c8bb2c3936939519d230677c785ae154a503680845ac37c60f5e
2026,2026-03-16,117_SALES_DATA_NNME_16032026.DAT,C:\Users\jonat\PycharmProjects\NSWpropertyData\RawData\DAT\2026\20260316\117_SALES_DATA_NNME_16032026.DAT,835,5b8fb3d40ac534387a955b90a9349708a2881d4771c4f3b82a023ccf109d6570
2026,2026-03-16,118_SALES_DATA_NNME_16032026.DAT,C:\Users\jonat\PycharmProjects\NSWpropertyData\RawData\DAT\2026\20260316\118_SALES_DATA_NNME_16032026.DAT,919,5752f791c1381833bca4dd921fb14e99c8b8975c0a5b9235c9bfc3280e2e44d9
2026,2026-03-16,123_SALES_DATA_NNME_16032026.DAT,C:\Users\jonat\PycharmProjects\NSWpropertyData\RawData\DAT\2026\20260316\123_SALES_DATA_NNME_16032026.DAT,1367,7c14d5b300a6b08c942050579caf2aff489b7f2cdacbb5b28537a261304b5ab8
2026,2026-03-16,124_SALES_DATA_NNME_16032026.DAT,C:\Users\jonat\PycharmProjects\NSWpropertyData\RawData\DAT\2026\20260316\124_SALES_DATA_NNME_16032026.DAT,5089,6338265832427f3119d4ab3275bfa2ed46c6c04d6980816001e4c9cb5981aa36
2026,2026-03-16,137_SALES_DATA_NNME_16032026.DAT,C:\Users\jonat\PycharmProjects\NSWpropertyData\RawData\DAT\2026\20260316\137_SALES_DATA_NNME_16032026.DAT,2175,3f8c3cef6cf89a1d6c490b24a54191edf786772a7fbed51e30e5ffb9495b0f47
2026,2026-03-16,139_SALES_DATA_NNME_16032026.DAT,C:\Users\jonat\PycharmProjects\NSWpropertyData\RawData\DAT\2026\20260316\139_SALES_DATA_NNME_16032026.DAT,5453,7ef9ec46fd5a94a95def329d14df5f9c3a07da85f374bc8ed527d717c43f6089
2026,2026-03-16,143_SALES_DATA_NNME_16032026.DAT,C:\Users\jonat\PycharmProjects\NSWpropertyData\RawData\DAT\2026\20260316\143_SALES_DATA_NNME_16032026.DAT,3873,8c1617a277e6b977f896829cd4b51af17712978561f9fc340182c369f31a383e
2026,2026-03-16,144_SALES_DATA_NNME_16032026.DAT,C:\Users\jonat\PycharmProjects\NSWpropertyData\RawData\DAT\2026\20260316\144_SALES_DATA_NNME_16032026.DAT,17347,5a78dc60d47360538555134a2e09254489c4a5228d2395ec62d4c1dfa7d29332
2026,2026-03-16,148_SALES_DATA_NNME_16032026.DAT,C:\Users\jonat\PycharmProjects\NSWpropertyData\RawData\DAT\2026\20260316\148_SALES_DATA_NNME_16032026.DAT,5801,527236bee3b0fc63423b3f52e93b2b93a474c9c2c347531fb27b58ef954118c8
2026,2026-03-16,149_SALES_DATA_NNME_16032026.DAT,C:\Users\jonat\PycharmProjects\NSWpropertyData\RawData\DAT\2026\20260316\149_SALES_DATA_NNME_16032026.DAT,1203,f8d55b68129737b2a21982e81b30e4768abd3a7c07ad9b19ce072805b1532b7c
2026,2026-03-16,150_SALES_DATA_NNME_16032026.DAT,C:\Users\jonat\PycharmProjects\NSWpropertyData\RawData\DAT\2026\20260316\150_SALES_DATA_NNME_16032026.DAT,2321,d7faf18a00827b9389c86fa2acabf35d233533674d38fe30ff2dec58227dbe8a
2026,2026-03-16,151_SALES_DATA_NNME_16032026.DAT,C:\Users\jonat\PycharmProjects\NSWpropertyData\RawData\DAT\2026\20260316\151_SALES_DATA_NNME_16032026.DAT,1650,a6358f3c4d6cc382668ea6757f943cbf41d0f2dddc9450a38be781551c45328d
2026,2026-03-16,152_SALES_DATA_NNME_16032026.DAT,C:\Users\jonat\PycharmProjects\NSWpropertyData\RawData\DAT\2026\20260316\152_SALES_DATA_NNME_16032026.DAT,5101,c80d1e3e7cea4207c0ecbf06c2e5fd15fe4e62f3f5d0146a9c629c4369d5e338
2026,2026-03-16,157_SALES_DATA_NNME_16032026.DAT,C:\Users\jonat\PycharmProjects\NSWpropertyData\RawData\DAT\2026\20260316\157_SALES_DATA_NNME_16032026.DAT,4194,6fd56879ca013374e3495632b2405c04633792eddd1e59de4b3f9797a9413ccf
2026,2026-03-16,158_SALES_DATA_NNME_16032026.DAT,C:\Users\jonat\PycharmProjects\NSWpropertyData\RawData\DAT\2026\20260316\158_SALES_DATA_NNME_16032026.DAT,1591,0c329f36fd02ee6232ef9480285ddf16bd20c30e1be3b024e0fa5b5b27aadbed
2026,2026-03-16,159_SALES_DATA_NNME_16032026.DAT,C:\Users\jonat\PycharmProjects\NSWpropertyData\RawData\DAT\2026\20260316\159_SALES_DATA_NNME_16032026.DAT,3177,9b6f6a96181a1ba1b19634929cecf577d4519d44b9b36406fd6fd70502bc0208
2026,2026-03-16,164_SALES_DATA_NNME_16032026.DAT,C:\Users\jonat\PycharmProjects\NSWpropertyData\RawData\DAT\2026\20260316\164_SALES_DATA_NNME_16032026.DAT,4046,610ac26fd7aa52e17251ea82bdd882bc670845a66e137e6bd7a0255d8fe3be05
2026,2026-03-16,171_SALES_DATA_NNME_16032026.DAT,C:\Users\jonat\PycharmProjects\NSWpropertyData\RawData\DAT\2026\20260316\171_SALES_DATA_NNME_16032026.DAT,9019,f6e61af300b6e58b2717924f70d8d98839f0d2ecc696ef45f435ebbe76d55b61
2026,2026-03-16,187_SALES_DATA_NNME_16032026.DAT,C:\Users\jonat\PycharmProjects\NSWpropertyData\RawData\DAT\2026\20260316\187_SALES_DATA_NNME_16032026.DAT,1924,e26187c052e70d8d74beddec5fbe069c1ca6328225850509f3c2f1a40de93086
2026,2026-03-16,188_SALES_DATA_NNME_16032026.DAT,C:\Users\jonat\PycharmProjects\NSWpropertyData\RawData\DAT\2026\20260316\188_SALES_DATA_NNME_16032026.DAT,1973,6934152b18fac29e33ce4b946ab621b94dce1c93b8bbb3f31f247bf33d6f649f
2026,2026-03-16,192_SALES_DATA_NNME_16032026.DAT,C:\Users\jonat\PycharmProjects\NSWpropertyData\RawData\DAT\2026\20260316\192_SALES_DATA_NNME_16032026.DAT,1789,6a95d9cb3eb5a07387d8e4bdef473e170b7b4101bf97ed8e201b326bf92e08ae
2026,2026-03-16,199_SALES_DATA_NNME_16032026.DAT,C:\Users\jonat\PycharmProjects\NSWpropertyData\RawData\DAT\2026\20260316\199_SALES_DATA_NNME_16032026.DAT,337,4160d2f8ce84418efa58412a86b4bf9d13dfdaef73f718388456ce4d0ba8bc29
2026,2026-03-16,207_SALES_DATA_NNME_16032026.DAT,C:\Users\jonat\PycharmProjects\NSWpropertyData\RawData\DAT\2026\20260316\207_SALES_DATA_NNME_16032026.DAT,7492,ac396dc712176689c880752d7d783a5e1fcf4d109ada8bd40e887088039b0426
2026,2026-03-16,209_SALES_DATA_NNME_16032026.DAT,C:\Users\jonat\PycharmProjects\NSWpropertyData\RawData\DAT\2026\20260316\209_SALES_DATA_NNME_16032026.DAT,5932,b1abd1bd0e8ac37152b2f42f3c825f1402e75f6581905a8b8d5c6afd795595ef
2026,2026-03-16,210_SALES_DATA_NNME_16032026.DAT,C:\Users\jonat\PycharmProjects\NSWpropertyData\RawData\DAT\2026\20260316\210_SALES_DATA_NNME_16032026.DAT,3968,8a08d167f69bf5d477c3654ea1971eeb79b52cac5ccf960c217cc22e669a87fd
2026,2026-03-16,214_SALES_DATA_NNME_16032026.DAT,C:\Users\jonat\PycharmProjects\NSWpropertyData\RawData\DAT\2026\20260316\214_SALES_DATA_NNME_16032026.DAT,26947,982cd190c4c414d031be620cb8f259d7b3331ea6dcd47a27400f0bffa2863b92
2026,2026-03-16,216_SALES_DATA_NNME_16032026.DAT,C:\Users\jonat\PycharmProjects\NSWpropertyData\RawData\DAT\2026\20260316\216_SALES_DATA_NNME_16032026.DAT,3610,9fd3b175ad582ec34967b063ed6c09a3b250a758a3ac846e0f753be860915763
2026,2026-03-16,217_SALES_DATA_NNME_16032026.DAT,C:\Users\jonat\PycharmProjects\NSWpropertyData\RawData\DAT\2026\20260316\217_SALES_DATA_NNME_16032026.DAT,6017,630653ae999a69356639c8855a6eeb16eb95a48501aa9028411ff01ac7cdda42
2026,2026-03-16,218_SALES_DATA_NNME_16032026.DAT,C:\Users\jonat\PycharmProjects\NSWpropertyData\RawData\DAT\2026\20260316\218_SALES_DATA_NNME_16032026.DAT,14116,703362338c8cf02ebfd4f82aaf49cfce0c8c794f1c2b97b84b8354ec7677b33b
2026,2026-03-16,219_SALES_DATA_NNME_16032026.DAT,C:\Users\jonat\PycharmProjects\NSWpropertyData\RawData\DAT\2026\20260316\219_SALES_DATA_NNME_16032026.DAT,5963,13d8172bed69fd7430202500be888b4ae8256a61a4cd8d72ccdaf9b34b12c590
2026,2026-03-16,220_SALES_DATA_NNME_16032026.DAT,C:\Users\jonat\PycharmProjects\NSWpropertyData\RawData\DAT\2026\20260316\220_SALES_DATA_NNME_16032026.DAT,8865,6c46e93778776107d1dc4b51c64f8e188bae3c992f45bfc6d9cf0e19277ddaa2
2026,2026-03-16,222_SALES_DATA_NNME_16032026.DAT,C:\Users\jonat\PycharmProjects\NSWpropertyData\RawData\DAT\2026\20260316\222_SALES_DATA_NNME_16032026.DAT,1609,0ebff66c0aaffd873b64a6bb200d8bdb8548005781c2e8bf52e64e9859ff11df
2026,2026-03-16,223_SALES_DATA_NNME_16032026.DAT,C:\Users\jonat\PycharmProjects\NSWpropertyData\RawData\DAT\2026\20260316\223_SALES_DATA_NNME_16032026.DAT,17090,2a7046aeb2a6b52788279b2ecfbd59f7e05da2e36b7b8d5761c6687cbc740e88
2026,2026-03-16,224_SALES_DATA_NNME_16032026.DAT,C:\Users\jonat\PycharmProjects\NSWpropertyData\RawData\DAT\2026\20260316\224_SALES_DATA_NNME_16032026.DAT,14024,749709569e0beb4283f8d473f840446429e47b002dda863ef82c6fe2275db36a
2026,2026-03-16,226_SALES_DATA_NNME_16032026.DAT,C:\Users\jonat\PycharmProjects\NSWpropertyData\RawData\DAT\2026\20260316\226_SALES_DATA_NNME_16032026.DAT,8392,6891bd527f1464fde15bc25af097834f2c4650317482d7dcf94e43f6c3c48568
2026,2026-03-16,231_SALES_DATA_NNME_16032026.DAT,C:\Users\jonat\PycharmProjects\NSWpropertyData\RawData\DAT\2026\20260316\231_SALES_DATA_NNME_16032026.DAT,335,105e02d3a62fcd62586ec6a58213283e1e99b3f2bef4d297258a80af844ae71d
2026,2026-03-16,234_SALES_DATA_NNME_16032026.DAT,C:\Users\jonat\PycharmProjects\NSWpropertyData\RawData\DAT\2026\20260316\234_SALES_DATA_NNME_16032026.DAT,2750,a8737df21b4c082b7f914806c0e54d96bd8c49e9ac7eead96ff622e603e7391b
2026,2026-03-16,235_SALES_DATA_NNME_16032026.DAT,C:\Users\jonat\PycharmProjects\NSWpropertyData\RawData\DAT\2026\20260316\235_SALES_DATA_NNME_16032026.DAT,294,4824727b507dfd6bb557ba0770ed95d5f06668e0e91f69c33b66f5555fb7d120
2026,2026-03-16,238_SALES_DATA_NNME_16032026.DAT,C:\Users\jonat\PycharmProjects\NSWpropertyData\RawData\DAT\2026\20260316\238_SALES_DATA_NNME_16032026.DAT,535,bdeb3d9a89cbcd436b86c12315be4ef791bbd57aad959bfd4b3db8c5919a1ed1
2026,2026-03-16,239_SALES_DATA_NNME_16032026.DAT,C:\Users\jonat\PycharmProjects\NSWpropertyData\RawData\DAT\2026\20260316\239_SALES_DATA_NNME_16032026.DAT,352,c15360f4bbbc3f46848ffdbd5e99d620e4728bda2bda4477736754dfb62ead00
2026,2026-03-16,240_SALES_DATA_NNME_16032026.DAT,C:\Users\jonat\PycharmProjects\NSWpropertyData\RawData\DAT\2026\20260316\240_SALES_DATA_NNME_16032026.DAT,374,d64686df38f4218d096a49d810c0b56e0e01fd37e1bdeabca74f9c77ee1ff340
2026,2026-03-16,243_SALES_DATA_NNME_16032026.DAT,C:\Users\jonat\PycharmProjects\NSWpropertyData\RawData\DAT\2026\20260316\243_SALES_DATA_NNME_16032026.DAT,294,efebd50efb51380d9c307c375a20e14e25858174db1cffac8ef2e6e21ffa0a52
2026,2026-03-16,244_SALES_DATA_NNME_16032026.DAT,C:\Users\jonat\PycharmProjects\NSWpropertyData\RawData\DAT\2026\20260316\244_SALES_DATA_NNME_16032026.DAT,554,617d5891c45b386385fa5ad50b863a126f5f035ab9e513326ba663a562b8af4a
2026,2026-03-16,247_SALES_DATA_NNME_16032026.DAT,C:\Users\jonat\PycharmProjects\NSWpropertyData\RawData\DAT\2026\20260316\247_SALES_DATA_NNME_16032026.DAT,1188,ba46c504af5b3a1f6200e37303c6d4e2a1a980a5cbf41f912ded35afc4441b23
2026,2026-03-16,250_SALES_DATA_NNME_16032026.DAT,C:\Users\jonat\PycharmProjects\NSWpropertyData\RawData\DAT\2026\20260316\250_SALES_DATA_NNME_16032026.DAT,2997,8a8681ad2252a74a96e7b3e27b1ed2df5e27f72d1369dd1875c9233164ea64c4
2026,2026-03-16,251_SALES_DATA_NNME_16032026.DAT,C:\Users\jonat\PycharmProjects\NSWpropertyData\RawData\DAT\2026\20260316\251_SALES_DATA_NNME_16032026.DAT,655,58a7adf22e318b96b2ebecc8c8319a9bbcea133cf813aef5a8b340384504d17a
2026,2026-03-16,252_SALES_DATA_NNME_16032026.DAT,C:\Users\jonat\PycharmProjects\NSWpropertyData\RawData\DAT\2026\20260316\252_SALES_DATA_NNME_16032026.DAT,296,7e5a70d6ced7076c32bb677cbd434b1747145ebda5e5f0a181f8f7b421303267
2026,2026-03-16,253_SALES_DATA_NNME_16032026.DAT,C:\Users\jonat\PycharmProjects\NSWpropertyData\RawData\DAT\2026\20260316\253_SALES_DATA_NNME_16032026.DAT,3706,cf510b9ce7725eb299fb87a67f7ccf8d99787d875d7c8efbaf28ce7fa2f66b54
2026,2026-03-16,254_SALES_DATA_NNME_16032026.DAT,C:\Users\jonat\PycharmProjects\NSWpropertyData\RawData\DAT\2026\20260316\254_SALES_DATA_NNME_16032026.DAT,330,a26e9b694e167d5a16e1de0f94a7bbd36ddf85f11050470f1171d886fce1b9dd
2026,2026-03-16,255_SALES_DATA_NNME_16032026.DAT,C:\Users\jonat\PycharmProjects\NSWpropertyData\RawData\DAT\2026\20260316\255_SALES_DATA_NNME_16032026.DAT,2230,f10b260ee975a253c5cb0af999c47108305e74a336a5d41a689b6e98cfff1ffc
2026,2026-03-16,257_SALES_DATA_NNME_16032026.DAT,C:\Users\jonat\PycharmProjects\NSWpropertyData\RawData\DAT\2026\20260316\257_SALES_DATA_NNME_16032026.DAT,3048,14d019f65d551587bac84a82f205b49617dbe8364dc260c5daec60295b651c8b
2026,2026-03-16,258_SALES_DATA_NNME_16032026.DAT,C:\Users\jonat\PycharmProjects\NSWpropertyData\RawData\DAT\2026\20260316\258_SALES_DATA_NNME_16032026.DAT,17484,7c355c771d8c0c4d32b323c433eedde11d68c92b7f365b9096b37b4024c3894b
2026,2026-03-16,259_SALES_DATA_NNME_16032026.DAT,C:\Users\jonat\PycharmProjects\NSWpropertyData\RawData\DAT\2026\20260316\259_SALES_DATA_NNME_16032026.DAT,24604,6488a61980bed041c08a1db545cb7a32eb4da352c5073a51228d23bd05f42332
2026,2026-03-16,260_SALES_DATA_NNME_16032026.DAT,C:\Users\jonat\PycharmProjects\NSWpropertyData\RawData\DAT\2026\20260316\260_SALES_DATA_NNME_16032026.DAT,19334,ac8ddfd68cafafaf443d0dc095d2b429626c35abc842f9a986e4c5b747bcc1a1
2026,2026-03-16,261_SALES_DATA_NNME_16032026.DAT,C:\Users\jonat\PycharmProjects\NSWpropertyData\RawData\DAT\2026\20260316\261_SALES_DATA_NNME_16032026.DAT,8890,667c9a107d52b1a572e52063dc8d43d3658ac33abd4de26ff400528b9600449b
2026,2026-03-16,262_SALES_DATA_NNME_16032026.DAT,C:\Users\jonat\PycharmProjects\NSWpropertyData\RawData\DAT\2026\20260316\262_SALES_DATA_NNME_16032026.DAT,645,1facd1c2cec658e53fec2eb076b8f2a63ad9799253b0ceb597a621806ec01a57
2026,2026-03-16,263_SALES_DATA_NNME_16032026.DAT,C:\Users\jonat\PycharmProjects\NSWpropertyData\RawData\DAT\2026\20260316\263_SALES_DATA_NNME_16032026.DAT,2994,cdd3e2c3990cda6e306d29663d684d0002383b5104483c0cfe287d5201c5b5dc
2026,2026-03-16,264_SALES_DATA_NNME_16032026.DAT,C:\Users\jonat\PycharmProjects\NSWpropertyData\RawData\DAT\2026\20260316\264_SALES_DATA_NNME_16032026.DAT,7114,efe47814680e9b2b19e616b4502b74990ddc9049891d4d790c5137ad93bf8523
2026,2026-03-16,265_SALES_DATA_NNME_16032026.DAT,C:\Users\jonat\PycharmProjects\NSWpropertyData\RawData\DAT\2026\20260316\265_SALES_DATA_NNME_16032026.DAT,1794,f145c9a463e5ae517fb7a2e0849dcbff821ac4e39f7156a3c355502e82100e52
2026,2026-03-16,266_SALES_DATA_NNME_16032026.DAT,C:\Users\jonat\PycharmProjects\NSWpropertyData\RawData\DAT\2026\20260316\266_SALES_DATA_NNME_16032026.DAT,3015,db17a59822a784155e10b90f1c215125fccf00cf842df2e37e8cc1af9a125fd1
2026,2026-03-16,267_SALES_DATA_NNME_16032026.DAT,C:\Users\jonat\PycharmProjects\NSWpropertyData\RawData\DAT\2026\20260316\267_SALES_DATA_NNME_16032026.DAT,10522,70911094adb8637d96d8e7c4cac5bfcb25f92bcc2c1bc64f650eeab6d3aad876
2026,2026-03-16,268_SALES_DATA_NNME_16032026.DAT,C:\Users\jonat\PycharmProjects\NSWpropertyData\RawData\DAT\2026\20260316\268_SALES_DATA_NNME_16032026.DAT,11821,968584ad176b4740d98e1b6de3566e5178a4286efa6b287602078ed814514aeb
2026,2026-03-16,269_SALES_DATA_NNME_16032026.DAT,C:\Users\jonat\PycharmProjects\NSWpropertyData\RawData\DAT\2026\20260316\269_SALES_DATA_NNME_16032026.DAT,2231,90ae8019c67192d2372c00d780560fb68af57b57fc3a09276c00f72f13087a9a
2026,2026-03-16,270_SALES_DATA_NNME_16032026.DAT,C:\Users\jonat\PycharmProjects\NSWpropertyData\RawData\DAT\2026\20260316\270_SALES_DATA_NNME_16032026.DAT,344,ac59167a87fbec70db630c1843541fb05ccd27783574ae148d3e9d945ddf94fc
2026,2026-03-16,271_SALES_DATA_NNME_16032026.DAT,C:\Users\jonat\PycharmProjects\NSWpropertyData\RawData\DAT\2026\20260316\271_SALES_DATA_NNME_16032026.DAT,12095,6914bcd964d18687c4c084a42542657f35b93d3f75a8f2e8c8bb10709049ff76
2026,2026-03-16,272_SALES_DATA_NNME_16032026.DAT,C:\Users\jonat\PycharmProjects\NSWpropertyData\RawData\DAT\2026\20260316\272_SALES_DATA_NNME_16032026.DAT,8916,4a064c82375d6abdcdec428e5b8f25435e018941233c0c3d0c37dd139a04a9cc
2026,2026-03-16,273_SALES_DATA_NNME_16032026.DAT,C:\Users\jonat\PycharmProjects\NSWpropertyData\RawData\DAT\2026\20260316\273_SALES_DATA_NNME_16032026.DAT,3616,b27db0775c56025adc9583f4d655b144ffeba81d76f5eba3e74c6c6e2b53115b
2026,2026-03-16,274_SALES_DATA_NNME_16032026.DAT,C:\Users\jonat\PycharmProjects\NSWpropertyData\RawData\DAT\2026\20260316\274_SALES_DATA_NNME_16032026.DAT,583,9153b5899b289619cb545f8c8fcee153b3c3a2e306a99bddbeae56f8be11b933
2026,2026-03-16,275_SALES_DATA_NNME_16032026.DAT,C:\Users\jonat\PycharmProjects\NSWpropertyData\RawData\DAT\2026\20260316\275_SALES_DATA_NNME_16032026.DAT,4934,58fa2616108447dbbce3a1e987e1cfa7db03a9faeac5e562e95d2d0e7d3e5f61
2026,2026-03-16,276_SALES_DATA_NNME_16032026.DAT,C:\Users\jonat\PycharmProjects\NSWpropertyData\RawData\DAT\2026\20260316\276_SALES_DATA_NNME_16032026.DAT,10709,89f56a03fba1bfbc1a9ad932fb1f76d31aa4a57d9f86c513d121aaca3ea6e8b5
2026,2026-03-16,300_SALES_DATA_NNME_16032026.DAT,C:\Users\jonat\PycharmProjects\NSWpropertyData\RawData\DAT\2026\20260316\300_SALES_DATA_NNME_16032026.DAT,374,e61c45ceb31fb32a07cca5f6aaa2fda15e091175cf2072e55bc5f3996d809434
2026,2026-03-16,301_SALES_DATA_NNME_16032026.DAT,C:\Users\jonat\PycharmProjects\NSWpropertyData\RawData\DAT\2026\20260316\301_SALES_DATA_NNME_16032026.DAT,371,22da3d3af514c635ed606b55d41124ef46d3f7a732739137281a15dfd72545f6
2026,2026-03-16,302_SALES_DATA_NNME_16032026.DAT,C:\Users\jonat\PycharmProjects\NSWpropertyData\RawData\DAT\2026\20260316\302_SALES_DATA_NNME_16032026.DAT,1329,ea91596ecfc1e3fecb330aabb278ab57ae57217168712c21f569a3356464490c
2026,2026-03-16,303_SALES_DATA_NNME_16032026.DAT,C:\Users\jonat\PycharmProjects\NSWpropertyData\RawData\DAT\2026\20260316\303_SALES_DATA_NNME_16032026.DAT,5227,4f9f00e05494836ecbbfa489ee86b74c05ce45b13ad87989603ccca3611a35cb
2026,2026-03-16,511_SALES_DATA_NNME_16032026.DAT,C:\Users\jonat\PycharmProjects\NSWpropertyData\RawData\DAT\2026\20260316\511_SALES_DATA_NNME_16032026.DAT,1864,83f30d594bec4c3a846b179048b8f5e31b0b3931553d60cd51c3d6297651c436
2026,2026-03-16,526_SALES_DATA_NNME_16032026.DAT,C:\Users\jonat\PycharmProjects\NSWpropertyData\RawData\DAT\2026\20260316\526_SALES_DATA_NNME_16032026.DAT,817,a15fc5cb42a1d4e4b96275ffb59ca68df49b50e0539c15f98d59652300bb5050
2026,2026-03-16,528_SALES_DATA_NNME_16032026.DAT,C:\Users\jonat\PycharmProjects\NSWpropertyData\RawData\DAT\2026\20260316\528_SALES_DATA_NNME_16032026.DAT,992,ceeff047842dd2cefa437e30e51f7550e89e9aac5b34df344278cf2776085e1c
2026,2026-03-16,529_SALES_DATA_NNME_16032026.DAT,C:\Users\jonat\PycharmProjects\NSWpropertyData\RawData\DAT\2026\20260316\529_SALES_DATA_NNME_16032026.DAT,5625,903f11b64091dcae75ff460e6bafcb139bf1635bd5822321e55e7a898bdb59bc
2026,2026-03-16,537_SALES_DATA_NNME_16032026.DAT,C:\Users\jonat\PycharmProjects\NSWpropertyData\RawData\DAT\2026\20260316\537_SALES_DATA_NNME_16032026.DAT,1751,445ab928a3000c52c50445558255887fbdd300238aa9074f45bbd1f29daad18a
2026,2026-03-16,538_SALES_DATA_NNME_16032026.DAT,C:\Users\jonat\PycharmProjects\NSWpropertyData\RawData\DAT\2026\20260316\538_SALES_DATA_NNME_16032026.DAT,946,9f8ff05da7b09641651021b48fee198da708c59be127ae5369a9fe39c6863d19
2026,2026-03-16,560_SALES_DATA_NNME_16032026.DAT,C:\Users\jonat\PycharmProjects\NSWpropertyData\RawData\DAT\2026\20260316\560_SALES_DATA_NNME_16032026.DAT,915,4ea9f82a47261cdc06ccbce918a0bffd0b401c36d45297b46e9a8576d293ffc9
2026,2026-03-16,575_SALES_DATA_NNME_16032026.DAT,C:\Users\jonat\PycharmProjects\NSWpropertyData\RawData\DAT\2026\20260316\575_SALES_DATA_NNME_16032026.DAT,6561,7c637529243430fe57b6038db5aff88004edbe0b1cf25bb1dc1f30c32cbf7396
2026,2026-03-16,608_SALES_DATA_NNME_16032026.DAT,C:\Users\jonat\PycharmProjects\NSWpropertyData\RawData\DAT\2026\20260316\608_SALES_DATA_NNME_16032026.DAT,5945,e495630026a3a57175d7b36fa690e8c4165a1d28f1ff9d10efae5722b5a3a80c
2026,2026-03-16,620_SALES_DATA_NNME_16032026.DAT,C:\Users\jonat\PycharmProjects\NSWpropertyData\RawData\DAT\2026\20260316\620_SALES_DATA_NNME_16032026.DAT,3517,ee1f685db796b7bc7be4870fc3e60069c58a2ff8ef2fea88eb7c613da0916ba4
2026,2026-03-16,656_SALES_DATA_NNME_16032026.DAT,C:\Users\jonat\PycharmProjects\NSWpropertyData\RawData\DAT\2026\20260316\656_SALES_DATA_NNME_16032026.DAT,13831,6fd0141a10dd9c27b4d74227a1981e4c320685845d9a616cf26fb34035fa192d
2026,2026-03-16,666_SALES_DATA_NNME_16032026.DAT,C:\Users\jonat\PycharmProjects\NSWpropertyData\RawData\DAT\2026\20260316\666_SALES_DATA_NNME_16032026.DAT,8598,aa92761d2de53a364640ceca307b366fab16fab5ba8ed7dae01e8c70afce9a29
2026,2026-03-16,708_SALES_DATA_NNME_16032026.DAT,C:\Users\jonat\PycharmProjects\NSWpropertyData\RawData\DAT\2026\20260316\708_SALES_DATA_NNME_16032026.DAT,18724,177c7fd64ab0a68378952177a4c35e928e4ea36ef49eec1407a36ba612865fcc
2026,2026-03-23,001_SALES_DATA_NNME_23032026.DAT,C:\Users\jonat\PycharmProjects\NSWpropertyData\RawData\DAT\2026\20260323\001_SALES_DATA_NNME_23032026.DAT,11583,bf32b6e60a3dd809f0ef4dbeff17b4ee7afa17ae3544a306356bedb78b7cffe2
2026,2026-03-23,002_SALES_DATA_NNME_23032026.DAT,C:\Users\jonat\PycharmProjects\NSWpropertyData\RawData\DAT\2026\20260323\002_SALES_DATA_NNME_23032026.DAT,1551,41cd73fbae344bc74ce03676815b2323937f6cec20b9eb175d87ce1db885ce97
2026,2026-03-23,004_SALES_DATA_NNME_23032026.DAT,C:\Users\jonat\PycharmProjects\NSWpropertyData\RawData\DAT\2026\20260323\004_SALES_DATA_NNME_23032026.DAT,38399,92d3be7df40cc002551f88ae6593190bdc1ec13646e3e1876e83d1b926493d9f
2026,2026-03-23,005_SALES_DATA_NNME_23032026.DAT,C:\Users\jonat\PycharmProjects\NSWpropertyData\RawData\DAT\2026\20260323\005_SALES_DATA_NNME_23032026.DAT,22537,34dd64b938f198cb14ff0c881fa127950bc89792aac6b636364896034655e6d4
2026,2026-03-23,007_SALES_DATA_NNME_23032026.DAT,C:\Users\jonat\PycharmProjects\NSWpropertyData\RawData\DAT\2026\20260323\007_SALES_DATA_NNME_23032026.DAT,3737,176670631326159d20a20b84ff213e5950a098991b1a21f88d91c1cf3e1ff531
2026,2026-03-23,008_SALES_DATA_NNME_23032026.DAT,C:\Users\jonat\PycharmProjects\NSWpropertyData\RawData\DAT\2026\20260323\008_SALES_DATA_NNME_23032026.DAT,21838,7015cefc0992abdd784af8f71037752199ce4a78085ff4494814d34bd112eb89
2026,2026-03-23,010_SALES_DATA_NNME_23032026.DAT,C:\Users\jonat\PycharmProjects\NSWpropertyData\RawData\DAT\2026\20260323\010_SALES_DATA_NNME_23032026.DAT,9211,8f8e9f21b556da58ef7246e81380f2112e527bcdf9185b9bfdd84cb23b908689
2026,2026-03-23,012_SALES_DATA_NNME_23032026.DAT,C:\Users\jonat\PycharmProjects\NSWpropertyData\RawData\DAT\2026\20260323\012_SALES_DATA_NNME_23032026.DAT,3741,0f4f4288b430bcc4990ca9b283671312230e51e968fd96cb9e19f8c1e0615fe3
2026,2026-03-23,018_SALES_DATA_NNME_23032026.DAT,C:\Users\jonat\PycharmProjects\NSWpropertyData\RawData\DAT\2026\20260323\018_SALES_DATA_NNME_23032026.DAT,5476,2431d1e51393227d9c5e4f8fbebd52b519cb2cd72158591e07ce73f2c7c2edab
2026,2026-03-23,042_SALES_DATA_NNME_23032026.DAT,C:\Users\jonat\PycharmProjects\NSWpropertyData\RawData\DAT\2026\20260323\042_SALES_DATA_NNME_23032026.DAT,853,4017c7b5d9a21633f93c30f28996e47f299be84b53848826987245dbf05f4164
2026,2026-03-23,043_SALES_DATA_NNME_23032026.DAT,C:\Users\jonat\PycharmProjects\NSWpropertyData\RawData\DAT\2026\20260323\043_SALES_DATA_NNME_23032026.DAT,587,604f907023607fea122ee417a9ace3da2d3b89fbaac33caa76b8e5d27a6088e2
2026,2026-03-23,050_SALES_DATA_NNME_23032026.DAT,C:\Users\jonat\PycharmProjects\NSWpropertyData\RawData\DAT\2026\20260323\050_SALES_DATA_NNME_23032026.DAT,18527,08cf805c6654934195423bde1b36d37b92d697874c8326868e76dad20047cccd
2026,2026-03-23,051_SALES_DATA_NNME_23032026.DAT,C:\Users\jonat\PycharmProjects\NSWpropertyData\RawData\DAT\2026\20260323\051_SALES_DATA_NNME_23032026.DAT,1514,f7a1fac61d0ef1b3ccfd054c3e068c004967ab2ff559769c5231933ffb514b83
2026,2026-03-23,054_SALES_DATA_NNME_23032026.DAT,C:\Users\jonat\PycharmProjects\NSWpropertyData\RawData\DAT\2026\20260323\054_SALES_DATA_NNME_23032026.DAT,1809,6ac7a2e166d1a901ae1b0683337a84d13bf11dc991982034dc03b2997688f0e6
2026,2026-03-23,061_SALES_DATA_NNME_23032026.DAT,C:\Users\jonat\PycharmProjects\NSWpropertyData\RawData\DAT\2026\20260323\061_SALES_DATA_NNME_23032026.DAT,330,ee9f38bc762e98c4a459e994f9136608b87874172ad9bb728ccd79a4c89f8316
2026,2026-03-23,065_SALES_DATA_NNME_23032026.DAT,C:\Users\jonat\PycharmProjects\NSWpropertyData\RawData\DAT\2026\20260323\065_SALES_DATA_NNME_23032026.DAT,1773,1912b4dbcc2d868568ce501332817907a7a7a7614f39541c87d3aa067549e9cd
2026,2026-03-23,066_SALES_DATA_NNME_23032026.DAT,C:\Users\jonat\PycharmProjects\NSWpropertyData\RawData\DAT\2026\20260323\066_SALES_DATA_NNME_23032026.DAT,647,0658a7b8b70443c3b45a636b9e59945ec288f24d125ba54d16109914241119b9
2026,2026-03-23,070_SALES_DATA_NNME_23032026.DAT,C:\Users\jonat\PycharmProjects\NSWpropertyData\RawData\DAT\2026\20260323\070_SALES_DATA_NNME_23032026.DAT,868,4b8e29623d7bebe564fde7ea4424d24c86a636330e465464d70f186c119502c6
2026,2026-03-23,074_SALES_DATA_NNME_23032026.DAT,C:\Users\jonat\PycharmProjects\NSWpropertyData\RawData\DAT\2026\20260323\074_SALES_DATA_NNME_23032026.DAT,2463,50dee577dbd07352bd769336a1130d0b3641aefb9d72ac67e941d96e5abdb11c
2026,2026-03-23,081_SALES_DATA_NNME_23032026.DAT,C:\Users\jonat\PycharmProjects\NSWpropertyData\RawData\DAT\2026\20260323\081_SALES_DATA_NNME_23032026.DAT,28088,e2af3ffc4cb392b374fa760f59da05f7178cc2a9321970cc927022e42458b840
2026,2026-03-23,082_SALES_DATA_NNME_23032026.DAT,C:\Users\jonat\PycharmProjects\NSWpropertyData\RawData\DAT\2026\20260323\082_SALES_DATA_NNME_23032026.DAT,11977,4bdb5b0c91f2f7531e47fcc4ea266423ca017149d1292552edcdb5abf64595f2
2026,2026-03-23,083_SALES_DATA_NNME_23032026.DAT,C:\Users\jonat\PycharmProjects\NSWpropertyData\RawData\DAT\2026\20260323\083_SALES_DATA_NNME_23032026.DAT,2596,cdcafe2d25dd9631c30952ae0ccd19da6b8c256e1169b56022686cd53d84922c
2026,2026-03-23,084_SALES_DATA_NNME_23032026.DAT,C:\Users\jonat\PycharmProjects\NSWpropertyData\RawData\DAT\2026\20260323\084_SALES_DATA_NNME_23032026.DAT,13497,e3b88f6eb9b7df91b2b5eba7f634638cef45c0ce6461ebe6f0e312006b6857df
2026,2026-03-23,085_SALES_DATA_NNME_23032026.DAT,C:\Users\jonat\PycharmProjects\NSWpropertyData\RawData\DAT\2026\20260323\085_SALES_DATA_NNME_23032026.DAT,6921,0e72578340ab1e953518e85dba607c92940700ce1b2e0fcaad28692619b59f3a
2026,2026-03-23,087_SALES_DATA_NNME_23032026.DAT,C:\Users\jonat\PycharmProjects\NSWpropertyData\RawData\DAT\2026\20260323\087_SALES_DATA_NNME_23032026.DAT,2776,5aff2d8eb2fd592756b58590062edf30e6c2ab6aeed143a013c42d25b4931387
2026,2026-03-23,088_SALES_DATA_NNME_23032026.DAT,C:\Users\jonat\PycharmProjects\NSWpropertyData\RawData\DAT\2026\20260323\088_SALES_DATA_NNME_23032026.DAT,6061,c6e396830561a9d6e18ccc8a4ab1fcd248a71e951888815f46e539e8493d724e
2026,2026-03-23,090_SALES_DATA_NNME_23032026.DAT,C:\Users\jonat\PycharmProjects\NSWpropertyData\RawData\DAT\2026\20260323\090_SALES_DATA_NNME_23032026.DAT,15692,8820c9db9a98195ef22c3f963a69e0a6581e153742b1bcdb5f960b260e5ed16c
2026,2026-03-23,092_SALES_DATA_NNME_23032026.DAT,C:\Users\jonat\PycharmProjects\NSWpropertyData\RawData\DAT\2026\20260323\092_SALES_DATA_NNME_23032026.DAT,8709,d8f791491f60cacd029222095cf07b75b424e5f3d9aef035c0f9f3270a18b021
2026,2026-03-23,097_SALES_DATA_NNME_23032026.DAT,C:\Users\jonat\PycharmProjects\NSWpropertyData\RawData\DAT\2026\20260323\097_SALES_DATA_NNME_23032026.DAT,6948,c8cf4a207259678484a112bd4c6537f4616ae5acbe0467b25dd70ec25528fc62
2026,2026-03-23,098_SALES_DATA_NNME_23032026.DAT,C:\Users\jonat\PycharmProjects\NSWpropertyData\RawData\DAT\2026\20260323\098_SALES_DATA_NNME_23032026.DAT,2484,24f583230420e293deebadceb140f14e1aee3b64dfe7f45808bdc3d79b9d981c
2026,2026-03-23,100_SALES_DATA_NNME_23032026.DAT,C:\Users\jonat\PycharmProjects\NSWpropertyData\RawData\DAT\2026\20260323\100_SALES_DATA_NNME_23032026.DAT,11499,f940865af219bdc83c37792f2950f292721093d879f952ac55f13d874efc51a5
2026,2026-03-23,101_SALES_DATA_NNME_23032026.DAT,C:\Users\jonat\PycharmProjects\NSWpropertyData\RawData\DAT\2026\20260323\101_SALES_DATA_NNME_23032026.DAT,18154,a6a5d8836d8433b6c73d72ce1b90b04b4a3bd65f97315000b32ca23bd4e91ec8
2026,2026-03-23,102_SALES_DATA_NNME_23032026.DAT,C:\Users\jonat\PycharmProjects\NSWpropertyData\RawData\DAT\2026\20260323\102_SALES_DATA_NNME_23032026.DAT,9210,a5ba75e9afcda535e10e93357a037264caa7fcbb15396d9dd9c73694caef7430
2026,2026-03-23,103_SALES_DATA_NNME_23032026.DAT,C:\Users\jonat\PycharmProjects\NSWpropertyData\RawData\DAT\2026\20260323\103_SALES_DATA_NNME_23032026.DAT,30175,bb0d7461eb4b92745d44b886d81d53f1dee8bcc494395f733e70ed2e083c8de4
2026,2026-03-23,109_SALES_DATA_NNME_23032026.DAT,C:\Users\jonat\PycharmProjects\NSWpropertyData\RawData\DAT\2026\20260323\109_SALES_DATA_NNME_23032026.DAT,2388,b98b32f3aa1608fbef35fe1bd32068c9adaa96d41427ecf27d9887112b775901
2026,2026-03-23,116_SALES_DATA_NNME_23032026.DAT,C:\Users\jonat\PycharmProjects\NSWpropertyData\RawData\DAT\2026\20260323\116_SALES_DATA_NNME_23032026.DAT,1820,b6c5d8699735bb5626489c782dc0e8745e6b32dd3004d6eecc0abcea73658ff1
2026,2026-03-23,117_SALES_DATA_NNME_23032026.DAT,C:\Users\jonat\PycharmProjects\NSWpropertyData\RawData\DAT\2026\20260323\117_SALES_DATA_NNME_23032026.DAT,902,756733d520fc60fb86724c25fe9fc0f3d319881b76718b6a83a2d12e9d110b77
2026,2026-03-23,118_SALES_DATA_NNME_23032026.DAT,C:\Users\jonat\PycharmProjects\NSWpropertyData\RawData\DAT\2026\20260323\118_SALES_DATA_NNME_23032026.DAT,1430,b45015a46aeb3bf05466f2f4993a7571b4a0b7a3358986d229c28aeeae72502a
2026,2026-03-23,123_SALES_DATA_NNME_23032026.DAT,C:\Users\jonat\PycharmProjects\NSWpropertyData\RawData\DAT\2026\20260323\123_SALES_DATA_NNME_23032026.DAT,2016,3c6feef6080ea00b732e56360794d270233a90cf134b0402492a68274c7458e3
2026,2026-03-23,124_SALES_DATA_NNME_23032026.DAT,C:\Users\jonat\PycharmProjects\NSWpropertyData\RawData\DAT\2026\20260323\124_SALES_DATA_NNME_23032026.DAT,7592,935b425ee345d08e1a952f16cd47ab9bfb6fe9d4a62cffa8c0dca78b5b4cc955
2026,2026-03-23,137_SALES_DATA_NNME_23032026.DAT,C:\Users\jonat\PycharmProjects\NSWpropertyData\RawData\DAT\2026\20260323\137_SALES_DATA_NNME_23032026.DAT,2461,f4c28fe47485fdd9ac73a445135852ceb0e7c4b675913a470ba1628dd470e1f9
2026,2026-03-23,139_SALES_DATA_NNME_23032026.DAT,C:\Users\jonat\PycharmProjects\NSWpropertyData\RawData\DAT\2026\20260323\139_SALES_DATA_NNME_23032026.DAT,11414,63794eae4eb9ac6eb0c3daf1f9c058f2110feb2c9dca7358d8105d63c9df7ff5
2026,2026-03-23,143_SALES_DATA_NNME_23032026.DAT,C:\Users\jonat\PycharmProjects\NSWpropertyData\RawData\DAT\2026\20260323\143_SALES_DATA_NNME_23032026.DAT,5036,b794ac9fb1bdfe68fc581fd8d7c8926fc6f5e0b25ad269f664968e7d8bb65127
2026,2026-03-23,144_SALES_DATA_NNME_23032026.DAT,C:\Users\jonat\PycharmProjects\NSWpropertyData\RawData\DAT\2026\20260323\144_SALES_DATA_NNME_23032026.DAT,21143,f5df1dc702aa372e81c663954ba3ea4e6d5dfa3977a6680aef93339b3b431846
2026,2026-03-23,148_SALES_DATA_NNME_23032026.DAT,C:\Users\jonat\PycharmProjects\NSWpropertyData\RawData\DAT\2026\20260323\148_SALES_DATA_NNME_23032026.DAT,5922,1763120ffeceb607f024ff3a5134802ab5f473c9a8c24c2e17722a4e37d6a21e
2026,2026-03-23,149_SALES_DATA_NNME_23032026.DAT,C:\Users\jonat\PycharmProjects\NSWpropertyData\RawData\DAT\2026\20260323\149_SALES_DATA_NNME_23032026.DAT,2155,1aa7e822a9944086ddb07238d7a41326be75f338575dbabf12be2246666961c7
2026,2026-03-23,150_SALES_DATA_NNME_23032026.DAT,C:\Users\jonat\PycharmProjects\NSWpropertyData\RawData\DAT\2026\20260323\150_SALES_DATA_NNME_23032026.DAT,3262,27d2e6990f89d5424251111dd917f2ed7c7a5656284d97449b58039bac3ea699
2026,2026-03-23,151_SALES_DATA_NNME_23032026.DAT,C:\Users\jonat\PycharmProjects\NSWpropertyData\RawData\DAT\2026\20260323\151_SALES_DATA_NNME_23032026.DAT,5293,d5a4b94732c01638bfd7c8c51f80fca93b378563e9dfc6aa9f6caadaa61c04e9
2026,2026-03-23,152_SALES_DATA_NNME_23032026.DAT,C:\Users\jonat\PycharmProjects\NSWpropertyData\RawData\DAT\2026\20260323\152_SALES_DATA_NNME_23032026.DAT,11883,d6c24565bd98d9acf2d495d75a329627af96e3cf73215e8964f64b4083518032
2026,2026-03-23,157_SALES_DATA_NNME_23032026.DAT,C:\Users\jonat\PycharmProjects\NSWpropertyData\RawData\DAT\2026\20260323\157_SALES_DATA_NNME_23032026.DAT,4451,bdc10cef5251810fa59f75183516d5e44eee582b2a9f5f161dab58f548b1924a
2026,2026-03-23,158_SALES_DATA_NNME_23032026.DAT,C:\Users\jonat\PycharmProjects\NSWpropertyData\RawData\DAT\2026\20260323\158_SALES_DATA_NNME_23032026.DAT,825,1416dc6c5cba0e01b363d6c1c038c0208b15e309bbc024d78e13890eea9d0248
2026,2026-03-23,159_SALES_DATA_NNME_23032026.DAT,C:\Users\jonat\PycharmProjects\NSWpropertyData\RawData\DAT\2026\20260323\159_SALES_DATA_NNME_23032026.DAT,9282,ea70f30e48468b97211b2046bc8bf3057e9e08fea5b1addf04cfeb1ac6491b9d
2026,2026-03-23,164_SALES_DATA_NNME_23032026.DAT,C:\Users\jonat\PycharmProjects\NSWpropertyData\RawData\DAT\2026\20260323\164_SALES_DATA_NNME_23032026.DAT,3035,59ef3c5f8c25c6f3178eb7959cadc1c9e113ae42cb123dfa1f42feaa809fc2ce
2026,2026-03-23,171_SALES_DATA_NNME_23032026.DAT,C:\Users\jonat\PycharmProjects\NSWpropertyData\RawData\DAT\2026\20260323\171_SALES_DATA_NNME_23032026.DAT,14524,6b0708d925e9f7fe0a3bf9d34405aa4436933ee6de4157a6a48eb31d4ee4b0e0
2026,2026-03-23,187_SALES_DATA_NNME_23032026.DAT,C:\Users\jonat\PycharmProjects\NSWpropertyData\RawData\DAT\2026\20260323\187_SALES_DATA_NNME_23032026.DAT,1622,cda80294344cdd6e0d11c975c84d9a546d05135876a2485ebdd61fe3fafa6269
2026,2026-03-23,188_SALES_DATA_NNME_23032026.DAT,C:\Users\jonat\PycharmProjects\NSWpropertyData\RawData\DAT\2026\20260323\188_SALES_DATA_NNME_23032026.DAT,2855,2bc265ebe48e524121e683cfc9636d8e86c03af7d85c2d3aa08826031dd76c4f
2026,2026-03-23,192_SALES_DATA_NNME_23032026.DAT,C:\Users\jonat\PycharmProjects\NSWpropertyData\RawData\DAT\2026\20260323\192_SALES_DATA_NNME_23032026.DAT,1195,8c2064c1e8e65014aef3417dbcee018c580637c123533e12bd0ad2868ad39405
2026,2026-03-23,199_SALES_DATA_NNME_23032026.DAT,C:\Users\jonat\PycharmProjects\NSWpropertyData\RawData\DAT\2026\20260323\199_SALES_DATA_NNME_23032026.DAT,2296,f5516a95b0c0d9eed500664a17a66cc3aa0ee674a317cd369a30c64eddd7af5a
2026,2026-03-23,207_SALES_DATA_NNME_23032026.DAT,C:\Users\jonat\PycharmProjects\NSWpropertyData\RawData\DAT\2026\20260323\207_SALES_DATA_NNME_23032026.DAT,28272,dcef2b3775358423ba413e48c56363ed1135e2cfa23b9a2c50851dbe95e095d1
2026,2026-03-23,209_SALES_DATA_NNME_23032026.DAT,C:\Users\jonat\PycharmProjects\NSWpropertyData\RawData\DAT\2026\20260323\209_SALES_DATA_NNME_23032026.DAT,6475,c679a8a363f6e18b1724d6712897c0d1dac0bb8d29f97552e1616d458e218699
2026,2026-03-23,210_SALES_DATA_NNME_23032026.DAT,C:\Users\jonat\PycharmProjects\NSWpropertyData\RawData\DAT\2026\20260323\210_SALES_DATA_NNME_23032026.DAT,5168,3cc32f2ec2de4792d184d02f641e5b712e6c12c5b6f4eb744c3bedc5a885fd91
2026,2026-03-23,214_SALES_DATA_NNME_23032026.DAT,C:\Users\jonat\PycharmProjects\NSWpropertyData\RawData\DAT\2026\20260323\214_SALES_DATA_NNME_23032026.DAT,47848,e87b3ad3e8b564a15cbafd8f62295e19a47b55748433d215f82b1e1cf4f6cdee
2026,2026-03-23,216_SALES_DATA_NNME_23032026.DAT,C:\Users\jonat\PycharmProjects\NSWpropertyData\RawData\DAT\2026\20260323\216_SALES_DATA_NNME_23032026.DAT,8892,67b7449f84e435f42d6e69850feece75c2a2c0c12984e1dc05074c31440516ee
2026,2026-03-23,217_SALES_DATA_NNME_23032026.DAT,C:\Users\jonat\PycharmProjects\NSWpropertyData\RawData\DAT\2026\20260323\217_SALES_DATA_NNME_23032026.DAT,16176,42e3494e1d30ace8b52da44fdd33e9d6780153a66b04982dd08bfc4c1fc9977c
2026,2026-03-23,218_SALES_DATA_NNME_23032026.DAT,C:\Users\jonat\PycharmProjects\NSWpropertyData\RawData\DAT\2026\20260323\218_SALES_DATA_NNME_23032026.DAT,15031,c3178de4b0a4e2d9488eb03f8614071ade4881d08bf0d3e310e801f4f178dba7
2026,2026-03-23,219_SALES_DATA_NNME_23032026.DAT,C:\Users\jonat\PycharmProjects\NSWpropertyData\RawData\DAT\2026\20260323\219_SALES_DATA_NNME_23032026.DAT,8273,0c776ddc399eacaab804071af48ac12fa7fde887372cb4e88ff9541fdf993305
2026,2026-03-23,220_SALES_DATA_NNME_23032026.DAT,C:\Users\jonat\PycharmProjects\NSWpropertyData\RawData\DAT\2026\20260323\220_SALES_DATA_NNME_23032026.DAT,13395,1f5498724de30eb62c755b17be3e2f866b697b18c6177ae154a61237f785f2c9
2026,2026-03-23,222_SALES_DATA_NNME_23032026.DAT,C:\Users\jonat\PycharmProjects\NSWpropertyData\RawData\DAT\2026\20260323\222_SALES_DATA_NNME_23032026.DAT,4626,e2b52c938db527cab9415a24a4e26df611be4e75f9b4efef7086f4f531ead870
2026,2026-03-23,223_SALES_DATA_NNME_23032026.DAT,C:\Users\jonat\PycharmProjects\NSWpropertyData\RawData\DAT\2026\20260323\223_SALES_DATA_NNME_23032026.DAT,27025,d730721b16f260678cc2e49e7a228f6f7b195dd0bda39aef73e7f588b87cb758
2026,2026-03-23,224_SALES_DATA_NNME_23032026.DAT,C:\Users\jonat\PycharmProjects\NSWpropertyData\RawData\DAT\2026\20260323\224_SALES_DATA_NNME_23032026.DAT,25329,343f162c282718686a1cb161400b4e9b54a42cf8b4790a0b121ddacc6fafa6b1
2026,2026-03-23,226_SALES_DATA_NNME_23032026.DAT,C:\Users\jonat\PycharmProjects\NSWpropertyData\RawData\DAT\2026\20260323\226_SALES_DATA_NNME_23032026.DAT,12168,99fd0e4644a4f97895a84945c2eba19bf56a635a4b76e09e9a56ed489e5bbef0
2026,2026-03-23,231_SALES_DATA_NNME_23032026.DAT,C:\Users\jonat\PycharmProjects\NSWpropertyData\RawData\DAT\2026\20260323\231_SALES_DATA_NNME_23032026.DAT,1408,2b480318376b8745d48e58b535618c6e5e047ed817c472e17f0d98ea15ebb420
2026,2026-03-23,232_SALES_DATA_NNME_23032026.DAT,C:\Users\jonat\PycharmProjects\NSWpropertyData\RawData\DAT\2026\20260323\232_SALES_DATA_NNME_23032026.DAT,898,9f05766f0f0630fa04ef646a98bcf2693490d6ad744b6567b394031c20881d5c
2026,2026-03-23,234_SALES_DATA_NNME_23032026.DAT,C:\Users\jonat\PycharmProjects\NSWpropertyData\RawData\DAT\2026\20260323\234_SALES_DATA_NNME_23032026.DAT,3854,d5926db262b8f03812aa6cded5df044156651c9fcd2e3d28158bf698345f2ab0
2026,2026-03-23,236_SALES_DATA_NNME_23032026.DAT,C:\Users\jonat\PycharmProjects\NSWpropertyData\RawData\DAT\2026\20260323\236_SALES_DATA_NNME_23032026.DAT,945,a740dcf92b04194b188f039dcf8254d6ec4dadf25a6a922aa97a6894976e72ed
2026,2026-03-23,238_SALES_DATA_NNME_23032026.DAT,C:\Users\jonat\PycharmProjects\NSWpropertyData\RawData\DAT\2026\20260323\238_SALES_DATA_NNME_23032026.DAT,1220,20a56a70970a9c6b89ea04e70d937181f7725c22f05d0a65bc03618e5e583aa4
2026,2026-03-23,240_SALES_DATA_NNME_23032026.DAT,C:\Users\jonat\PycharmProjects\NSWpropertyData\RawData\DAT\2026\20260323\240_SALES_DATA_NNME_23032026.DAT,916,c77d0b82ed34d7f043e6c6675209dd474f9fadbafb52a5b8104b14608e857a66
2026,2026-03-23,243_SALES_DATA_NNME_23032026.DAT,C:\Users\jonat\PycharmProjects\NSWpropertyData\RawData\DAT\2026\20260323\243_SALES_DATA_NNME_23032026.DAT,1499,7e869875fd290874bfa94e3c7277533c67fb856b702efea77c3d33493acb54f6
2026,2026-03-23,244_SALES_DATA_NNME_23032026.DAT,C:\Users\jonat\PycharmProjects\NSWpropertyData\RawData\DAT\2026\20260323\244_SALES_DATA_NNME_23032026.DAT,1193,fefcadc3c8345cdf6d62a85e706d91c7ae4df241003429f4e5eb8cfee9b05475
2026,2026-03-23,247_SALES_DATA_NNME_23032026.DAT,C:\Users\jonat\PycharmProjects\NSWpropertyData\RawData\DAT\2026\20260323\247_SALES_DATA_NNME_23032026.DAT,3115,37095c4f9f07da7bf7ce06670fd6d88e855ff86b24f893acd9cc1888d3694a74
2026,2026-03-23,250_SALES_DATA_NNME_23032026.DAT,C:\Users\jonat\PycharmProjects\NSWpropertyData\RawData\DAT\2026\20260323\250_SALES_DATA_NNME_23032026.DAT,2661,f13edad4b981f5206cb0892d9e333c48424a39304eaf2b99b1330f5bfcc0ebf5
2026,2026-03-23,251_SALES_DATA_NNME_23032026.DAT,C:\Users\jonat\PycharmProjects\NSWpropertyData\RawData\DAT\2026\20260323\251_SALES_DATA_NNME_23032026.DAT,1576,1358a587eb0ee70c9de68b9cd9e53fe91ab07c15bf6d60d059c7f2d0dcfc654a
2026,2026-03-23,252_SALES_DATA_NNME_23032026.DAT,C:\Users\jonat\PycharmProjects\NSWpropertyData\RawData\DAT\2026\20260323\252_SALES_DATA_NNME_23032026.DAT,808,138581f6aece0ab09282099b11f19d0e510bcb34883f2526597cb4954dea8931
2026,2026-03-23,253_SALES_DATA_NNME_23032026.DAT,C:\Users\jonat\PycharmProjects\NSWpropertyData\RawData\DAT\2026\20260323\253_SALES_DATA_NNME_23032026.DAT,1164,e2df1e0870e175c4bd02cfc471ba00c8125271af2690c39b59e94a6f478041c8
2026,2026-03-23,254_SALES_DATA_NNME_23032026.DAT,C:\Users\jonat\PycharmProjects\NSWpropertyData\RawData\DAT\2026\20260323\254_SALES_DATA_NNME_23032026.DAT,816,70ce1aa51be4670f5791bd8d57098be628ec53ac075c275302755f1ac04a7bd3
2026,2026-03-23,255_SALES_DATA_NNME_23032026.DAT,C:\Users\jonat\PycharmProjects\NSWpropertyData\RawData\DAT\2026\20260323\255_SALES_DATA_NNME_23032026.DAT,2464,6ed13457afd68074ae3f644eeeeec99555e38d74a36255f2b4d2d10efb3fdfec
2026,2026-03-23,257_SALES_DATA_NNME_23032026.DAT,C:\Users\jonat\PycharmProjects\NSWpropertyData\RawData\DAT\2026\20260323\257_SALES_DATA_NNME_23032026.DAT,4450,7c42ac07c8ec9a76e26cdaa5d2496dfe5648e97b676b4e4e0720d9aa0a4349ee
2026,2026-03-23,258_SALES_DATA_NNME_23032026.DAT,C:\Users\jonat\PycharmProjects\NSWpropertyData\RawData\DAT\2026\20260323\258_SALES_DATA_NNME_23032026.DAT,26935,484f0c0ff8f0d271ae23fd7df0d0e76e361764f7a11d434e944755fd94ef79cd
2026,2026-03-23,259_SALES_DATA_NNME_23032026.DAT,C:\Users\jonat\PycharmProjects\NSWpropertyData\RawData\DAT\2026\20260323\259_SALES_DATA_NNME_23032026.DAT,43235,d485c0c33effc7c23752d67edc8d73f2ec42963dfa00d3868eacea7e41b369ba
2026,2026-03-23,260_SALES_DATA_NNME_23032026.DAT,C:\Users\jonat\PycharmProjects\NSWpropertyData\RawData\DAT\2026\20260323\260_SALES_DATA_NNME_23032026.DAT,33680,524a0a39bc1b6d9a59b7a75367922c61f21e39dcea74d4ad857a66eb65240ba0
2026,2026-03-23,261_SALES_DATA_NNME_23032026.DAT,C:\Users\jonat\PycharmProjects\NSWpropertyData\RawData\DAT\2026\20260323\261_SALES_DATA_NNME_23032026.DAT,20703,2dfd6f00d1435148e8af2b77555af83649348691dcae05c98add2027e657c74d
2026,2026-03-23,262_SALES_DATA_NNME_23032026.DAT,C:\Users\jonat\PycharmProjects\NSWpropertyData\RawData\DAT\2026\20260323\262_SALES_DATA_NNME_23032026.DAT,2034,e3ff12c6da6fadb17a47506ee47e30973a195136e8b506adaa5079650310be81
2026,2026-03-23,263_SALES_DATA_NNME_23032026.DAT,C:\Users\jonat\PycharmProjects\NSWpropertyData\RawData\DAT\2026\20260323\263_SALES_DATA_NNME_23032026.DAT,2028,af0276b434b5b9c0d96c94a5da5504d9bd80e5204139ffe5ab579c2f937aba29
2026,2026-03-23,264_SALES_DATA_NNME_23032026.DAT,C:\Users\jonat\PycharmProjects\NSWpropertyData\RawData\DAT\2026\20260323\264_SALES_DATA_NNME_23032026.DAT,14928,56b5aeb77855ee3b08cd587eda270b6c2b271dcdeb38816145b5ebbc369090d7
2026,2026-03-23,265_SALES_DATA_NNME_23032026.DAT,C:\Users\jonat\PycharmProjects\NSWpropertyData\RawData\DAT\2026\20260323\265_SALES_DATA_NNME_23032026.DAT,1188,2006c970d61c4cec2b3ee73a8be4c7ddbc3e5c1a4e4abf2a17a61413e035f25c
2026,2026-03-23,266_SALES_DATA_NNME_23032026.DAT,C:\Users\jonat\PycharmProjects\NSWpropertyData\RawData\DAT\2026\20260323\266_SALES_DATA_NNME_23032026.DAT,4018,76d9b97a466c4f5e3524ae94b9add21447794540126b3085895c30afcec395e5
2026,2026-03-23,267_SALES_DATA_NNME_23032026.DAT,C:\Users\jonat\PycharmProjects\NSWpropertyData\RawData\DAT\2026\20260323\267_SALES_DATA_NNME_23032026.DAT,29223,61a5ce238e02d8e5c46b4990bcb17cb138e17be6a51ac68f1485e95a72779422
2026,2026-03-23,268_SALES_DATA_NNME_23032026.DAT,C:\Users\jonat\PycharmProjects\NSWpropertyData\RawData\DAT\2026\20260323\268_SALES_DATA_NNME_23032026.DAT,16560,39817f41f4c43155d2d47ce649eebfcebeb201e1f0b914bc91b4fdcb50170a20
2026,2026-03-23,269_SALES_DATA_NNME_23032026.DAT,C:\Users\jonat\PycharmProjects\NSWpropertyData\RawData\DAT\2026\20260323\269_SALES_DATA_NNME_23032026.DAT,3999,44a13a4bd29871fcddd9087dfcb194ed1e5f7156f54a6041569c6c134f14b3e8
2026,2026-03-23,270_SALES_DATA_NNME_23032026.DAT,C:\Users\jonat\PycharmProjects\NSWpropertyData\RawData\DAT\2026\20260323\270_SALES_DATA_NNME_23032026.DAT,338,487c558a98df255fb154fb8b4ed50e71769393dd9776708ce13dcc6d9dcce1cf
2026,2026-03-23,271_SALES_DATA_NNME_23032026.DAT,C:\Users\jonat\PycharmProjects\NSWpropertyData\RawData\DAT\2026\20260323\271_SALES_DATA_NNME_23032026.DAT,24012,76c10aa8d76515911d7e89e6f0cf2fa6c766aaf32bc265a943d3a9f6dd36f6ce
2026,2026-03-23,272_SALES_DATA_NNME_23032026.DAT,C:\Users\jonat\PycharmProjects\NSWpropertyData\RawData\DAT\2026\20260323\272_SALES_DATA_NNME_23032026.DAT,8227,3e8894c7aceebc5cebc4d02f1b9df2aea02e4d510b0dc43b309168908f573601
2026,2026-03-23,273_SALES_DATA_NNME_23032026.DAT,C:\Users\jonat\PycharmProjects\NSWpropertyData\RawData\DAT\2026\20260323\273_SALES_DATA_NNME_23032026.DAT,5297,c62bfdd6c28486eba27f2cd19bb8be6b7424b64574dd09ae4ff4aacb8c458c81
2026,2026-03-23,274_SALES_DATA_NNME_23032026.DAT,C:\Users\jonat\PycharmProjects\NSWpropertyData\RawData\DAT\2026\20260323\274_SALES_DATA_NNME_23032026.DAT,2033,054a6c1d82759dc62922d00f812696cc72c04b12ddbbfe0ad600e9b0bfb91743
2026,2026-03-23,275_SALES_DATA_NNME_23032026.DAT,C:\Users\jonat\PycharmProjects\NSWpropertyData\RawData\DAT\2026\20260323\275_SALES_DATA_NNME_23032026.DAT,11009,8c7585b78b07de92b853825976b1a98570f88a35995799229200d23152280ba7
2026,2026-03-23,276_SALES_DATA_NNME_23032026.DAT,C:\Users\jonat\PycharmProjects\NSWpropertyData\RawData\DAT\2026\20260323\276_SALES_DATA_NNME_23032026.DAT,25345,cd3e1d777bbdae679315a604bbb6e25a9c07ad3a77336b3bddb6b775a252373a
2026,2026-03-23,300_SALES_DATA_NNME_23032026.DAT,C:\Users\jonat\PycharmProjects\NSWpropertyData\RawData\DAT\2026\20260323\300_SALES_DATA_NNME_23032026.DAT,1372,079c9357a5ee21173234adc4553c553eeb136e48a4bbd9f07033b59634d0ad77
2026,2026-03-23,301_SALES_DATA_NNME_23032026.DAT,C:\Users\jonat\PycharmProjects\NSWpropertyData\RawData\DAT\2026\20260323\301_SALES_DATA_NNME_23032026.DAT,3145,0d31f84b432265bf8670a57073ff4731fd99a0f3cf248740502aaffa0c4d5e3a
2026,2026-03-23,302_SALES_DATA_NNME_23032026.DAT,C:\Users\jonat\PycharmProjects\NSWpropertyData\RawData\DAT\2026\20260323\302_SALES_DATA_NNME_23032026.DAT,2055,6a64a4cd065e8ca0d52a82a2a0656728ee6de616f6829b89796bbe3e4c29b784
2026,2026-03-23,303_SALES_DATA_NNME_23032026.DAT,C:\Users\jonat\PycharmProjects\NSWpropertyData\RawData\DAT\2026\20260323\303_SALES_DATA_NNME_23032026.DAT,10557,f361ca16e53e99362a7d00fc107f7be53a86cf077ec418cae6d350be212eb478
2026,2026-03-23,511_SALES_DATA_NNME_23032026.DAT,C:\Users\jonat\PycharmProjects\NSWpropertyData\RawData\DAT\2026\20260323\511_SALES_DATA_NNME_23032026.DAT,4129,462f8d8ecf74fa19a88f3f071acc3c3bc9255fcc910e014812f379e8fa0ca721
2026,2026-03-23,526_SALES_DATA_NNME_23032026.DAT,C:\Users\jonat\PycharmProjects\NSWpropertyData\RawData\DAT\2026\20260323\526_SALES_DATA_NNME_23032026.DAT,2594,8d40315a98a4dacfaac4684978914f88da6946f7d64adb45b9365218adf28456
2026,2026-03-23,528_SALES_DATA_NNME_23032026.DAT,C:\Users\jonat\PycharmProjects\NSWpropertyData\RawData\DAT\2026\20260323\528_SALES_DATA_NNME_23032026.DAT,2829,4b29f3b30e6cbb7b404ac2b7be91a1845aeb4f39917cee8ca79658afdec003cb
2026,2026-03-23,529_SALES_DATA_NNME_23032026.DAT,C:\Users\jonat\PycharmProjects\NSWpropertyData\RawData\DAT\2026\20260323\529_SALES_DATA_NNME_23032026.DAT,5119,5a96eeb4ceac91e9cf24d1798b4c1b2f0a706e3d740a9bd23e56d66a9d26c7c8
2026,2026-03-23,537_SALES_DATA_NNME_23032026.DAT,C:\Users\jonat\PycharmProjects\NSWpropertyData\RawData\DAT\2026\20260323\537_SALES_DATA_NNME_23032026.DAT,1464,1e8a75104976dd78b58e535beba09dfdb3fde1ab72de8d3784169d2163eceb27
2026,2026-03-23,538_SALES_DATA_NNME_23032026.DAT,C:\Users\jonat\PycharmProjects\NSWpropertyData\RawData\DAT\2026\20260323\538_SALES_DATA_NNME_23032026.DAT,297,235e21ccde4994edd23e0303f884961dfc191e889fcb0803e52a435bea989b6f
2026,2026-03-23,560_SALES_DATA_NNME_23032026.DAT,C:\Users\jonat\PycharmProjects\NSWpropertyData\RawData\DAT\2026\20260323\560_SALES_DATA_NNME_23032026.DAT,840,15e7b0a9517e4accbd92b323f4c658df6e5b32ae780ee34a3a4258441eaabc2e
2026,2026-03-23,575_SALES_DATA_NNME_23032026.DAT,C:\Users\jonat\PycharmProjects\NSWpropertyData\RawData\DAT\2026\20260323\575_SALES_DATA_NNME_23032026.DAT,12797,361e096f0de5763b7cb4098ab0b3dda96c5932cf21eec050b37be4535aa12488
2026,2026-03-23,608_SALES_DATA_NNME_23032026.DAT,C:\Users\jonat\PycharmProjects\NSWpropertyData\RawData\DAT\2026\20260323\608_SALES_DATA_NNME_23032026.DAT,6144,6ad91a869e0e2f3ccb43900a58c501a2f441fd3e61c9384d60cf93b446a62781
2026,2026-03-23,620_SALES_DATA_NNME_23032026.DAT,C:\Users\jonat\PycharmProjects\NSWpropertyData\RawData\DAT\2026\20260323\620_SALES_DATA_NNME_23032026.DAT,7636,3c2086f481f09385370edb18e17b97bd8412d9082cbd460fc0ce698bfaa6c5bc
2026,2026-03-23,656_SALES_DATA_NNME_23032026.DAT,C:\Users\jonat\PycharmProjects\NSWpropertyData\RawData\DAT\2026\20260323\656_SALES_DATA_NNME_23032026.DAT,20524,2e76320a0c66c7f28fe6b1a49c351856a45b5216b3a75024a445b915f4a1bafd
2026,2026-03-23,666_SALES_DATA_NNME_23032026.DAT,C:\Users\jonat\PycharmProjects\NSWpropertyData\RawData\DAT\2026\20260323\666_SALES_DATA_NNME_23032026.DAT,10225,2d7e1876f0f648a0a57f845edd76575fc8ca0f80111bfdf1443aebf5453cd900
2026,2026-03-23,708_SALES_DATA_NNME_23032026.DAT,C:\Users\jonat\PycharmProjects\NSWpropertyData\RawData\DAT\2026\20260323\708_SALES_DATA_NNME_23032026.DAT,35245,75e5909a14328435ccd2e93207cdb1a143199875d9afde171ca038f13b924725
2026,2026-03-30,001_SALES_DATA_NNME_30032026.DAT,C:\Users\jonat\PycharmProjects\NSWpropertyData\RawData\DAT\2026\20260330\001_SALES_DATA_NNME_30032026.DAT,11913,697218eacb8aabd8a75d7c765b3ab6a945edde01b8f9d14bb9fd84da81e756fd
2026,2026-03-30,002_SALES_DATA_NNME_30032026.DAT,C:\Users\jonat\PycharmProjects\NSWpropertyData\RawData\DAT\2026\20260330\002_SALES_DATA_NNME_30032026.DAT,1683,f5bc85236d0b937e4d5b3205b20c994316816cdcdd67770ecd9cad64517ff11f
2026,2026-03-30,004_SALES_DATA_NNME_30032026.DAT,C:\Users\jonat\PycharmProjects\NSWpropertyData\RawData\DAT\2026\20260330\004_SALES_DATA_NNME_30032026.DAT,25424,9b95c9d52c292f66d8d4de04f8f152271ff43b6b07ee42fcb9b259bce90b2825
2026,2026-03-30,005_SALES_DATA_NNME_30032026.DAT,C:\Users\jonat\PycharmProjects\NSWpropertyData\RawData\DAT\2026\20260330\005_SALES_DATA_NNME_30032026.DAT,19094,dfd8b83fa3ee7a7deb3e68ac87322b5199a7c184a019d1a1340b6b2c5f30ee5e
2026,2026-03-30,007_SALES_DATA_NNME_30032026.DAT,C:\Users\jonat\PycharmProjects\NSWpropertyData\RawData\DAT\2026\20260330\007_SALES_DATA_NNME_30032026.DAT,3465,a49bbe47b79ccf45d7f007d5179250d4fdd595c88337b8c44c0bb328f4a08964
2026,2026-03-30,008_SALES_DATA_NNME_30032026.DAT,C:\Users\jonat\PycharmProjects\NSWpropertyData\RawData\DAT\2026\20260330\008_SALES_DATA_NNME_30032026.DAT,24044,e22ea14ccec116af1463e5de01ea42e25fc1f91b9c89a38e99be190693d0135e
2026,2026-03-30,010_SALES_DATA_NNME_30032026.DAT,C:\Users\jonat\PycharmProjects\NSWpropertyData\RawData\DAT\2026\20260330\010_SALES_DATA_NNME_30032026.DAT,10905,125d097083d04a69dc74c1b3091ca4c74871c140ca74bd115bcddb7560525f1d
2026,2026-03-30,012_SALES_DATA_NNME_30032026.DAT,C:\Users\jonat\PycharmProjects\NSWpropertyData\RawData\DAT\2026\20260330\012_SALES_DATA_NNME_30032026.DAT,2852,aa5fd518fda0bc820782e23ac67f214ceb6bc7f19ba6826f5ec82ed210f945e0
2026,2026-03-30,018_SALES_DATA_NNME_30032026.DAT,C:\Users\jonat\PycharmProjects\NSWpropertyData\RawData\DAT\2026\20260330\018_SALES_DATA_NNME_30032026.DAT,7183,6d26700ffa0eabe2dd4127719820ef91fe051c556aeaac365b230705b4f74041
2026,2026-03-30,042_SALES_DATA_NNME_30032026.DAT,C:\Users\jonat\PycharmProjects\NSWpropertyData\RawData\DAT\2026\20260330\042_SALES_DATA_NNME_30032026.DAT,2266,3582218f65feb5f0b745a4e423a8427ebf57835e99066298b2aeb4d639c9ecfd
2026,2026-03-30,043_SALES_DATA_NNME_30032026.DAT,C:\Users\jonat\PycharmProjects\NSWpropertyData\RawData\DAT\2026\20260330\043_SALES_DATA_NNME_30032026.DAT,1355,660916e89e3777c7697922f94492a81b75a8977380d2a0db54a533c230233cd3
2026,2026-03-30,050_SALES_DATA_NNME_30032026.DAT,C:\Users\jonat\PycharmProjects\NSWpropertyData\RawData\DAT\2026\20260330\050_SALES_DATA_NNME_30032026.DAT,15019,2d7b600edd05dbe149608e4fb6978d9f3da1c356dd4581e6a0b045ca24d0df29
2026,2026-03-30,051_SALES_DATA_NNME_30032026.DAT,C:\Users\jonat\PycharmProjects\NSWpropertyData\RawData\DAT\2026\20260330\051_SALES_DATA_NNME_30032026.DAT,1773,b7807f64cdd16a2b5789103160a44610a52b5a0f60c91e377226ab9e00b54ef4
2026,2026-03-30,052_SALES_DATA_NNME_30032026.DAT,C:\Users\jonat\PycharmProjects\NSWpropertyData\RawData\DAT\2026\20260330\052_SALES_DATA_NNME_30032026.DAT,333,e9cdc1a6361e09edf97c0f553982b7a5f12a3d9a8fc7887401cfecf5b98e9899
2026,2026-03-30,054_SALES_DATA_NNME_30032026.DAT,C:\Users\jonat\PycharmProjects\NSWpropertyData\RawData\DAT\2026\20260330\054_SALES_DATA_NNME_30032026.DAT,378,72632be01f8958891be34ba1ea8b5cc5f9a32931496daad63b38f8242c70675e
2026,2026-03-30,065_SALES_DATA_NNME_30032026.DAT,C:\Users\jonat\PycharmProjects\NSWpropertyData\RawData\DAT\2026\20260330\065_SALES_DATA_NNME_30032026.DAT,1788,61cd05442127dde4671298c6dddd37b6ef0c4856bfa3dae50de0ac8a309c0824
2026,2026-03-30,066_SALES_DATA_NNME_30032026.DAT,C:\Users\jonat\PycharmProjects\NSWpropertyData\RawData\DAT\2026\20260330\066_SALES_DATA_NNME_30032026.DAT,935,2b585e9f306386ea3205b4310589c1dc1b5b7a7bd00c824b37828ffc966f62e8
2026,2026-03-30,070_SALES_DATA_NNME_30032026.DAT,C:\Users\jonat\PycharmProjects\NSWpropertyData\RawData\DAT\2026\20260330\070_SALES_DATA_NNME_30032026.DAT,646,8094e00f3e1104c338c04527978bca95678743c248efb1eb99f30862918ca281
2026,2026-03-30,074_SALES_DATA_NNME_30032026.DAT,C:\Users\jonat\PycharmProjects\NSWpropertyData\RawData\DAT\2026\20260330\074_SALES_DATA_NNME_30032026.DAT,2549,2874aca284a7c071cbeeab04e87ee679c84e91734bbcb2f2911fbaa67c707a9a
2026,2026-03-30,081_SALES_DATA_NNME_30032026.DAT,C:\Users\jonat\PycharmProjects\NSWpropertyData\RawData\DAT\2026\20260330\081_SALES_DATA_NNME_30032026.DAT,26607,c2aa745e0b4ba59f04c4a0cdbe5469a6725a26cf507e645944d88b8a38481eae
2026,2026-03-30,082_SALES_DATA_NNME_30032026.DAT,C:\Users\jonat\PycharmProjects\NSWpropertyData\RawData\DAT\2026\20260330\082_SALES_DATA_NNME_30032026.DAT,11438,ecf07aeea04baffe05bc7f02a084ca607a80f2354475d3224e671ed9441ed198
2026,2026-03-30,083_SALES_DATA_NNME_30032026.DAT,C:\Users\jonat\PycharmProjects\NSWpropertyData\RawData\DAT\2026\20260330\083_SALES_DATA_NNME_30032026.DAT,1111,eca885b83f8c79c0a465aa9c950681c8e7120bd98f250f363d1faa60c387bbb3
2026,2026-03-30,084_SALES_DATA_NNME_30032026.DAT,C:\Users\jonat\PycharmProjects\NSWpropertyData\RawData\DAT\2026\20260330\084_SALES_DATA_NNME_30032026.DAT,12219,ee083e1dfd31ab5aaa6536c5eb4a19f85f7886cef2204a4cf9031c6275325fab
2026,2026-03-30,085_SALES_DATA_NNME_30032026.DAT,C:\Users\jonat\PycharmProjects\NSWpropertyData\RawData\DAT\2026\20260330\085_SALES_DATA_NNME_30032026.DAT,8002,f094db8e09a50c9b466218130057b1568dfc449652fef2dc01475a0ed3587acd
2026,2026-03-30,087_SALES_DATA_NNME_30032026.DAT,C:\Users\jonat\PycharmProjects\NSWpropertyData\RawData\DAT\2026\20260330\087_SALES_DATA_NNME_30032026.DAT,3454,da3ba6386a4519bf948b019d48397173b9ad59a230e9ea540250cbd6647bd309
2026,2026-03-30,088_SALES_DATA_NNME_30032026.DAT,C:\Users\jonat\PycharmProjects\NSWpropertyData\RawData\DAT\2026\20260330\088_SALES_DATA_NNME_30032026.DAT,9430,71522739cf7b37a8a455d5d2c3e9ceba88edb629b68b9094e7380e6cea5f16d3
2026,2026-03-30,090_SALES_DATA_NNME_30032026.DAT,C:\Users\jonat\PycharmProjects\NSWpropertyData\RawData\DAT\2026\20260330\090_SALES_DATA_NNME_30032026.DAT,12502,f9be1e79629f24e139d100b13a5125c30b7313527c774a1ce918293a6af0f6b3
2026,2026-03-30,092_SALES_DATA_NNME_30032026.DAT,C:\Users\jonat\PycharmProjects\NSWpropertyData\RawData\DAT\2026\20260330\092_SALES_DATA_NNME_30032026.DAT,6305,cc4f8e9667f3c53338754bb9295b557c54811aea8679390ecc6e8c5d6b9a235f
2026,2026-03-30,097_SALES_DATA_NNME_30032026.DAT,C:\Users\jonat\PycharmProjects\NSWpropertyData\RawData\DAT\2026\20260330\097_SALES_DATA_NNME_30032026.DAT,8635,859a5752b2f46a2c76fdc2c04c3460a1b68f53f151b3fd09d4d25b63d9450d74
2026,2026-03-30,098_SALES_DATA_NNME_30032026.DAT,C:\Users\jonat\PycharmProjects\NSWpropertyData\RawData\DAT\2026\20260330\098_SALES_DATA_NNME_30032026.DAT,2362,7cc1da78d257019fd79d3645406fb66743e52b0dd99ca6c21d55ba82ba9a9009
2026,2026-03-30,100_SALES_DATA_NNME_30032026.DAT,C:\Users\jonat\PycharmProjects\NSWpropertyData\RawData\DAT\2026\20260330\100_SALES_DATA_NNME_30032026.DAT,12190,44077ea87dfeb0904f9427bd95aba413aece0e7435842c5ba3e0d2ab89cda716
2026,2026-03-30,101_SALES_DATA_NNME_30032026.DAT,C:\Users\jonat\PycharmProjects\NSWpropertyData\RawData\DAT\2026\20260330\101_SALES_DATA_NNME_30032026.DAT,19241,569723cf859b96b90944bfc4bbcc0a9563f2b7c3bbcb77528d8f157ab7a1b659
2026,2026-03-30,102_SALES_DATA_NNME_30032026.DAT,C:\Users\jonat\PycharmProjects\NSWpropertyData\RawData\DAT\2026\20260330\102_SALES_DATA_NNME_30032026.DAT,11177,505bc903a663f3812c8a3ce14b340430fbbd78e693ae52f945945f2380fd831e
2026,2026-03-30,103_SALES_DATA_NNME_30032026.DAT,C:\Users\jonat\PycharmProjects\NSWpropertyData\RawData\DAT\2026\20260330\103_SALES_DATA_NNME_30032026.DAT,21560,9d2646a56dd14645b97f6d97b294901d11a604bb6b2d2cec688cbb5cffecede6
2026,2026-03-30,109_SALES_DATA_NNME_30032026.DAT,C:\Users\jonat\PycharmProjects\NSWpropertyData\RawData\DAT\2026\20260330\109_SALES_DATA_NNME_30032026.DAT,1551,f886d31344decbf821572ed681508f52c8aab978985df1d5547244e2741fff07
2026,2026-03-30,116_SALES_DATA_NNME_30032026.DAT,C:\Users\jonat\PycharmProjects\NSWpropertyData\RawData\DAT\2026\20260330\116_SALES_DATA_NNME_30032026.DAT,1458,c85600e324e5144e8d26b1d8322144e77b1ad281fc8175ee54d422cb757de64b
2026,2026-03-30,117_SALES_DATA_NNME_30032026.DAT,C:\Users\jonat\PycharmProjects\NSWpropertyData\RawData\DAT\2026\20260330\117_SALES_DATA_NNME_30032026.DAT,2934,05ac37fdd75cdf6809afcede79cabf66d342d17678cb6f5746f179d25fd52724
2026,2026-03-30,118_SALES_DATA_NNME_30032026.DAT,C:\Users\jonat\PycharmProjects\NSWpropertyData\RawData\DAT\2026\20260330\118_SALES_DATA_NNME_30032026.DAT,2237,67ac7c3ac087cab52f8d32b623e1f26c2159cd058e06cf93b20cb14cb10b155f
2026,2026-03-30,123_SALES_DATA_NNME_30032026.DAT,C:\Users\jonat\PycharmProjects\NSWpropertyData\RawData\DAT\2026\20260330\123_SALES_DATA_NNME_30032026.DAT,1343,f2a4b3a6df03f967b3f23de91c18bdbeb6874510b6c630de72d05d0118d09a52
2026,2026-03-30,124_SALES_DATA_NNME_30032026.DAT,C:\Users\jonat\PycharmProjects\NSWpropertyData\RawData\DAT\2026\20260330\124_SALES_DATA_NNME_30032026.DAT,8684,545e9f42c6319122f017173e0543a85b41556bda0666ce3c0cd37db820731ef5
2026,2026-03-30,137_SALES_DATA_NNME_30032026.DAT,C:\Users\jonat\PycharmProjects\NSWpropertyData\RawData\DAT\2026\20260330\137_SALES_DATA_NNME_30032026.DAT,4696,a2c9e60acca0e38c6c112df1ee7148da238932f00f37279a37408868f3c8530a
2026,2026-03-30,139_SALES_DATA_NNME_30032026.DAT,C:\Users\jonat\PycharmProjects\NSWpropertyData\RawData\DAT\2026\20260330\139_SALES_DATA_NNME_30032026.DAT,10883,6ff87a4b6f7bab7e9a924ce08662305e69587718fb0753329d01708cc914d224
2026,2026-03-30,143_SALES_DATA_NNME_30032026.DAT,C:\Users\jonat\PycharmProjects\NSWpropertyData\RawData\DAT\2026\20260330\143_SALES_DATA_NNME_30032026.DAT,9077,7654e3f6fdd7bb5bce454b910626d20167b328b1c3388f3e151f84baa472e4be
2026,2026-03-30,144_SALES_DATA_NNME_30032026.DAT,C:\Users\jonat\PycharmProjects\NSWpropertyData\RawData\DAT\2026\20260330\144_SALES_DATA_NNME_30032026.DAT,25045,c0aa95017ac62105c9a828cac2a692888b51e64258356ae71194c4f17ed808bd
2026,2026-03-30,148_SALES_DATA_NNME_30032026.DAT,C:\Users\jonat\PycharmProjects\NSWpropertyData\RawData\DAT\2026\20260330\148_SALES_DATA_NNME_30032026.DAT,7648,c88e8100572293c14af28759be148a9661edc79f032bddba3458b2d56be85fd7
2026,2026-03-30,149_SALES_DATA_NNME_30032026.DAT,C:\Users\jonat\PycharmProjects\NSWpropertyData\RawData\DAT\2026\20260330\149_SALES_DATA_NNME_30032026.DAT,2759,d146c96b6ff8d786aa047490afc8c75d306590ebe2a6642f61607a304863bef3
2026,2026-03-30,150_SALES_DATA_NNME_30032026.DAT,C:\Users\jonat\PycharmProjects\NSWpropertyData\RawData\DAT\2026\20260330\150_SALES_DATA_NNME_30032026.DAT,3160,f4f8a23fded196f9019a7858c028ea9899e09c5ff3c25a094ad3b9f7ffa2a7c2
2026,2026-03-30,151_SALES_DATA_NNME_30032026.DAT,C:\Users\jonat\PycharmProjects\NSWpropertyData\RawData\DAT\2026\20260330\151_SALES_DATA_NNME_30032026.DAT,5144,081ff849c8b9537f8a0b1502346a22e2fcc278f928055af1cb203dd555f35af2
2026,2026-03-30,152_SALES_DATA_NNME_30032026.DAT,C:\Users\jonat\PycharmProjects\NSWpropertyData\RawData\DAT\2026\20260330\152_SALES_DATA_NNME_30032026.DAT,13214,48013c5153f3452b53487626b30519438322921e95d0d894b97c73dc2ab7118b
2026,2026-03-30,157_SALES_DATA_NNME_30032026.DAT,C:\Users\jonat\PycharmProjects\NSWpropertyData\RawData\DAT\2026\20260330\157_SALES_DATA_NNME_30032026.DAT,6009,594b5766920e825ef61dcec908219758959ede311d03e3b635e7430e1440798a
2026,2026-03-30,158_SALES_DATA_NNME_30032026.DAT,C:\Users\jonat\PycharmProjects\NSWpropertyData\RawData\DAT\2026\20260330\158_SALES_DATA_NNME_30032026.DAT,1469,d68e43bb8745329a28614a261169687537862ccb73d1f01bbc14a15219b07c1e
2026,2026-03-30,159_SALES_DATA_NNME_30032026.DAT,C:\Users\jonat\PycharmProjects\NSWpropertyData\RawData\DAT\2026\20260330\159_SALES_DATA_NNME_30032026.DAT,7599,00113a24545ff0fbb48768e43ea49f7a513a115a78e7c9a1c4f27ed5e9e5fb74
2026,2026-03-30,164_SALES_DATA_NNME_30032026.DAT,C:\Users\jonat\PycharmProjects\NSWpropertyData\RawData\DAT\2026\20260330\164_SALES_DATA_NNME_30032026.DAT,4479,17dab8eacb8dc411e6f5bb2023acefb2d2915c8906faa48ed14fb5841decc431
2026,2026-03-30,171_SALES_DATA_NNME_30032026.DAT,C:\Users\jonat\PycharmProjects\NSWpropertyData\RawData\DAT\2026\20260330\171_SALES_DATA_NNME_30032026.DAT,12417,35d5d5f930cd049613d39a2fdb0fee6544215e3a52f346b29f5e298034063779
2026,2026-03-30,187_SALES_DATA_NNME_30032026.DAT,C:\Users\jonat\PycharmProjects\NSWpropertyData\RawData\DAT\2026\20260330\187_SALES_DATA_NNME_30032026.DAT,1334,51cd4aa7bc72eec1bfff3719df6a65dd975b3c439bad8a4ca9932cffb31141fe
2026,2026-03-30,188_SALES_DATA_NNME_30032026.DAT,C:\Users\jonat\PycharmProjects\NSWpropertyData\RawData\DAT\2026\20260330\188_SALES_DATA_NNME_30032026.DAT,3510,75ba4934a6dca7fcceb1c969284216be840a1f76c6e76af90a67706622dbac46
2026,2026-03-30,192_SALES_DATA_NNME_30032026.DAT,C:\Users\jonat\PycharmProjects\NSWpropertyData\RawData\DAT\2026\20260330\192_SALES_DATA_NNME_30032026.DAT,897,f881d6b03a8ac92ea622db8207954b14b6c4ceb16dcd2f9e19543f53295fa24f
2026,2026-03-30,199_SALES_DATA_NNME_30032026.DAT,C:\Users\jonat\PycharmProjects\NSWpropertyData\RawData\DAT\2026\20260330\199_SALES_DATA_NNME_30032026.DAT,968,8fda6e9e55b94a27d1b9553ae80bf7451b41bcbf7f4bb149c397e1f742177f59
2026,2026-03-30,207_SALES_DATA_NNME_30032026.DAT,C:\Users\jonat\PycharmProjects\NSWpropertyData\RawData\DAT\2026\20260330\207_SALES_DATA_NNME_30032026.DAT,15734,61e220cac68515abfb8314850e185cdccd74598572b11c3bfd10039099ffd3aa
2026,2026-03-30,209_SALES_DATA_NNME_30032026.DAT,C:\Users\jonat\PycharmProjects\NSWpropertyData\RawData\DAT\2026\20260330\209_SALES_DATA_NNME_30032026.DAT,7902,46b9e04af596babe5648bd50fcb9f46a5047607d937645b1b553f4d982fce575
2026,2026-03-30,210_SALES_DATA_NNME_30032026.DAT,C:\Users\jonat\PycharmProjects\NSWpropertyData\RawData\DAT\2026\20260330\210_SALES_DATA_NNME_30032026.DAT,6049,6aed6a5b58dbf0f02a874b55dcc526224635ee53d3cd9faae719c8fd46a16e67
2026,2026-03-30,214_SALES_DATA_NNME_30032026.DAT,C:\Users\jonat\PycharmProjects\NSWpropertyData\RawData\DAT\2026\20260330\214_SALES_DATA_NNME_30032026.DAT,53881,47b9dc496e56d8fcda049f425e455157e0c287bca6f35751818d06f0ca719a55
2026,2026-03-30,216_SALES_DATA_NNME_30032026.DAT,C:\Users\jonat\PycharmProjects\NSWpropertyData\RawData\DAT\2026\20260330\216_SALES_DATA_NNME_30032026.DAT,9408,adf55782a5abb8e605c7b360c408ff869e91fb3a05ef440c2c1e90a6ca711688
2026,2026-03-30,217_SALES_DATA_NNME_30032026.DAT,C:\Users\jonat\PycharmProjects\NSWpropertyData\RawData\DAT\2026\20260330\217_SALES_DATA_NNME_30032026.DAT,15712,156969fff7e6a9217d35e3d4683498553f2a5fe4804403d7b621160656b2be4e
2026,2026-03-30,218_SALES_DATA_NNME_30032026.DAT,C:\Users\jonat\PycharmProjects\NSWpropertyData\RawData\DAT\2026\20260330\218_SALES_DATA_NNME_30032026.DAT,14358,8cfad76ab46db0c2483163f32ca23b8e7c7820738c8c5a57700de94bf8da4f5f
2026,2026-03-30,219_SALES_DATA_NNME_30032026.DAT,C:\Users\jonat\PycharmProjects\NSWpropertyData\RawData\DAT\2026\20260330\219_SALES_DATA_NNME_30032026.DAT,9638,d81f0dc5784897e826a3892a9ea004abe68194df3fc099312d144c19a338dd79
2026,2026-03-30,220_SALES_DATA_NNME_30032026.DAT,C:\Users\jonat\PycharmProjects\NSWpropertyData\RawData\DAT\2026\20260330\220_SALES_DATA_NNME_30032026.DAT,11922,00d79bb977db55beda2e1ecd7049401fb27265ade91ce388565503881e2ac9d3
2026,2026-03-30,222_SALES_DATA_NNME_30032026.DAT,C:\Users\jonat\PycharmProjects\NSWpropertyData\RawData\DAT\2026\20260330\222_SALES_DATA_NNME_30032026.DAT,2554,f7f51566d37e5d3ba7dc9f2234886a630201987ff5f3aa865fd1150cf43c4e7a
2026,2026-03-30,223_SALES_DATA_NNME_30032026.DAT,C:\Users\jonat\PycharmProjects\NSWpropertyData\RawData\DAT\2026\20260330\223_SALES_DATA_NNME_30032026.DAT,18851,299329b38a539600357ad7333d92328454b2cc1f7cb35bdf397acb4f02930245
2026,2026-03-30,224_SALES_DATA_NNME_30032026.DAT,C:\Users\jonat\PycharmProjects\NSWpropertyData\RawData\DAT\2026\20260330\224_SALES_DATA_NNME_30032026.DAT,22641,c33495b5bae8858dc087e60042fd0a568b202bf997e6b420ab7f9952634579cd
2026,2026-03-30,226_SALES_DATA_NNME_30032026.DAT,C:\Users\jonat\PycharmProjects\NSWpropertyData\RawData\DAT\2026\20260330\226_SALES_DATA_NNME_30032026.DAT,12939,51b286cd38e8f1e792ad6c0b06f7a69110dfbebc57ad56f6aa04a911e601aabc
2026,2026-03-30,230_SALES_DATA_NNME_30032026.DAT,C:\Users\jonat\PycharmProjects\NSWpropertyData\RawData\DAT\2026\20260330\230_SALES_DATA_NNME_30032026.DAT,310,9fa7e773dd8d8852c82407ff9f4f3a0e262ced62e10e617d1e8540c212620a00
2026,2026-03-30,231_SALES_DATA_NNME_30032026.DAT,C:\Users\jonat\PycharmProjects\NSWpropertyData\RawData\DAT\2026\20260330\231_SALES_DATA_NNME_30032026.DAT,924,a866bba3921dd4a6b7e7dd890daab51f2533d21fbb129006dba11260248648de
2026,2026-03-30,232_SALES_DATA_NNME_30032026.DAT,C:\Users\jonat\PycharmProjects\NSWpropertyData\RawData\DAT\2026\20260330\232_SALES_DATA_NNME_30032026.DAT,539,a7ba4495df545db1071afcb51447f620241ecf590bcfa2d1f56df60a6dac4b66
2026,2026-03-30,233_SALES_DATA_NNME_30032026.DAT,C:\Users\jonat\PycharmProjects\NSWpropertyData\RawData\DAT\2026\20260330\233_SALES_DATA_NNME_30032026.DAT,714,f01c0d5f407d721271e57c90610934722f218d518addeb2151c977f337e42126
2026,2026-03-30,234_SALES_DATA_NNME_30032026.DAT,C:\Users\jonat\PycharmProjects\NSWpropertyData\RawData\DAT\2026\20260330\234_SALES_DATA_NNME_30032026.DAT,6259,66816533d421f00c27f46bec3606295e87d0b80d1b2034adc609b58b57785e40
2026,2026-03-30,235_SALES_DATA_NNME_30032026.DAT,C:\Users\jonat\PycharmProjects\NSWpropertyData\RawData\DAT\2026\20260330\235_SALES_DATA_NNME_30032026.DAT,373,934b79e28c8682a70cd2f4dbc2493bda39920d731ace40b7c9c16cb1f2ad971b
2026,2026-03-30,236_SALES_DATA_NNME_30032026.DAT,C:\Users\jonat\PycharmProjects\NSWpropertyData\RawData\DAT\2026\20260330\236_SALES_DATA_NNME_30032026.DAT,1090,dee541d72433bcee7977f4df5632c9998ea62ff4ec3d41579859f252a45e70b4
2026,2026-03-30,238_SALES_DATA_NNME_30032026.DAT,C:\Users\jonat\PycharmProjects\NSWpropertyData\RawData\DAT\2026\20260330\238_SALES_DATA_NNME_30032026.DAT,1146,5e376190d7d130470e8a2b34e541f29c2113cdf48627ee2beefd44f61490b319
2026,2026-03-30,239_SALES_DATA_NNME_30032026.DAT,C:\Users\jonat\PycharmProjects\NSWpropertyData\RawData\DAT\2026\20260330\239_SALES_DATA_NNME_30032026.DAT,296,1ee0c7b2beb5dda2175ba8610c4eeb7191be8a50431e600fd22875919ad99230
2026,2026-03-30,240_SALES_DATA_NNME_30032026.DAT,C:\Users\jonat\PycharmProjects\NSWpropertyData\RawData\DAT\2026\20260330\240_SALES_DATA_NNME_30032026.DAT,875,cb238eeab378dedb3fe2b404f55401d38939a75e5a995e82283e680577cf911a
2026,2026-03-30,243_SALES_DATA_NNME_30032026.DAT,C:\Users\jonat\PycharmProjects\NSWpropertyData\RawData\DAT\2026\20260330\243_SALES_DATA_NNME_30032026.DAT,375,36801d03e7fa7e66908bc367e2c1aa0dc56c2e9753e12747e801b529bbacfb49
2026,2026-03-30,244_SALES_DATA_NNME_30032026.DAT,C:\Users\jonat\PycharmProjects\NSWpropertyData\RawData\DAT\2026\20260330\244_SALES_DATA_NNME_30032026.DAT,1233,2bac247326db6f33c2e8ff5d69a45ea4b68f948a3777da16f727f118b598474f
2026,2026-03-30,247_SALES_DATA_NNME_30032026.DAT,C:\Users\jonat\PycharmProjects\NSWpropertyData\RawData\DAT\2026\20260330\247_SALES_DATA_NNME_30032026.DAT,1964,cdfac26e924243d85921a17cf94c9944e7c7555ef9905b4df3e9303238c759db
2026,2026-03-30,250_SALES_DATA_NNME_30032026.DAT,C:\Users\jonat\PycharmProjects\NSWpropertyData\RawData\DAT\2026\20260330\250_SALES_DATA_NNME_30032026.DAT,2136,36fe5be5e998b42aa9f95c5f340d9edd02a0c801562f5f5e70edc58b47484163
2026,2026-03-30,251_SALES_DATA_NNME_30032026.DAT,C:\Users\jonat\PycharmProjects\NSWpropertyData\RawData\DAT\2026\20260330\251_SALES_DATA_NNME_30032026.DAT,1228,85e6db357b844e4735502f95e932f7c76a668f1fe8348d3006a793f290b125ea
2026,2026-03-30,252_SALES_DATA_NNME_30032026.DAT,C:\Users\jonat\PycharmProjects\NSWpropertyData\RawData\DAT\2026\20260330\252_SALES_DATA_NNME_30032026.DAT,536,284435d4961bc5bce498e4554560ba2ca1a0e9b32bb99a19f38730bbe6c30c30
2026,2026-03-30,253_SALES_DATA_NNME_30032026.DAT,C:\Users\jonat\PycharmProjects\NSWpropertyData\RawData\DAT\2026\20260330\253_SALES_DATA_NNME_30032026.DAT,834,03f29a1a9dfc115d340ba7cc0206cc7299963d887966ece5eb5606f386b0ab4c
2026,2026-03-30,254_SALES_DATA_NNME_30032026.DAT,C:\Users\jonat\PycharmProjects\NSWpropertyData\RawData\DAT\2026\20260330\254_SALES_DATA_NNME_30032026.DAT,292,315bf69c6f50517a991b88acfe2e595dc14e4edd9293536c6f48ecbaa5db3c69
2026,2026-03-30,255_SALES_DATA_NNME_30032026.DAT,C:\Users\jonat\PycharmProjects\NSWpropertyData\RawData\DAT\2026\20260330\255_SALES_DATA_NNME_30032026.DAT,1117,33c45be818ff6c43724e97b2ecd0b69d02eee39ca66a1e1173d88f09c686d343
2026,2026-03-30,257_SALES_DATA_NNME_30032026.DAT,C:\Users\jonat\PycharmProjects\NSWpropertyData\RawData\DAT\2026\20260330\257_SALES_DATA_NNME_30032026.DAT,5139,d75d87a267cf934d815b3d248e38c03ff915cc4c4f90482bf4f099416fb826f6
2026,2026-03-30,258_SALES_DATA_NNME_30032026.DAT,C:\Users\jonat\PycharmProjects\NSWpropertyData\RawData\DAT\2026\20260330\258_SALES_DATA_NNME_30032026.DAT,29726,bfef14b566b09eea174299ded0c0a9d78251c407a329d37c1da51f81b4e26370
2026,2026-03-30,259_SALES_DATA_NNME_30032026.DAT,C:\Users\jonat\PycharmProjects\NSWpropertyData\RawData\DAT\2026\20260330\259_SALES_DATA_NNME_30032026.DAT,54077,5b6de932a2cfca42da63d20078c78eb357aa264404c77ffbf93b2bef2da06347
2026,2026-03-30,260_SALES_DATA_NNME_30032026.DAT,C:\Users\jonat\PycharmProjects\NSWpropertyData\RawData\DAT\2026\20260330\260_SALES_DATA_NNME_30032026.DAT,27908,21709291c2cd2988a1e6d0eda3eed36060bcd8cc6ebaab074036ab6836daff14
2026,2026-03-30,261_SALES_DATA_NNME_30032026.DAT,C:\Users\jonat\PycharmProjects\NSWpropertyData\RawData\DAT\2026\20260330\261_SALES_DATA_NNME_30032026.DAT,22066,8b8f57bec01313dd8e8beaa1c4e15060a74d225848d77907a8bb3e446086eaa3
2026,2026-03-30,262_SALES_DATA_NNME_30032026.DAT,C:\Users\jonat\PycharmProjects\NSWpropertyData\RawData\DAT\2026\20260330\262_SALES_DATA_NNME_30032026.DAT,3300,58c2c1a6a29813a555f11fe79d829253a768cecabaf4759e6494eba38595a571
2026,2026-03-30,263_SALES_DATA_NNME_30032026.DAT,C:\Users\jonat\PycharmProjects\NSWpropertyData\RawData\DAT\2026\20260330\263_SALES_DATA_NNME_30032026.DAT,2247,c3d931ef52b0ae98c2b85f0f1b51eeaf171f1253f94a089f83eab0a5029bd2b7
2026,2026-03-30,264_SALES_DATA_NNME_30032026.DAT,C:\Users\jonat\PycharmProjects\NSWpropertyData\RawData\DAT\2026\20260330\264_SALES_DATA_NNME_30032026.DAT,15730,6ceb1db78fbdd152bcd53586a14f310cd5b13e369d629ad40d3f68db061f51be
2026,2026-03-30,265_SALES_DATA_NNME_30032026.DAT,C:\Users\jonat\PycharmProjects\NSWpropertyData\RawData\DAT\2026\20260330\265_SALES_DATA_NNME_30032026.DAT,2637,a51bfb9909583ddb17f859f0c79ca6fe5ca1e361e6da63ba2a3b29d710667d9e
2026,2026-03-30,266_SALES_DATA_NNME_30032026.DAT,C:\Users\jonat\PycharmProjects\NSWpropertyData\RawData\DAT\2026\20260330\266_SALES_DATA_NNME_30032026.DAT,5627,1c496261d67b3ea2895a0ebf96e44f0ef3345c811ce69cd36cd4a1df75053dbd
2026,2026-03-30,267_SALES_DATA_NNME_30032026.DAT,C:\Users\jonat\PycharmProjects\NSWpropertyData\RawData\DAT\2026\20260330\267_SALES_DATA_NNME_30032026.DAT,22888,699d9fd38a7ee36c5c285c683e276c9c055e91681dc6697cb1cec8b7394e2819
2026,2026-03-30,268_SALES_DATA_NNME_30032026.DAT,C:\Users\jonat\PycharmProjects\NSWpropertyData\RawData\DAT\2026\20260330\268_SALES_DATA_NNME_30032026.DAT,21728,dbebbb0175bdd789ae33bcd962474b028fe6a4e157bf365d1c3d2eb0a4319b93
2026,2026-03-30,269_SALES_DATA_NNME_30032026.DAT,C:\Users\jonat\PycharmProjects\NSWpropertyData\RawData\DAT\2026\20260330\269_SALES_DATA_NNME_30032026.DAT,2440,c4a5cbf3762273c9e6d825c9c3e6af3db525ecec4fc83d970b17b68ce43aeff5
2026,2026-03-30,270_SALES_DATA_NNME_30032026.DAT,C:\Users\jonat\PycharmProjects\NSWpropertyData\RawData\DAT\2026\20260330\270_SALES_DATA_NNME_30032026.DAT,2133,d2a03841949912f3bd41e2e8c4f0083a60fea8e97af7b15bcab026879ace2903
2026,2026-03-30,271_SALES_DATA_NNME_30032026.DAT,C:\Users\jonat\PycharmProjects\NSWpropertyData\RawData\DAT\2026\20260330\271_SALES_DATA_NNME_30032026.DAT,35847,5d6cf275781321e23a3cf5607ca5354e3e409e4a3b5c83ed8222f032b4dd5138
2026,2026-03-30,272_SALES_DATA_NNME_30032026.DAT,C:\Users\jonat\PycharmProjects\NSWpropertyData\RawData\DAT\2026\20260330\272_SALES_DATA_NNME_30032026.DAT,12848,6bb0d2c96b79e854237b4ee98c018f03755e6b520c3222eb2fefffb76ef60bf1
2026,2026-03-30,273_SALES_DATA_NNME_30032026.DAT,C:\Users\jonat\PycharmProjects\NSWpropertyData\RawData\DAT\2026\20260330\273_SALES_DATA_NNME_30032026.DAT,3548,78a94cbf49c484aaa006e53d81076451383c3db56645b436d210bf93ff12148c
2026,2026-03-30,274_SALES_DATA_NNME_30032026.DAT,C:\Users\jonat\PycharmProjects\NSWpropertyData\RawData\DAT\2026\20260330\274_SALES_DATA_NNME_30032026.DAT,2655,3c79c846e4e2ecaf95814442e90aed50583969b27b469dc881d4e35f41f6a647
2026,2026-03-30,275_SALES_DATA_NNME_30032026.DAT,C:\Users\jonat\PycharmProjects\NSWpropertyData\RawData\DAT\2026\20260330\275_SALES_DATA_NNME_30032026.DAT,11684,05a6f37c698d277587366b24822166a66c14311a42241ff0160608e8465e78c9
2026,2026-03-30,276_SALES_DATA_NNME_30032026.DAT,C:\Users\jonat\PycharmProjects\NSWpropertyData\RawData\DAT\2026\20260330\276_SALES_DATA_NNME_30032026.DAT,27367,310675e706cfeb1fbcf85fcc06b6a4ac1d1cea6b4fed4dace2be0f5db8a7daec
2026,2026-03-30,300_SALES_DATA_NNME_30032026.DAT,C:\Users\jonat\PycharmProjects\NSWpropertyData\RawData\DAT\2026\20260330\300_SALES_DATA_NNME_30032026.DAT,1203,18aa3986da29956f674cc469219d870504e3175825c65be72f6c423276fdfc3b
2026,2026-03-30,301_SALES_DATA_NNME_30032026.DAT,C:\Users\jonat\PycharmProjects\NSWpropertyData\RawData\DAT\2026\20260330\301_SALES_DATA_NNME_30032026.DAT,1839,e63a1520ba894e2b7e6f6053e14fce289b714ac13974095dc66637168a4f6006
2026,2026-03-30,302_SALES_DATA_NNME_30032026.DAT,C:\Users\jonat\PycharmProjects\NSWpropertyData\RawData\DAT\2026\20260330\302_SALES_DATA_NNME_30032026.DAT,2653,8de30fb10e642ef1b141f7ed6ccfbc1afb52e45e73d298e9ec6c670beb3c6078
2026,2026-03-30,303_SALES_DATA_NNME_30032026.DAT,C:\Users\jonat\PycharmProjects\NSWpropertyData\RawData\DAT\2026\20260330\303_SALES_DATA_NNME_30032026.DAT,11836,e6dd80b9376eb256b98ac035cbbd756b194c5d02408be3cddbfcc8254a6e3748
2026,2026-03-30,511_SALES_DATA_NNME_30032026.DAT,C:\Users\jonat\PycharmProjects\NSWpropertyData\RawData\DAT\2026\20260330\511_SALES_DATA_NNME_30032026.DAT,3635,1a5f06d22e3f5991f71c970737bb3ee0a7c5bef41e8f001b7b552be3ec655bea
2026,2026-03-30,526_SALES_DATA_NNME_30032026.DAT,C:\Users\jonat\PycharmProjects\NSWpropertyData\RawData\DAT\2026\20260330\526_SALES_DATA_NNME_30032026.DAT,1541,e4c28b448765b9a3aab1cbb24dd23777184d5497ee73a32b38315db6d40fabd5
2026,2026-03-30,528_SALES_DATA_NNME_30032026.DAT,C:\Users\jonat\PycharmProjects\NSWpropertyData\RawData\DAT\2026\20260330\528_SALES_DATA_NNME_30032026.DAT,3009,1b405d6041aff82521bdcc1b55e8f9645282c9d7b2e669cddf2b49ecec9966be
2026,2026-03-30,529_SALES_DATA_NNME_30032026.DAT,C:\Users\jonat\PycharmProjects\NSWpropertyData\RawData\DAT\2026\20260330\529_SALES_DATA_NNME_30032026.DAT,5097,15a442881b29f9dd842b8cd1425e2f9c069bbee34f1d3d175b111943999cdd39
2026,2026-03-30,537_SALES_DATA_NNME_30032026.DAT,C:\Users\jonat\PycharmProjects\NSWpropertyData\RawData\DAT\2026\20260330\537_SALES_DATA_NNME_30032026.DAT,1247,528589a97564e4b3a0b8440f08cf143c689bda5ff766f162c4e7e2d02ba0632a
2026,2026-03-30,538_SALES_DATA_NNME_30032026.DAT,C:\Users\jonat\PycharmProjects\NSWpropertyData\RawData\DAT\2026\20260330\538_SALES_DATA_NNME_30032026.DAT,1188,64f6b5bce826a1a78f6bb8bbe71f5d8d4033aa048b8974525bd4bd175bfab18e
2026,2026-03-30,560_SALES_DATA_NNME_30032026.DAT,C:\Users\jonat\PycharmProjects\NSWpropertyData\RawData\DAT\2026\20260330\560_SALES_DATA_NNME_30032026.DAT,2625,7fc487c74c8ba597961f8fccb9fc3329a7d50d91567165930e98a591071e845d
2026,2026-03-30,575_SALES_DATA_NNME_30032026.DAT,C:\Users\jonat\PycharmProjects\NSWpropertyData\RawData\DAT\2026\20260330\575_SALES_DATA_NNME_30032026.DAT,10587,bd2dd51381510956652b16af2a97d9b7aabad4fed99b0264c679407bde32030c
2026,2026-03-30,608_SALES_DATA_NNME_30032026.DAT,C:\Users\jonat\PycharmProjects\NSWpropertyData\RawData\DAT\2026\20260330\608_SALES_DATA_NNME_30032026.DAT,5446,658836c661bd6f5b429e9bf8fbdc4e74428ab239b6786e8baa5a89a0c038aa93
2026,2026-03-30,620_SALES_DATA_NNME_30032026.DAT,C:\Users\jonat\PycharmProjects\NSWpropertyData\RawData\DAT\2026\20260330\620_SALES_DATA_NNME_30032026.DAT,8129,66c816787222355a25c1210894269192826b161cfda42c06c003fa6eda5d7ff6
2026,2026-03-30,656_SALES_DATA_NNME_30032026.DAT,C:\Users\jonat\PycharmProjects\NSWpropertyData\RawData\DAT\2026\20260330\656_SALES_DATA_NNME_30032026.DAT,19392,0e50fc0b658bf7c5cb46f1871a0d2ba60fca8d4f87751bbf574841da027aea5f
2026,2026-03-30,666_SALES_DATA_NNME_30032026.DAT,C:\Users\jonat\PycharmProjects\NSWpropertyData\RawData\DAT\2026\20260330\666_SALES_DATA_NNME_30032026.DAT,13572,77636a50e37d51b28ee60513470fb97e46f7a47e548b334ba927c30f30c19219
2026,2026-03-30,708_SALES_DATA_NNME_30032026.DAT,C:\Users\jonat\PycharmProjects\NSWpropertyData\RawData\DAT\2026\20260330\708_SALES_DATA_NNME_30032026.DAT,35401,c352c7386c66a065955e298ec9a8a94cbff40005dba6a62386dc34e1780875e9
2026,2026-04-06,001_SALES_DATA_NNME_06042026.DAT,C:\Users\jonat\PycharmProjects\NSWpropertyData\RawData\DAT\2026\20260406\001_SALES_DATA_NNME_06042026.DAT,12175,b8da87d9bc9c6120cba57dc3d21aa7e0260c01caaee78a712ddb86552dab4954
2026,2026-04-06,002_SALES_DATA_NNME_06042026.DAT,C:\Users\jonat\PycharmProjects\NSWpropertyData\RawData\DAT\2026\20260406\002_SALES_DATA_NNME_06042026.DAT,1803,4808be38fcd4f6aef04d1848872370a69982c08bd31eb8996c2a5542f57be8d0
2026,2026-04-06,004_SALES_DATA_NNME_06042026.DAT,C:\Users\jonat\PycharmProjects\NSWpropertyData\RawData\DAT\2026\20260406\004_SALES_DATA_NNME_06042026.DAT,32423,2d5b7e96578f372a92b90ccd64c443c76fec1bb8f8aefa00b001eb2214fc99e7
2026,2026-04-06,005_SALES_DATA_NNME_06042026.DAT,C:\Users\jonat\PycharmProjects\NSWpropertyData\RawData\DAT\2026\20260406\005_SALES_DATA_NNME_06042026.DAT,44956,e7b4984e2969da88ca701d2df618b9417e0727a7f358156611134ceb7a027f09
2026,2026-04-06,007_SALES_DATA_NNME_06042026.DAT,C:\Users\jonat\PycharmProjects\NSWpropertyData\RawData\DAT\2026\20260406\007_SALES_DATA_NNME_06042026.DAT,2753,5cf43eca422caa58277f3f8495fee0e7e217bd4725fdd30b74ad718a1e6a80c4
2026,2026-04-06,008_SALES_DATA_NNME_06042026.DAT,C:\Users\jonat\PycharmProjects\NSWpropertyData\RawData\DAT\2026\20260406\008_SALES_DATA_NNME_06042026.DAT,29292,02e51018c9a5e593db6a37bbc97731b0b2d1549c47d786f9baa92cf02487e0d7
2026,2026-04-06,010_SALES_DATA_NNME_06042026.DAT,C:\Users\jonat\PycharmProjects\NSWpropertyData\RawData\DAT\2026\20260406\010_SALES_DATA_NNME_06042026.DAT,19862,6217df567b16fe27a8822478b9eb3fc62f1d0a4d8aec581c2e72759d88e67f49
2026,2026-04-06,012_SALES_DATA_NNME_06042026.DAT,C:\Users\jonat\PycharmProjects\NSWpropertyData\RawData\DAT\2026\20260406\012_SALES_DATA_NNME_06042026.DAT,5817,8db53d38d5ac86dca8fbf042ade3b36cb71c9f7dd18da1df7eae3e2fc8619ec5
2026,2026-04-06,018_SALES_DATA_NNME_06042026.DAT,C:\Users\jonat\PycharmProjects\NSWpropertyData\RawData\DAT\2026\20260406\018_SALES_DATA_NNME_06042026.DAT,9100,d210dfb51da03a74fee68ee693c29633efcab7df91ec26f7470d721decd5cdbd
2026,2026-04-06,042_SALES_DATA_NNME_06042026.DAT,C:\Users\jonat\PycharmProjects\NSWpropertyData\RawData\DAT\2026\20260406\042_SALES_DATA_NNME_06042026.DAT,3260,a41232db2105e268a11f8a85dedf5999b958538852c4b25bdde72e0b11b401f3
2026,2026-04-06,043_SALES_DATA_NNME_06042026.DAT,C:\Users\jonat\PycharmProjects\NSWpropertyData\RawData\DAT\2026\20260406\043_SALES_DATA_NNME_06042026.DAT,368,0dbb369ce9f314d0e8fda835f85cbfe46b5c0bc4a55cfdcd284e07b7a9133334
2026,2026-04-06,050_SALES_DATA_NNME_06042026.DAT,C:\Users\jonat\PycharmProjects\NSWpropertyData\RawData\DAT\2026\20260406\050_SALES_DATA_NNME_06042026.DAT,31864,8a89479ca9f22e45be6a7e3eacf005fe8a62caeccbd82ff5da79f2e4ba1a1bd1
2026,2026-04-06,051_SALES_DATA_NNME_06042026.DAT,C:\Users\jonat\PycharmProjects\NSWpropertyData\RawData\DAT\2026\20260406\051_SALES_DATA_NNME_06042026.DAT,3290,f96c4f6f3c74ea7dff78ca9d8c238f1d0dd2227ea928b0740a6c6d073d3c961a
2026,2026-04-06,052_SALES_DATA_NNME_06042026.DAT,C:\Users\jonat\PycharmProjects\NSWpropertyData\RawData\DAT\2026\20260406\052_SALES_DATA_NNME_06042026.DAT,1169,bcd94e6c28cc5f4d1b04858c1660ef8ccb17f95a131ffc026814c7fd8b7cae4f
2026,2026-04-06,054_SALES_DATA_NNME_06042026.DAT,C:\Users\jonat\PycharmProjects\NSWpropertyData\RawData\DAT\2026\20260406\054_SALES_DATA_NNME_06042026.DAT,1145,57751a43c6a4b2dac48a95df0e295c8523f044fe6cea07af4fb9b7b1a0bad58d
2026,2026-04-06,061_SALES_DATA_NNME_06042026.DAT,C:\Users\jonat\PycharmProjects\NSWpropertyData\RawData\DAT\2026\20260406\061_SALES_DATA_NNME_06042026.DAT,1728,20056cc9ada02bb40dbbdb0e78d862de9cdccd73bdfe3bbcc83bd91046665b4d
2026,2026-04-06,065_SALES_DATA_NNME_06042026.DAT,C:\Users\jonat\PycharmProjects\NSWpropertyData\RawData\DAT\2026\20260406\065_SALES_DATA_NNME_06042026.DAT,1540,ff249439b419af69d14c031e4b47fe73986e887a05bd502a5c570fd261ff8dc0
2026,2026-04-06,066_SALES_DATA_NNME_06042026.DAT,C:\Users\jonat\PycharmProjects\NSWpropertyData\RawData\DAT\2026\20260406\066_SALES_DATA_NNME_06042026.DAT,1177,e72ff1ae76411a384c3bff9a8b2ba91f377b512dfb4193d41fcf6ca6a1cd5996
2026,2026-04-06,070_SALES_DATA_NNME_06042026.DAT,C:\Users\jonat\PycharmProjects\NSWpropertyData\RawData\DAT\2026\20260406\070_SALES_DATA_NNME_06042026.DAT,983,7e598e278380e2a1a0d4982d64a0334da7297874ad112d489d9c93e902256368
2026,2026-04-06,074_SALES_DATA_NNME_06042026.DAT,C:\Users\jonat\PycharmProjects\NSWpropertyData\RawData\DAT\2026\20260406\074_SALES_DATA_NNME_06042026.DAT,3324,093518413f49fd47fa9d97ed4067d31ae0afae0f22aaed4315d7d8d6cfb08a0e
2026,2026-04-06,081_SALES_DATA_NNME_06042026.DAT,C:\Users\jonat\PycharmProjects\NSWpropertyData\RawData\DAT\2026\20260406\081_SALES_DATA_NNME_06042026.DAT,36033,3856eb6c1f260d03060a067c103e37e16684a76479350d5524b7ae4550f2c129
2026,2026-04-06,082_SALES_DATA_NNME_06042026.DAT,C:\Users\jonat\PycharmProjects\NSWpropertyData\RawData\DAT\2026\20260406\082_SALES_DATA_NNME_06042026.DAT,18411,dc5e796d6b2c358c9b0d472d5c5770f168dde095f91507d97fcf54e19f48e02d
2026,2026-04-06,083_SALES_DATA_NNME_06042026.DAT,C:\Users\jonat\PycharmProjects\NSWpropertyData\RawData\DAT\2026\20260406\083_SALES_DATA_NNME_06042026.DAT,1572,2a56fb83d394bf9246fdbecd9527542f27b4986fb46d96f5b4a44926070e8a75
2026,2026-04-06,084_SALES_DATA_NNME_06042026.DAT,C:\Users\jonat\PycharmProjects\NSWpropertyData\RawData\DAT\2026\20260406\084_SALES_DATA_NNME_06042026.DAT,14864,0d831eff9271c6ff6a2bf14d49fc210340bf15a4de55d3747851ef5ec783dba5
2026,2026-04-06,085_SALES_DATA_NNME_06042026.DAT,C:\Users\jonat\PycharmProjects\NSWpropertyData\RawData\DAT\2026\20260406\085_SALES_DATA_NNME_06042026.DAT,9124,f95871e7da2e30677bb5f664cca2f2a0b3b78fcd01ff05457fccf28e3b844940
2026,2026-04-06,087_SALES_DATA_NNME_06042026.DAT,C:\Users\jonat\PycharmProjects\NSWpropertyData\RawData\DAT\2026\20260406\087_SALES_DATA_NNME_06042026.DAT,6994,57e6e24192a582651c5be8911edf7ccca533aad992570ac30e9eadf0018acbf1
2026,2026-04-06,088_SALES_DATA_NNME_06042026.DAT,C:\Users\jonat\PycharmProjects\NSWpropertyData\RawData\DAT\2026\20260406\088_SALES_DATA_NNME_06042026.DAT,13087,8dab134e83c65994695af664f215a516e6e04bfac8e4c62351cfa3fbcf5685d6
2026,2026-04-06,090_SALES_DATA_NNME_06042026.DAT,C:\Users\jonat\PycharmProjects\NSWpropertyData\RawData\DAT\2026\20260406\090_SALES_DATA_NNME_06042026.DAT,20067,359c13edcacd5399e563f11913b7ad0ab8ac3bfb240554ec47ca072e7aadb5e0
2026,2026-04-06,092_SALES_DATA_NNME_06042026.DAT,C:\Users\jonat\PycharmProjects\NSWpropertyData\RawData\DAT\2026\20260406\092_SALES_DATA_NNME_06042026.DAT,21440,9bf2ff8c51b4c8af345c0bb3102c725d8251e5c1ad7483ba68cf062ef6a8396f
2026,2026-04-06,097_SALES_DATA_NNME_06042026.DAT,C:\Users\jonat\PycharmProjects\NSWpropertyData\RawData\DAT\2026\20260406\097_SALES_DATA_NNME_06042026.DAT,12080,2fb67829720e31d2a91379006ce8f9623f0e1868977393c886a8aceed8d9140e
2026,2026-04-06,098_SALES_DATA_NNME_06042026.DAT,C:\Users\jonat\PycharmProjects\NSWpropertyData\RawData\DAT\2026\20260406\098_SALES_DATA_NNME_06042026.DAT,2336,c91f11cd9b54f3aab5fc522807173e53b65bbb96c52dafcd6b05bf0451b8651a
2026,2026-04-06,100_SALES_DATA_NNME_06042026.DAT,C:\Users\jonat\PycharmProjects\NSWpropertyData\RawData\DAT\2026\20260406\100_SALES_DATA_NNME_06042026.DAT,14351,e4f1ae6a470307d8043daad62473ccbd13fcc555cfe06a569daccb455a2542f2
2026,2026-04-06,101_SALES_DATA_NNME_06042026.DAT,C:\Users\jonat\PycharmProjects\NSWpropertyData\RawData\DAT\2026\20260406\101_SALES_DATA_NNME_06042026.DAT,31173,6c3d944a5da9f00eba0f0d18891593ea7d7b102a762ebaefaa895278fd90e86d
2026,2026-04-06,102_SALES_DATA_NNME_06042026.DAT,C:\Users\jonat\PycharmProjects\NSWpropertyData\RawData\DAT\2026\20260406\102_SALES_DATA_NNME_06042026.DAT,10003,e4f24914976f6f2fa45b6685bfd412e7509e5a6bb75a8e5d1a053be51927f6cf
2026,2026-04-06,103_SALES_DATA_NNME_06042026.DAT,C:\Users\jonat\PycharmProjects\NSWpropertyData\RawData\DAT\2026\20260406\103_SALES_DATA_NNME_06042026.DAT,35802,584c1ddb391ed32327788563ba962196acb562bac5a45f5283d25475fb4731e8
2026,2026-04-06,109_SALES_DATA_NNME_06042026.DAT,C:\Users\jonat\PycharmProjects\NSWpropertyData\RawData\DAT\2026\20260406\109_SALES_DATA_NNME_06042026.DAT,2933,1c143f0df5b5fc6278377a0faf693609eaff33135a5c7d3be1e31a91f6cfaa20
2026,2026-04-06,116_SALES_DATA_NNME_06042026.DAT,C:\Users\jonat\PycharmProjects\NSWpropertyData\RawData\DAT\2026\20260406\116_SALES_DATA_NNME_06042026.DAT,5310,f6833d0b38e9eb6be5146123ae30922e176877428023f85c77819812dfa3ffe1
2026,2026-04-06,117_SALES_DATA_NNME_06042026.DAT,C:\Users\jonat\PycharmProjects\NSWpropertyData\RawData\DAT\2026\20260406\117_SALES_DATA_NNME_06042026.DAT,2782,99361fe638b3d984f0e0f390cb61718a907a026abe8045512335b165b12f62f9
2026,2026-04-06,118_SALES_DATA_NNME_06042026.DAT,C:\Users\jonat\PycharmProjects\NSWpropertyData\RawData\DAT\2026\20260406\118_SALES_DATA_NNME_06042026.DAT,1546,9afa87218970921fcf703ddc1d7c73445fa48745aa3d457e4da862ca64713950
2026,2026-04-06,123_SALES_DATA_NNME_06042026.DAT,C:\Users\jonat\PycharmProjects\NSWpropertyData\RawData\DAT\2026\20260406\123_SALES_DATA_NNME_06042026.DAT,1592,9eb4581e661fedecc19cd1da0e22315ceec0013634223783ac2231e15d9ec4ef
2026,2026-04-06,124_SALES_DATA_NNME_06042026.DAT,C:\Users\jonat\PycharmProjects\NSWpropertyData\RawData\DAT\2026\20260406\124_SALES_DATA_NNME_06042026.DAT,8629,02e2190787c4d0aee0413b9cf625e6f88d9276cdeedc636a8bbaa5216a0844f1
2026,2026-04-06,137_SALES_DATA_NNME_06042026.DAT,C:\Users\jonat\PycharmProjects\NSWpropertyData\RawData\DAT\2026\20260406\137_SALES_DATA_NNME_06042026.DAT,2533,19eca60fd5c76135b06c2d378ecab5bc6612875f17bf26538c78ff58051dbada
2026,2026-04-06,139_SALES_DATA_NNME_06042026.DAT,C:\Users\jonat\PycharmProjects\NSWpropertyData\RawData\DAT\2026\20260406\139_SALES_DATA_NNME_06042026.DAT,12080,74a5260bbddcc242b1d1c71be77bfdf03f000261589d120a6c247675100f2fd4
2026,2026-04-06,143_SALES_DATA_NNME_06042026.DAT,C:\Users\jonat\PycharmProjects\NSWpropertyData\RawData\DAT\2026\20260406\143_SALES_DATA_NNME_06042026.DAT,6908,492f4e96a79863fde556ba6f3725a16fedcbf26979019ec3064c045f041e0213
2026,2026-04-06,144_SALES_DATA_NNME_06042026.DAT,C:\Users\jonat\PycharmProjects\NSWpropertyData\RawData\DAT\2026\20260406\144_SALES_DATA_NNME_06042026.DAT,30582,581ecd9c52cd07e3bbc1c6afde20428ec9fc483616cc9c871c5d0779ba96bfb2
2026,2026-04-06,148_SALES_DATA_NNME_06042026.DAT,C:\Users\jonat\PycharmProjects\NSWpropertyData\RawData\DAT\2026\20260406\148_SALES_DATA_NNME_06042026.DAT,8067,e6699f38822a3533e04cd79c4c9f59abbb74195bc79d5b27bc6a05ce3eaca6c7
2026,2026-04-06,149_SALES_DATA_NNME_06042026.DAT,C:\Users\jonat\PycharmProjects\NSWpropertyData\RawData\DAT\2026\20260406\149_SALES_DATA_NNME_06042026.DAT,4051,6901ac4d6d0509c8e7abb5a3e3f199707a1a1fa6ea54e3d71735a0cfa54705cd
2026,2026-04-06,150_SALES_DATA_NNME_06042026.DAT,C:\Users\jonat\PycharmProjects\NSWpropertyData\RawData\DAT\2026\20260406\150_SALES_DATA_NNME_06042026.DAT,6162,93a5c0e4303b1723b2569f0ffdabd75eecee6296740083a59276a8f02bc58097
2026,2026-04-06,151_SALES_DATA_NNME_06042026.DAT,C:\Users\jonat\PycharmProjects\NSWpropertyData\RawData\DAT\2026\20260406\151_SALES_DATA_NNME_06042026.DAT,8080,0897674a8f516864b656b8026f3dfec829ba6b57524cc96dbf80b2da30f99f33
2026,2026-04-06,152_SALES_DATA_NNME_06042026.DAT,C:\Users\jonat\PycharmProjects\NSWpropertyData\RawData\DAT\2026\20260406\152_SALES_DATA_NNME_06042026.DAT,13498,db2767e81f7de661a9e58e86fd53bb4a6ade1fae5dc27679ae7084f2c9fd52b2
2026,2026-04-06,157_SALES_DATA_NNME_06042026.DAT,C:\Users\jonat\PycharmProjects\NSWpropertyData\RawData\DAT\2026\20260406\157_SALES_DATA_NNME_06042026.DAT,4529,0d3577d67c5bb5624bd5bf92be2ab2445ea84499a3428c93b0909b2c12115f47
2026,2026-04-06,158_SALES_DATA_NNME_06042026.DAT,C:\Users\jonat\PycharmProjects\NSWpropertyData\RawData\DAT\2026\20260406\158_SALES_DATA_NNME_06042026.DAT,1207,37c85fa07ba7ef9bcc5a6f6ba0cdd0746cb669d4a0d2c3678146874b1ff49ac2
2026,2026-04-06,159_SALES_DATA_NNME_06042026.DAT,C:\Users\jonat\PycharmProjects\NSWpropertyData\RawData\DAT\2026\20260406\159_SALES_DATA_NNME_06042026.DAT,10855,9c33993cb5eb7d692d9a8605710fd3b7548f1c9cfd77dbcd1be677a274de2708
2026,2026-04-06,164_SALES_DATA_NNME_06042026.DAT,C:\Users\jonat\PycharmProjects\NSWpropertyData\RawData\DAT\2026\20260406\164_SALES_DATA_NNME_06042026.DAT,5292,aafcb8528e5c0782b62bcd5d0c2e56929b684c34c3dcfe0c4ec39dba8f804ccb
2026,2026-04-06,171_SALES_DATA_NNME_06042026.DAT,C:\Users\jonat\PycharmProjects\NSWpropertyData\RawData\DAT\2026\20260406\171_SALES_DATA_NNME_06042026.DAT,19359,500ca2ca8283911d2b95524216147f584f32ce40125903e13fc87938c99395b4
2026,2026-04-06,187_SALES_DATA_NNME_06042026.DAT,C:\Users\jonat\PycharmProjects\NSWpropertyData\RawData\DAT\2026\20260406\187_SALES_DATA_NNME_06042026.DAT,2415,7e6c04567a483bdb5665d437f4329668bd7a5c0df5540d3928ed8090dd1d24ce
2026,2026-04-06,188_SALES_DATA_NNME_06042026.DAT,C:\Users\jonat\PycharmProjects\NSWpropertyData\RawData\DAT\2026\20260406\188_SALES_DATA_NNME_06042026.DAT,2773,eddd7dac2052ac4cab94b608f3cb0d12953d832cc3461ee66ff97f8811af45d9
2026,2026-04-06,192_SALES_DATA_NNME_06042026.DAT,C:\Users\jonat\PycharmProjects\NSWpropertyData\RawData\DAT\2026\20260406\192_SALES_DATA_NNME_06042026.DAT,4254,0a7643e41a0c919d96e5e761f49afaebdf65354e15cc75bd21616a52216145a8
2026,2026-04-06,199_SALES_DATA_NNME_06042026.DAT,C:\Users\jonat\PycharmProjects\NSWpropertyData\RawData\DAT\2026\20260406\199_SALES_DATA_NNME_06042026.DAT,1559,b52b77aaf140ae0269fd6eee7138962e516b996ac4db8f02917d74c6a87eaf9d
2026,2026-04-06,207_SALES_DATA_NNME_06042026.DAT,C:\Users\jonat\PycharmProjects\NSWpropertyData\RawData\DAT\2026\20260406\207_SALES_DATA_NNME_06042026.DAT,14476,ed155f8e76fecd846c3538a8a8f9ad5439ad05d51675ef8c048f36da41748046
2026,2026-04-06,209_SALES_DATA_NNME_06042026.DAT,C:\Users\jonat\PycharmProjects\NSWpropertyData\RawData\DAT\2026\20260406\209_SALES_DATA_NNME_06042026.DAT,14875,4cee7c511d5975a8b48adf829098446318affda09402b37e74861dac2701d063
2026,2026-04-06,210_SALES_DATA_NNME_06042026.DAT,C:\Users\jonat\PycharmProjects\NSWpropertyData\RawData\DAT\2026\20260406\210_SALES_DATA_NNME_06042026.DAT,10684,dc29ab92795836f09d35c1a8ed66b4ac37f92871f4f4106f1df2936e4b1c823f
2026,2026-04-06,214_SALES_DATA_NNME_06042026.DAT,C:\Users\jonat\PycharmProjects\NSWpropertyData\RawData\DAT\2026\20260406\214_SALES_DATA_NNME_06042026.DAT,52954,c1ed5f125b0e9fcae07a02881d11c41e1a41bf480a503a5649bc17e2b39e85aa
2026,2026-04-06,216_SALES_DATA_NNME_06042026.DAT,C:\Users\jonat\PycharmProjects\NSWpropertyData\RawData\DAT\2026\20260406\216_SALES_DATA_NNME_06042026.DAT,14374,63464e0be7d09ac73ced25908d890a64d9ef99b7328cc3541b401da7e9db6b8e
2026,2026-04-06,217_SALES_DATA_NNME_06042026.DAT,C:\Users\jonat\PycharmProjects\NSWpropertyData\RawData\DAT\2026\20260406\217_SALES_DATA_NNME_06042026.DAT,47315,e6214b978639cbe50b8db86ab8eed756c0fcffc12365db2e122c8eb54e2155f7
2026,2026-04-06,218_SALES_DATA_NNME_06042026.DAT,C:\Users\jonat\PycharmProjects\NSWpropertyData\RawData\DAT\2026\20260406\218_SALES_DATA_NNME_06042026.DAT,20207,870fe65972498e5e2d19589cfad64deeb90a12b50e21d5bf83be655bca57ebbc
2026,2026-04-06,219_SALES_DATA_NNME_06042026.DAT,C:\Users\jonat\PycharmProjects\NSWpropertyData\RawData\DAT\2026\20260406\219_SALES_DATA_NNME_06042026.DAT,12304,2195a59e8baa4dfe7b4b267c8565158eedfe0d11c966527922a3209fe15a2c74
2026,2026-04-06,220_SALES_DATA_NNME_06042026.DAT,C:\Users\jonat\PycharmProjects\NSWpropertyData\RawData\DAT\2026\20260406\220_SALES_DATA_NNME_06042026.DAT,16578,2d9758b9a258bf96b0a77d4244e1ae88e4d3112ce3e20cabcbcfe1207d4221ab
2026,2026-04-06,222_SALES_DATA_NNME_06042026.DAT,C:\Users\jonat\PycharmProjects\NSWpropertyData\RawData\DAT\2026\20260406\222_SALES_DATA_NNME_06042026.DAT,4561,de282073bc8f720287ff943f2bb8bff6b31a43f86b033c69bec3f1cb8d0e67e0
2026,2026-04-06,223_SALES_DATA_NNME_06042026.DAT,C:\Users\jonat\PycharmProjects\NSWpropertyData\RawData\DAT\2026\20260406\223_SALES_DATA_NNME_06042026.DAT,21613,0d8a6806cb5724ae78a89b9b1137278470ae75e7d7093c54d531375478314444
2026,2026-04-06,224_SALES_DATA_NNME_06042026.DAT,C:\Users\jonat\PycharmProjects\NSWpropertyData\RawData\DAT\2026\20260406\224_SALES_DATA_NNME_06042026.DAT,31090,b76d7b48c96747537cb40561bc56cfa736f4f2652178fe7ca65749415ab6f328
2026,2026-04-06,226_SALES_DATA_NNME_06042026.DAT,C:\Users\jonat\PycharmProjects\NSWpropertyData\RawData\DAT\2026\20260406\226_SALES_DATA_NNME_06042026.DAT,21623,c5ababc4557a4da8c569f2d93251d14e74749379b1bb48cc20e9b931b85e1519
2026,2026-04-06,230_SALES_DATA_NNME_06042026.DAT,C:\Users\jonat\PycharmProjects\NSWpropertyData\RawData\DAT\2026\20260406\230_SALES_DATA_NNME_06042026.DAT,940,baafa9ae593051342e11b87873ebbe3f7f7f90c9862e792dc7465bf248d3634c
2026,2026-04-06,231_SALES_DATA_NNME_06042026.DAT,C:\Users\jonat\PycharmProjects\NSWpropertyData\RawData\DAT\2026\20260406\231_SALES_DATA_NNME_06042026.DAT,1396,c4f3a3bee01ffb6fda57ffdcf134416548f50dfa6857b8ac3a4bb59e108b05bd
2026,2026-04-06,232_SALES_DATA_NNME_06042026.DAT,C:\Users\jonat\PycharmProjects\NSWpropertyData\RawData\DAT\2026\20260406\232_SALES_DATA_NNME_06042026.DAT,538,9c21ae691c70b5b3163804bdae0987f2a6362945845678c7e83210a1c71a8826
2026,2026-04-06,234_SALES_DATA_NNME_06042026.DAT,C:\Users\jonat\PycharmProjects\NSWpropertyData\RawData\DAT\2026\20260406\234_SALES_DATA_NNME_06042026.DAT,4534,eaf072d540db6798448f55ca25d4c0f2aa1a94c361b2178ffbefa3be9c0bd51a
2026,2026-04-06,235_SALES_DATA_NNME_06042026.DAT,C:\Users\jonat\PycharmProjects\NSWpropertyData\RawData\DAT\2026\20260406\235_SALES_DATA_NNME_06042026.DAT,362,c94cbcb26b6d3dbf4fe35cc123e608c72eae57c66d6f9fb9ab840d11122ed925
2026,2026-04-06,236_SALES_DATA_NNME_06042026.DAT,C:\Users\jonat\PycharmProjects\NSWpropertyData\RawData\DAT\2026\20260406\236_SALES_DATA_NNME_06042026.DAT,1395,6ccecfb52b3f7562c9a1d60b10c454fc855601f19653ad793de436611d99a5df
2026,2026-04-06,238_SALES_DATA_NNME_06042026.DAT,C:\Users\jonat\PycharmProjects\NSWpropertyData\RawData\DAT\2026\20260406\238_SALES_DATA_NNME_06042026.DAT,1060,5a07858b8d0af73954cf3e6269f2839c3ff9b36427df2013a4e71003a4147b6f
2026,2026-04-06,239_SALES_DATA_NNME_06042026.DAT,C:\Users\jonat\PycharmProjects\NSWpropertyData\RawData\DAT\2026\20260406\239_SALES_DATA_NNME_06042026.DAT,655,07d69c398e6a1140a1ad989669e86c824abc68e178cd5eece22136dd36863619
2026,2026-04-06,240_SALES_DATA_NNME_06042026.DAT,C:\Users\jonat\PycharmProjects\NSWpropertyData\RawData\DAT\2026\20260406\240_SALES_DATA_NNME_06042026.DAT,1312,7ac2c6ed4a1c5da9c4ecd2fcbed519d2e2e7111ae9b24553fab0bbb314369843
2026,2026-04-06,243_SALES_DATA_NNME_06042026.DAT,C:\Users\jonat\PycharmProjects\NSWpropertyData\RawData\DAT\2026\20260406\243_SALES_DATA_NNME_06042026.DAT,291,b4603e81ff5e66f037969bdb0c7b65c382f85a39319f47042ad9aec004e53c8c
2026,2026-04-06,244_SALES_DATA_NNME_06042026.DAT,C:\Users\jonat\PycharmProjects\NSWpropertyData\RawData\DAT\2026\20260406\244_SALES_DATA_NNME_06042026.DAT,669,352c331a173f985b96a3f4de14feb7dca3076c9b48a7ebc5f8becfcf224a8e99
2026,2026-04-06,247_SALES_DATA_NNME_06042026.DAT,C:\Users\jonat\PycharmProjects\NSWpropertyData\RawData\DAT\2026\20260406\247_SALES_DATA_NNME_06042026.DAT,1723,9ac7042f3b3aa68b9bc8f99cafe97865661cf9c92e4c29e028eec531658b6aea
2026,2026-04-06,250_SALES_DATA_NNME_06042026.DAT,C:\Users\jonat\PycharmProjects\NSWpropertyData\RawData\DAT\2026\20260406\250_SALES_DATA_NNME_06042026.DAT,2608,fa8cb220ff57eb4b3860cc8f75dbf6aaff7646a4129cc0ed572e7ae88f30d0f9
2026,2026-04-06,251_SALES_DATA_NNME_06042026.DAT,C:\Users\jonat\PycharmProjects\NSWpropertyData\RawData\DAT\2026\20260406\251_SALES_DATA_NNME_06042026.DAT,3154,c0f1de27b900a6e1fa5981e2785c91aadcd0e576d754d4b576134069359af74a
2026,2026-04-06,253_SALES_DATA_NNME_06042026.DAT,C:\Users\jonat\PycharmProjects\NSWpropertyData\RawData\DAT\2026\20260406\253_SALES_DATA_NNME_06042026.DAT,618,8c1e40f0525e14532e3ba77c8a7ec40d2b50b4927881dbe240b3dfe6a8469894
2026,2026-04-06,254_SALES_DATA_NNME_06042026.DAT,C:\Users\jonat\PycharmProjects\NSWpropertyData\RawData\DAT\2026\20260406\254_SALES_DATA_NNME_06042026.DAT,295,bb4e12d81a8145e41ad0a23c1bc54625477bd488baef43b265e9b158ad9aaec6
2026,2026-04-06,255_SALES_DATA_NNME_06042026.DAT,C:\Users\jonat\PycharmProjects\NSWpropertyData\RawData\DAT\2026\20260406\255_SALES_DATA_NNME_06042026.DAT,2188,fdc5f34fa89d54cb9ffe4c5b109d06f56879d8afd31c1fddc8cdc65ceeef2ab3
2026,2026-04-06,257_SALES_DATA_NNME_06042026.DAT,C:\Users\jonat\PycharmProjects\NSWpropertyData\RawData\DAT\2026\20260406\257_SALES_DATA_NNME_06042026.DAT,4056,361f26cfc138caaca1fd6f878604eef2fd08f1264152d2f1a439d1200d534df5
2026,2026-04-06,258_SALES_DATA_NNME_06042026.DAT,C:\Users\jonat\PycharmProjects\NSWpropertyData\RawData\DAT\2026\20260406\258_SALES_DATA_NNME_06042026.DAT,26662,5a11ecc47d2c3ff6fb5c55290e7e0c1fd38d72fe2af413f4922a75c7ad7c5adf
2026,2026-04-06,259_SALES_DATA_NNME_06042026.DAT,C:\Users\jonat\PycharmProjects\NSWpropertyData\RawData\DAT\2026\20260406\259_SALES_DATA_NNME_06042026.DAT,55971,4e4cb4a0bcd11ef049708fc010291bea060018eb0ec5be928882df34547a0315
2026,2026-04-06,260_SALES_DATA_NNME_06042026.DAT,C:\Users\jonat\PycharmProjects\NSWpropertyData\RawData\DAT\2026\20260406\260_SALES_DATA_NNME_06042026.DAT,38394,d85cca25e3fcfec2b62467376743f8443d01bda449a973721981b70ae49e21e3
2026,2026-04-06,261_SALES_DATA_NNME_06042026.DAT,C:\Users\jonat\PycharmProjects\NSWpropertyData\RawData\DAT\2026\20260406\261_SALES_DATA_NNME_06042026.DAT,22937,f4b793b3694538a9adf7a7806eee0e3396a452999b1052f6247a8a2804a7d517
2026,2026-04-06,262_SALES_DATA_NNME_06042026.DAT,C:\Users\jonat\PycharmProjects\NSWpropertyData\RawData\DAT\2026\20260406\262_SALES_DATA_NNME_06042026.DAT,2104,1dba68747c125e837751e47e827e9b92be3254cbdddcd8ac8aaba5d35f55130d
2026,2026-04-06,263_SALES_DATA_NNME_06042026.DAT,C:\Users\jonat\PycharmProjects\NSWpropertyData\RawData\DAT\2026\20260406\263_SALES_DATA_NNME_06042026.DAT,4924,59068e6eb8307a5bfccc5d05a2932616b094213adad5d46147ff92fbf20d6e1c
2026,2026-04-06,264_SALES_DATA_NNME_06042026.DAT,C:\Users\jonat\PycharmProjects\NSWpropertyData\RawData\DAT\2026\20260406\264_SALES_DATA_NNME_06042026.DAT,19443,259c7de16ffe6ed940e4f5402eb8a4a644c4a15f4ccdc5e56e8df4519cb529db
2026,2026-04-06,265_SALES_DATA_NNME_06042026.DAT,C:\Users\jonat\PycharmProjects\NSWpropertyData\RawData\DAT\2026\20260406\265_SALES_DATA_NNME_06042026.DAT,1982,743e3893cc0e9b6e6eb83e4a17577bf79d692ca8c9e881d1ffb4bf69287b0f7a
2026,2026-04-06,266_SALES_DATA_NNME_06042026.DAT,C:\Users\jonat\PycharmProjects\NSWpropertyData\RawData\DAT\2026\20260406\266_SALES_DATA_NNME_06042026.DAT,6042,8a1bd9b0b7e8dc6150ef1e65a04c7727a6f1a67c81625e5afe0ae534e5a508ff
2026,2026-04-06,267_SALES_DATA_NNME_06042026.DAT,C:\Users\jonat\PycharmProjects\NSWpropertyData\RawData\DAT\2026\20260406\267_SALES_DATA_NNME_06042026.DAT,25879,9a9b53c3974b0b3ad2d15d78ba1bb012e9cfaf2937a6904c681433e28d5c0af4
2026,2026-04-06,268_SALES_DATA_NNME_06042026.DAT,C:\Users\jonat\PycharmProjects\NSWpropertyData\RawData\DAT\2026\20260406\268_SALES_DATA_NNME_06042026.DAT,33082,689d0267c91eee685c330876ef3cf0bf13600ec2def9be4c3494c655eeca5bec
2026,2026-04-06,269_SALES_DATA_NNME_06042026.DAT,C:\Users\jonat\PycharmProjects\NSWpropertyData\RawData\DAT\2026\20260406\269_SALES_DATA_NNME_06042026.DAT,4154,87fc00bd7fbc2b7b39e722e0a36484370673ac2b9f74130a9d54f08c95120861
2026,2026-04-06,270_SALES_DATA_NNME_06042026.DAT,C:\Users\jonat\PycharmProjects\NSWpropertyData\RawData\DAT\2026\20260406\270_SALES_DATA_NNME_06042026.DAT,936,cba3253a1579e7b00f48011f321b55c373bcf08ab0875886d8f36d8d4016ae8d
2026,2026-04-06,271_SALES_DATA_NNME_06042026.DAT,C:\Users\jonat\PycharmProjects\NSWpropertyData\RawData\DAT\2026\20260406\271_SALES_DATA_NNME_06042026.DAT,39355,3017a2dbdb833be371524a5f84cb2ca27069fe7f93385bfbab4bcb861e8d4539
2026,2026-04-06,272_SALES_DATA_NNME_06042026.DAT,C:\Users\jonat\PycharmProjects\NSWpropertyData\RawData\DAT\2026\20260406\272_SALES_DATA_NNME_06042026.DAT,15309,5889fb6494bcc8fde8a6742c9d6e8c7094e11f5f18920e7656bc4876c018517d
2026,2026-04-06,273_SALES_DATA_NNME_06042026.DAT,C:\Users\jonat\PycharmProjects\NSWpropertyData\RawData\DAT\2026\20260406\273_SALES_DATA_NNME_06042026.DAT,6153,18a92ac77c600b341afbc95e9a7c6ce260f79be34eac318ace958b92cbc46656
2026,2026-04-06,274_SALES_DATA_NNME_06042026.DAT,C:\Users\jonat\PycharmProjects\NSWpropertyData\RawData\DAT\2026\20260406\274_SALES_DATA_NNME_06042026.DAT,3105,78c8111b488ccbd72ef58ed64a95f99bff23f8c1788ab1b82962629a55846e65
2026,2026-04-06,275_SALES_DATA_NNME_06042026.DAT,C:\Users\jonat\PycharmProjects\NSWpropertyData\RawData\DAT\2026\20260406\275_SALES_DATA_NNME_06042026.DAT,14332,17e2a6285fe062b3eeeea8d8668ca1cf5ab3ab37b35af3f653340f41f6d046cc
2026,2026-04-06,276_SALES_DATA_NNME_06042026.DAT,C:\Users\jonat\PycharmProjects\NSWpropertyData\RawData\DAT\2026\20260406\276_SALES_DATA_NNME_06042026.DAT,28681,4304f7b7760402b15b2a464f4db4dbaa7704cdb2f7cd99e8e48fba2b320dae11
2026,2026-04-06,300_SALES_DATA_NNME_06042026.DAT,C:\Users\jonat\PycharmProjects\NSWpropertyData\RawData\DAT\2026\20260406\300_SALES_DATA_NNME_06042026.DAT,2059,527b20b575b20e96ec9b7542deeac48789eb607d7b7ee5cb2a85a7ac5f6577fd
2026,2026-04-06,301_SALES_DATA_NNME_06042026.DAT,C:\Users\jonat\PycharmProjects\NSWpropertyData\RawData\DAT\2026\20260406\301_SALES_DATA_NNME_06042026.DAT,1458,5a17dbb48c38009d8c24a2c600cfbc1bfa47cf8c1643b4a98ef54e3b68e24914
2026,2026-04-06,302_SALES_DATA_NNME_06042026.DAT,C:\Users\jonat\PycharmProjects\NSWpropertyData\RawData\DAT\2026\20260406\302_SALES_DATA_NNME_06042026.DAT,1922,576c3ead069eace1c07c4821189a84ce138bd86d8ede40ea091c81fba17bc672
2026,2026-04-06,303_SALES_DATA_NNME_06042026.DAT,C:\Users\jonat\PycharmProjects\NSWpropertyData\RawData\DAT\2026\20260406\303_SALES_DATA_NNME_06042026.DAT,14232,398d94bafa6f5f2b4faba55911f0748f5bafe13a8a9387e5e6ffa8911c155c96
2026,2026-04-06,511_SALES_DATA_NNME_06042026.DAT,C:\Users\jonat\PycharmProjects\NSWpropertyData\RawData\DAT\2026\20260406\511_SALES_DATA_NNME_06042026.DAT,4455,a87511ad10463baa6ed11277cee91274ff4f51c9852ff930aa8c38f8c0b4f897
2026,2026-04-06,526_SALES_DATA_NNME_06042026.DAT,C:\Users\jonat\PycharmProjects\NSWpropertyData\RawData\DAT\2026\20260406\526_SALES_DATA_NNME_06042026.DAT,1820,2e586066affb2d983562f3df644430d42cebda14b9facb6d0632b1aee4949ed7
2026,2026-04-06,528_SALES_DATA_NNME_06042026.DAT,C:\Users\jonat\PycharmProjects\NSWpropertyData\RawData\DAT\2026\20260406\528_SALES_DATA_NNME_06042026.DAT,5268,fa23c568c3faefdda1984b4baa05253f583e5c8d87dfee2ced257bc3a9905656
2026,2026-04-06,529_SALES_DATA_NNME_06042026.DAT,C:\Users\jonat\PycharmProjects\NSWpropertyData\RawData\DAT\2026\20260406\529_SALES_DATA_NNME_06042026.DAT,7857,135cdfb45021f029bebfd54eaf1296645a6eaf6b732673075247b9def53efec4
2026,2026-04-06,537_SALES_DATA_NNME_06042026.DAT,C:\Users\jonat\PycharmProjects\NSWpropertyData\RawData\DAT\2026\20260406\537_SALES_DATA_NNME_06042026.DAT,3741,d8dd26b19dc27f6ed9205ea51338036019fa9e519c0a298c9a55629d7a7b6ebd
2026,2026-04-06,538_SALES_DATA_NNME_06042026.DAT,C:\Users\jonat\PycharmProjects\NSWpropertyData\RawData\DAT\2026\20260406\538_SALES_DATA_NNME_06042026.DAT,1515,fb258e0c1c27bbbd67ad4d9ba8effc9f9f3d7e8fa6fe3192b5800e4749d9cf42
2026,2026-04-06,560_SALES_DATA_NNME_06042026.DAT,C:\Users\jonat\PycharmProjects\NSWpropertyData\RawData\DAT\2026\20260406\560_SALES_DATA_NNME_06042026.DAT,2317,56198d1552369e0fd71290fbe38d6b1397fe025e486d10b03eb5f5e0a45f38bb
2026,2026-04-06,575_SALES_DATA_NNME_06042026.DAT,C:\Users\jonat\PycharmProjects\NSWpropertyData\RawData\DAT\2026\20260406\575_SALES_DATA_NNME_06042026.DAT,16008,db8d23593f66b0c2bc092d6596632b0ff0e73102666b49d9a427ce9e870506c6
2026,2026-04-06,608_SALES_DATA_NNME_06042026.DAT,C:\Users\jonat\PycharmProjects\NSWpropertyData\RawData\DAT\2026\20260406\608_SALES_DATA_NNME_06042026.DAT,9362,56f9089f73ad6312905806d01c1b0ea6471c325a7ae34e6fa42d5585eca4940d
2026,2026-04-06,620_SALES_DATA_NNME_06042026.DAT,C:\Users\jonat\PycharmProjects\NSWpropertyData\RawData\DAT\2026\20260406\620_SALES_DATA_NNME_06042026.DAT,7406,0d309e261ef31805e0cfb9114a67f6d553940c9fc67fd0faa6f72133f12c6a8f
2026,2026-04-06,656_SALES_DATA_NNME_06042026.DAT,C:\Users\jonat\PycharmProjects\NSWpropertyData\RawData\DAT\2026\20260406\656_SALES_DATA_NNME_06042026.DAT,20661,6f47b45768e2e536b9a64fc1c7d8a68c9760f328cba9a3f51244134906a7e495
2026,2026-04-06,666_SALES_DATA_NNME_06042026.DAT,C:\Users\jonat\PycharmProjects\NSWpropertyData\RawData\DAT\2026\20260406\666_SALES_DATA_NNME_06042026.DAT,18821,d4e7ab0037654086f77470736307eeee8307b2e1f63a45ab9ebb5b53092497f8
2026,2026-04-06,708_SALES_DATA_NNME_06042026.DAT,C:\Users\jonat\PycharmProjects\NSWpropertyData\RawData\DAT\2026\20260406\708_SALES_DATA_NNME_06042026.DAT,47370,69e2aad6bca2279574a56715667a4d8f47fde53b06d7f10bff3b796ca015a6e7
2026,2026-04-13,001_SALES_DATA_NNME_13042026.DAT,C:\Users\jonat\PycharmProjects\NSWpropertyData\RawData\DAT\2026\20260413\001_SALES_DATA_NNME_13042026.DAT,10574,586ed52d8b6c4cbc1ef5d4e9c502c9a3e9a09ef2b22705adc6dd0fb8904e55cb
2026,2026-04-13,002_SALES_DATA_NNME_13042026.DAT,C:\Users\jonat\PycharmProjects\NSWpropertyData\RawData\DAT\2026\20260413\002_SALES_DATA_NNME_13042026.DAT,1575,eb1bd62c1b49456060c36b8cd5443faa874ecda58cde623e3c51fc490b6ee11e
2026,2026-04-13,004_SALES_DATA_NNME_13042026.DAT,C:\Users\jonat\PycharmProjects\NSWpropertyData\RawData\DAT\2026\20260413\004_SALES_DATA_NNME_13042026.DAT,21623,659c5008615e6d2876ea759ea5da697fd3d768bff8ab466d2a99bada49562b9c
2026,2026-04-13,005_SALES_DATA_NNME_13042026.DAT,C:\Users\jonat\PycharmProjects\NSWpropertyData\RawData\DAT\2026\20260413\005_SALES_DATA_NNME_13042026.DAT,26150,7c7e47274c550b60e4262e13b36f108a70f10d40eae9a94e7d7cb9f27a9fb3cc
2026,2026-04-13,007_SALES_DATA_NNME_13042026.DAT,C:\Users\jonat\PycharmProjects\NSWpropertyData\RawData\DAT\2026\20260413\007_SALES_DATA_NNME_13042026.DAT,1406,20a84bc714ab63ce044b0cdda4a09815bd942644bd85e49c40bfa360f994904a
2026,2026-04-13,008_SALES_DATA_NNME_13042026.DAT,C:\Users\jonat\PycharmProjects\NSWpropertyData\RawData\DAT\2026\20260413\008_SALES_DATA_NNME_13042026.DAT,17072,4ebeb956e1e7fabdf4b24469a9abe7bf2bb89f6a63df71039652fdf4560cf764
2026,2026-04-13,010_SALES_DATA_NNME_13042026.DAT,C:\Users\jonat\PycharmProjects\NSWpropertyData\RawData\DAT\2026\20260413\010_SALES_DATA_NNME_13042026.DAT,6534,7f5365a6646aed60d3e7c3d37538f8b34b15648cf4f452f4027fff6c8b83a1c5
2026,2026-04-13,012_SALES_DATA_NNME_13042026.DAT,C:\Users\jonat\PycharmProjects\NSWpropertyData\RawData\DAT\2026\20260413\012_SALES_DATA_NNME_13042026.DAT,5404,e5122f63fb853eb8e2a9f81469cb18165665524f3eab80bb756d076c77417638
2026,2026-04-13,018_SALES_DATA_NNME_13042026.DAT,C:\Users\jonat\PycharmProjects\NSWpropertyData\RawData\DAT\2026\20260413\018_SALES_DATA_NNME_13042026.DAT,5094,7a56d68d245718af667e12b9e2b24a5b5b330b0fddaf90634450a36eafb2204d
2026,2026-04-13,042_SALES_DATA_NNME_13042026.DAT,C:\Users\jonat\PycharmProjects\NSWpropertyData\RawData\DAT\2026\20260413\042_SALES_DATA_NNME_13042026.DAT,905,0ddab6ae858f604cdf5e3f0eac44beae161b30f570a950639ba4220f5e259a2c
2026,2026-04-13,043_SALES_DATA_NNME_13042026.DAT,C:\Users\jonat\PycharmProjects\NSWpropertyData\RawData\DAT\2026\20260413\043_SALES_DATA_NNME_13042026.DAT,929,370553330742da0b19d64e1e60b0944b2fe04a6a33c2d1f63ec75a77e91980db
2026,2026-04-13,050_SALES_DATA_NNME_13042026.DAT,C:\Users\jonat\PycharmProjects\NSWpropertyData\RawData\DAT\2026\20260413\050_SALES_DATA_NNME_13042026.DAT,6288,8bb48d511cb46239c7abc165d9c99c6f557ccc33dade683a0dfc6fd435c1f033
2026,2026-04-13,051_SALES_DATA_NNME_13042026.DAT,C:\Users\jonat\PycharmProjects\NSWpropertyData\RawData\DAT\2026\20260413\051_SALES_DATA_NNME_13042026.DAT,807,cb9cd9236d849968b8b410bcba6c10d16539a9086d4c13a78cbfff63d18056a7
2026,2026-04-13,052_SALES_DATA_NNME_13042026.DAT,C:\Users\jonat\PycharmProjects\NSWpropertyData\RawData\DAT\2026\20260413\052_SALES_DATA_NNME_13042026.DAT,291,ab60895e334c21c00be6fb5cdabe739e8f6602087fd2ee0f1e3723617ea0c472
2026,2026-04-13,054_SALES_DATA_NNME_13042026.DAT,C:\Users\jonat\PycharmProjects\NSWpropertyData\RawData\DAT\2026\20260413\054_SALES_DATA_NNME_13042026.DAT,680,603760f7a0931339f6d5f98d27c4f251cfef10c39b4fff6c52488eeebbe56836
2026,2026-04-13,061_SALES_DATA_NNME_13042026.DAT,C:\Users\jonat\PycharmProjects\NSWpropertyData\RawData\DAT\2026\20260413\061_SALES_DATA_NNME_13042026.DAT,366,ad09fe502e13e3e93de8a537410d5d12d369c0893b70fdabdcf7c2281334364d
2026,2026-04-13,065_SALES_DATA_NNME_13042026.DAT,C:\Users\jonat\PycharmProjects\NSWpropertyData\RawData\DAT\2026\20260413\065_SALES_DATA_NNME_13042026.DAT,1734,cdefe55b734e9b2d020c1c4dc99d4eb716035b72bcf556c38c1d9ef35de63712
2026,2026-04-13,066_SALES_DATA_NNME_13042026.DAT,C:\Users\jonat\PycharmProjects\NSWpropertyData\RawData\DAT\2026\20260413\066_SALES_DATA_NNME_13042026.DAT,290,4d320ace9bde02fd0ae9072004a4f12f5d87eb4a7d911c2e858081dae2772509
2026,2026-04-13,070_SALES_DATA_NNME_13042026.DAT,C:\Users\jonat\PycharmProjects\NSWpropertyData\RawData\DAT\2026\20260413\070_SALES_DATA_NNME_13042026.DAT,1537,9e63565e7d8538859528723c335fdd7d75aea22ebe175e6d4860681957b79906
2026,2026-04-13,074_SALES_DATA_NNME_13042026.DAT,C:\Users\jonat\PycharmProjects\NSWpropertyData\RawData\DAT\2026\20260413\074_SALES_DATA_NNME_13042026.DAT,3629,1dec1030a8e5fd5c9815f402f16b5220779e688adf58ef993bd290ed094bd558
2026,2026-04-13,081_SALES_DATA_NNME_13042026.DAT,C:\Users\jonat\PycharmProjects\NSWpropertyData\RawData\DAT\2026\20260413\081_SALES_DATA_NNME_13042026.DAT,17211,7f1678320862d751c0519686fde93e2b4e98dcbb08c345eb4d97a5c2ec3d23ed
2026,2026-04-13,082_SALES_DATA_NNME_13042026.DAT,C:\Users\jonat\PycharmProjects\NSWpropertyData\RawData\DAT\2026\20260413\082_SALES_DATA_NNME_13042026.DAT,10209,446b8750bda9f472b294ce121450173defb7a30e21df79c8308151ea4964143c
2026,2026-04-13,083_SALES_DATA_NNME_13042026.DAT,C:\Users\jonat\PycharmProjects\NSWpropertyData\RawData\DAT\2026\20260413\083_SALES_DATA_NNME_13042026.DAT,655,83274c49e32871aa4120d2b284a10fc8a8041a7bb8640b9e427d9e03df1c6d36
2026,2026-04-13,084_SALES_DATA_NNME_13042026.DAT,C:\Users\jonat\PycharmProjects\NSWpropertyData\RawData\DAT\2026\20260413\084_SALES_DATA_NNME_13042026.DAT,6921,7c912c3223ce67e871ae77fcaf38d869411fd3530bcc1cd844d240e05d16ad67
2026,2026-04-13,085_SALES_DATA_NNME_13042026.DAT,C:\Users\jonat\PycharmProjects\NSWpropertyData\RawData\DAT\2026\20260413\085_SALES_DATA_NNME_13042026.DAT,4393,f3502fcd4ec75bc50a7315a60c56d56cf7334511eef0b443b379a214b8c5199c
2026,2026-04-13,087_SALES_DATA_NNME_13042026.DAT,C:\Users\jonat\PycharmProjects\NSWpropertyData\RawData\DAT\2026\20260413\087_SALES_DATA_NNME_13042026.DAT,2239,565971a4182df20cd6c7925f2aa7be93efa52ad68d56af6772aa5eaea3fafe69
2026,2026-04-13,088_SALES_DATA_NNME_13042026.DAT,C:\Users\jonat\PycharmProjects\NSWpropertyData\RawData\DAT\2026\20260413\088_SALES_DATA_NNME_13042026.DAT,8628,3641556478f5d866447253f2b8501116d0c276ee5186e7c49d2a4117db9eedb2
2026,2026-04-13,090_SALES_DATA_NNME_13042026.DAT,C:\Users\jonat\PycharmProjects\NSWpropertyData\RawData\DAT\2026\20260413\090_SALES_DATA_NNME_13042026.DAT,12766,3cb43c4508fd7d518330b2d7112c65350eaea9e7abe7133ec4299f5412cf25d6
2026,2026-04-13,092_SALES_DATA_NNME_13042026.DAT,C:\Users\jonat\PycharmProjects\NSWpropertyData\RawData\DAT\2026\20260413\092_SALES_DATA_NNME_13042026.DAT,5763,6abc6f9ded0a66d4dae848392eddf95abeb0c75dcb82db406fd193bd43d7f17a
2026,2026-04-13,097_SALES_DATA_NNME_13042026.DAT,C:\Users\jonat\PycharmProjects\NSWpropertyData\RawData\DAT\2026\20260413\097_SALES_DATA_NNME_13042026.DAT,3657,159081cbf6be7047155c6a0f7b337cba3df395e9e6c5e15256079110336e5a65
2026,2026-04-13,098_SALES_DATA_NNME_13042026.DAT,C:\Users\jonat\PycharmProjects\NSWpropertyData\RawData\DAT\2026\20260413\098_SALES_DATA_NNME_13042026.DAT,1712,1099f34ebf3d196ac690d1f0679c75b9274e97a99cf5a55f8db288f66c6593c8
2026,2026-04-13,100_SALES_DATA_NNME_13042026.DAT,C:\Users\jonat\PycharmProjects\NSWpropertyData\RawData\DAT\2026\20260413\100_SALES_DATA_NNME_13042026.DAT,7517,073bf54aeed71df102454fe9756f978a2dd8f0e9a3f11da88c1145e710f44224
2026,2026-04-13,101_SALES_DATA_NNME_13042026.DAT,C:\Users\jonat\PycharmProjects\NSWpropertyData\RawData\DAT\2026\20260413\101_SALES_DATA_NNME_13042026.DAT,15264,6d3a90e06b695464ebda7c63e4681686cfafa2ee55c1ddc29b4c22867101db52
2026,2026-04-13,102_SALES_DATA_NNME_13042026.DAT,C:\Users\jonat\PycharmProjects\NSWpropertyData\RawData\DAT\2026\20260413\102_SALES_DATA_NNME_13042026.DAT,5126,2a22358a8cbd38b2a089ae65a67fee175c385da91b31558cfad45e35f9f4fc7b
2026,2026-04-13,103_SALES_DATA_NNME_13042026.DAT,C:\Users\jonat\PycharmProjects\NSWpropertyData\RawData\DAT\2026\20260413\103_SALES_DATA_NNME_13042026.DAT,16596,25703915527bfb7a8461b8faed92cf39293aaad89d0eecf8eb4aedf8d3a1ca4f
2026,2026-04-13,109_SALES_DATA_NNME_13042026.DAT,C:\Users\jonat\PycharmProjects\NSWpropertyData\RawData\DAT\2026\20260413\109_SALES_DATA_NNME_13042026.DAT,704,2aea51eb5c9da57806793611aa853ddf21401edf1dfd58806d6de17db6993df7
2026,2026-04-13,116_SALES_DATA_NNME_13042026.DAT,C:\Users\jonat\PycharmProjects\NSWpropertyData\RawData\DAT\2026\20260413\116_SALES_DATA_NNME_13042026.DAT,1833,674461004df06ca3168d278747292aafb30fccd558fc35f4947b6d18ea6547bd
2026,2026-04-13,117_SALES_DATA_NNME_13042026.DAT,C:\Users\jonat\PycharmProjects\NSWpropertyData\RawData\DAT\2026\20260413\117_SALES_DATA_NNME_13042026.DAT,899,097130f34ac93215e29b65f2091a66c71d5b539eaec27368b3bbbeb9b979c827
2026,2026-04-13,118_SALES_DATA_NNME_13042026.DAT,C:\Users\jonat\PycharmProjects\NSWpropertyData\RawData\DAT\2026\20260413\118_SALES_DATA_NNME_13042026.DAT,1355,790f73bc54d95498f676598b9b4a4dcdeee392cb4fc8973a357d0c1d6de4087a
2026,2026-04-13,123_SALES_DATA_NNME_13042026.DAT,C:\Users\jonat\PycharmProjects\NSWpropertyData\RawData\DAT\2026\20260413\123_SALES_DATA_NNME_13042026.DAT,571,428a7f7442d74107f7c84fd33c3f1a0e4f4fba8880d6d41d0ded233e910534d7
2026,2026-04-13,124_SALES_DATA_NNME_13042026.DAT,C:\Users\jonat\PycharmProjects\NSWpropertyData\RawData\DAT\2026\20260413\124_SALES_DATA_NNME_13042026.DAT,4431,76263f1e64f203a86d4b88e61272f95d133d61f25c7076581f31855cdb65a066
2026,2026-04-13,137_SALES_DATA_NNME_13042026.DAT,C:\Users\jonat\PycharmProjects\NSWpropertyData\RawData\DAT\2026\20260413\137_SALES_DATA_NNME_13042026.DAT,2159,fb1a2e6ac476aaad413591f1412708e8550927547218dc81e99f62458489ceb5
2026,2026-04-13,139_SALES_DATA_NNME_13042026.DAT,C:\Users\jonat\PycharmProjects\NSWpropertyData\RawData\DAT\2026\20260413\139_SALES_DATA_NNME_13042026.DAT,5218,796cc0e575f0e42ebff495b313e6e1fc5b3f0fdbaf86b365533f98a53b2304d4
2026,2026-04-13,143_SALES_DATA_NNME_13042026.DAT,C:\Users\jonat\PycharmProjects\NSWpropertyData\RawData\DAT\2026\20260413\143_SALES_DATA_NNME_13042026.DAT,5065,84490eb0888bb6b511bdc5f4e8e352a437c8d8031c7e9c6fc5aaef71f47fe576
2026,2026-04-13,144_SALES_DATA_NNME_13042026.DAT,C:\Users\jonat\PycharmProjects\NSWpropertyData\RawData\DAT\2026\20260413\144_SALES_DATA_NNME_13042026.DAT,22291,6bf6f34f776fba12d5978d35ea7a48d4b64b6c8d675429d6d8cfd8ade8c52d2e
2026,2026-04-13,148_SALES_DATA_NNME_13042026.DAT,C:\Users\jonat\PycharmProjects\NSWpropertyData\RawData\DAT\2026\20260413\148_SALES_DATA_NNME_13042026.DAT,5321,4a451a841b41c4ae48470c1a36d1efc64344b0928c4b711c953acc5a3938cd9c
2026,2026-04-13,149_SALES_DATA_NNME_13042026.DAT,C:\Users\jonat\PycharmProjects\NSWpropertyData\RawData\DAT\2026\20260413\149_SALES_DATA_NNME_13042026.DAT,546,c115ac62ea642acf7049f0ba971d62a33b932e2dc13b6fbcc5c32714a2e182b8
2026,2026-04-13,150_SALES_DATA_NNME_13042026.DAT,C:\Users\jonat\PycharmProjects\NSWpropertyData\RawData\DAT\2026\20260413\150_SALES_DATA_NNME_13042026.DAT,2952,73a80d6f06d924947486ebe85398aa5b0d0a6057e9e28c18add54ffd81933f0d
2026,2026-04-13,151_SALES_DATA_NNME_13042026.DAT,C:\Users\jonat\PycharmProjects\NSWpropertyData\RawData\DAT\2026\20260413\151_SALES_DATA_NNME_13042026.DAT,3380,7bf0a35979688f75e80504d1efa567e603d4f85f6a08117236a211915b610844
2026,2026-04-13,152_SALES_DATA_NNME_13042026.DAT,C:\Users\jonat\PycharmProjects\NSWpropertyData\RawData\DAT\2026\20260413\152_SALES_DATA_NNME_13042026.DAT,8393,dcfd04a0f9cf75e1253a5b8c5a46fdae4c6cb3a063ec29d3f90597ddf47b886d
2026,2026-04-13,157_SALES_DATA_NNME_13042026.DAT,C:\Users\jonat\PycharmProjects\NSWpropertyData\RawData\DAT\2026\20260413\157_SALES_DATA_NNME_13042026.DAT,3147,763c67b1e4bc5952b6c218ca692e86a70eeb105e3f31fec66ce6237e80b2268d
2026,2026-04-13,159_SALES_DATA_NNME_13042026.DAT,C:\Users\jonat\PycharmProjects\NSWpropertyData\RawData\DAT\2026\20260413\159_SALES_DATA_NNME_13042026.DAT,9024,06447fae93a1547bc396c1d9c8645b6a447a828728cbf22e93ff8b28ddee39f3
2026,2026-04-13,164_SALES_DATA_NNME_13042026.DAT,C:\Users\jonat\PycharmProjects\NSWpropertyData\RawData\DAT\2026\20260413\164_SALES_DATA_NNME_13042026.DAT,2757,0eb3693afe70d67ea15e036664206bd6ae57dcb04207c42303ef071a83f04f56
2026,2026-04-13,171_SALES_DATA_NNME_13042026.DAT,C:\Users\jonat\PycharmProjects\NSWpropertyData\RawData\DAT\2026\20260413\171_SALES_DATA_NNME_13042026.DAT,12441,47fba0550202c7ce633f57f992f6f367e5b442d90fa22e3b1f8a5ad58dc33aaf
2026,2026-04-13,187_SALES_DATA_NNME_13042026.DAT,C:\Users\jonat\PycharmProjects\NSWpropertyData\RawData\DAT\2026\20260413\187_SALES_DATA_NNME_13042026.DAT,3261,5565df6e633d0d191bbdf2e6239c87df1c200fd8b98d666017d9daaba889547f
2026,2026-04-13,188_SALES_DATA_NNME_13042026.DAT,C:\Users\jonat\PycharmProjects\NSWpropertyData\RawData\DAT\2026\20260413\188_SALES_DATA_NNME_13042026.DAT,1456,a2c68802452cb3ffba602a952bb0c6d0018d4a60022461ec07cc29fd17c1e543
2026,2026-04-13,192_SALES_DATA_NNME_13042026.DAT,C:\Users\jonat\PycharmProjects\NSWpropertyData\RawData\DAT\2026\20260413\192_SALES_DATA_NNME_13042026.DAT,595,da144289f9e0268d5f1edb00a9f11cf0f7817141ed7d67bcbcdb40b2e93fb0d0
2026,2026-04-13,199_SALES_DATA_NNME_13042026.DAT,C:\Users\jonat\PycharmProjects\NSWpropertyData\RawData\DAT\2026\20260413\199_SALES_DATA_NNME_13042026.DAT,1214,7672aa6775c479e7af9f4e1c93c0ebb87d104dcf1987d32f0651c2b1d248c39d
2026,2026-04-13,207_SALES_DATA_NNME_13042026.DAT,C:\Users\jonat\PycharmProjects\NSWpropertyData\RawData\DAT\2026\20260413\207_SALES_DATA_NNME_13042026.DAT,10958,f6b69616729cd2fcca3c443e32ec86a3049e57f57a43797a539c696ff4a03068
2026,2026-04-13,209_SALES_DATA_NNME_13042026.DAT,C:\Users\jonat\PycharmProjects\NSWpropertyData\RawData\DAT\2026\20260413\209_SALES_DATA_NNME_13042026.DAT,5788,736b7a3a2e6aef81f40e38880ba8005c09925aa17190a47af1f1194cf68146dc
2026,2026-04-13,210_SALES_DATA_NNME_13042026.DAT,C:\Users\jonat\PycharmProjects\NSWpropertyData\RawData\DAT\2026\20260413\210_SALES_DATA_NNME_13042026.DAT,4797,8d68760c5fccb95b68f4227efe3303803a6747f32ec4f1e1e8e019be5a6cadca
2026,2026-04-13,214_SALES_DATA_NNME_13042026.DAT,C:\Users\jonat\PycharmProjects\NSWpropertyData\RawData\DAT\2026\20260413\214_SALES_DATA_NNME_13042026.DAT,32241,bfc679ac5554c11f48add1bb3630ccade0c20be4f1038187fb38af8949dfa682
2026,2026-04-13,216_SALES_DATA_NNME_13042026.DAT,C:\Users\jonat\PycharmProjects\NSWpropertyData\RawData\DAT\2026\20260413\216_SALES_DATA_NNME_13042026.DAT,10372,2012fdc8d2f1617cca9cac184e1617c0f10a25689bff0b9fd8b79abbe9a41f2c
2026,2026-04-13,217_SALES_DATA_NNME_13042026.DAT,C:\Users\jonat\PycharmProjects\NSWpropertyData\RawData\DAT\2026\20260413\217_SALES_DATA_NNME_13042026.DAT,10632,c2455ec1338705d11991436b754debce9b9272990f3d5d6edc83008bfabd9c4c
2026,2026-04-13,218_SALES_DATA_NNME_13042026.DAT,C:\Users\jonat\PycharmProjects\NSWpropertyData\RawData\DAT\2026\20260413\218_SALES_DATA_NNME_13042026.DAT,16061,88c6e78fcd2d8f4bb39f8f46274e67cb40d88ead1a8370448b28a84facee7627
2026,2026-04-13,219_SALES_DATA_NNME_13042026.DAT,C:\Users\jonat\PycharmProjects\NSWpropertyData\RawData\DAT\2026\20260413\219_SALES_DATA_NNME_13042026.DAT,5001,1de05db1359b46b2a12068f4d10b409cd6ed3ba7dc889268dbad3092a20cd8d2
2026,2026-04-13,220_SALES_DATA_NNME_13042026.DAT,C:\Users\jonat\PycharmProjects\NSWpropertyData\RawData\DAT\2026\20260413\220_SALES_DATA_NNME_13042026.DAT,8562,6e656c87a1256196e5b877fb6d11c65f21501f89d005be4d18c4e33c3d00bd5d
2026,2026-04-13,222_SALES_DATA_NNME_13042026.DAT,C:\Users\jonat\PycharmProjects\NSWpropertyData\RawData\DAT\2026\20260413\222_SALES_DATA_NNME_13042026.DAT,2252,871b84bf7838a404d70159b5d2df2e43716bb4891000edb9ee0f73560dfb06c9
2026,2026-04-13,223_SALES_DATA_NNME_13042026.DAT,C:\Users\jonat\PycharmProjects\NSWpropertyData\RawData\DAT\2026\20260413\223_SALES_DATA_NNME_13042026.DAT,16158,909de0081cc6738189c8152ae7911d4374eaa70a92caa11be0f340bf953945a9
2026,2026-04-13,224_SALES_DATA_NNME_13042026.DAT,C:\Users\jonat\PycharmProjects\NSWpropertyData\RawData\DAT\2026\20260413\224_SALES_DATA_NNME_13042026.DAT,17792,58025a9fc4e413fe143f0218b0fb2a54c32e319f009219df10ee5e7fbcb22c51
2026,2026-04-13,226_SALES_DATA_NNME_13042026.DAT,C:\Users\jonat\PycharmProjects\NSWpropertyData\RawData\DAT\2026\20260413\226_SALES_DATA_NNME_13042026.DAT,8895,bcaeda09d1581346342a6852fe30e01c73582c7416118ae0577261bd209315a9
2026,2026-04-13,231_SALES_DATA_NNME_13042026.DAT,C:\Users\jonat\PycharmProjects\NSWpropertyData\RawData\DAT\2026\20260413\231_SALES_DATA_NNME_13042026.DAT,1272,d3f25c44eb4ec9e49a6c8336a7d26bce2750c702c1a3bc1e861455468e8a9583
2026,2026-04-13,234_SALES_DATA_NNME_13042026.DAT,C:\Users\jonat\PycharmProjects\NSWpropertyData\RawData\DAT\2026\20260413\234_SALES_DATA_NNME_13042026.DAT,3116,60c9e8225bf0abb7e7e0b270934e17be8b8d38dc6de41e87e2865e9670ddf9eb
2026,2026-04-13,235_SALES_DATA_NNME_13042026.DAT,C:\Users\jonat\PycharmProjects\NSWpropertyData\RawData\DAT\2026\20260413\235_SALES_DATA_NNME_13042026.DAT,634,9cc817974c823e1f023557bee021cda2c8926cefb06d7e9417d3603c0cf94a45
2026,2026-04-13,236_SALES_DATA_NNME_13042026.DAT,C:\Users\jonat\PycharmProjects\NSWpropertyData\RawData\DAT\2026\20260413\236_SALES_DATA_NNME_13042026.DAT,291,78ece00acd34c34094cd7c0830b435de35a6967975e471670905066da369f0b1
2026,2026-04-13,238_SALES_DATA_NNME_13042026.DAT,C:\Users\jonat\PycharmProjects\NSWpropertyData\RawData\DAT\2026\20260413\238_SALES_DATA_NNME_13042026.DAT,588,3aebae9aea3ce93a78b76f341a31826830fe6644149071068264919088c2dc89
2026,2026-04-13,240_SALES_DATA_NNME_13042026.DAT,C:\Users\jonat\PycharmProjects\NSWpropertyData\RawData\DAT\2026\20260413\240_SALES_DATA_NNME_13042026.DAT,542,5af1a907671d1ad29eeeced6e67d89f41b0a1b074c35852302c338eb8484e0ec
2026,2026-04-13,244_SALES_DATA_NNME_13042026.DAT,C:\Users\jonat\PycharmProjects\NSWpropertyData\RawData\DAT\2026\20260413\244_SALES_DATA_NNME_13042026.DAT,311,4d75b1b8ab399226cce8149b6a09511fe8c76ff533f4d67562150b03a789b3ce
2026,2026-04-13,247_SALES_DATA_NNME_13042026.DAT,C:\Users\jonat\PycharmProjects\NSWpropertyData\RawData\DAT\2026\20260413\247_SALES_DATA_NNME_13042026.DAT,1162,378fabd384dbba07fdbb3d614385e3ad5f34598ec8ce579ba3944afa2791485c
2026,2026-04-13,250_SALES_DATA_NNME_13042026.DAT,C:\Users\jonat\PycharmProjects\NSWpropertyData\RawData\DAT\2026\20260413\250_SALES_DATA_NNME_13042026.DAT,588,e6fbe01638cda308e23eaf5d4d4c5f3473c08a32be8e6f829110a9dfce49b075
2026,2026-04-13,251_SALES_DATA_NNME_13042026.DAT,C:\Users\jonat\PycharmProjects\NSWpropertyData\RawData\DAT\2026\20260413\251_SALES_DATA_NNME_13042026.DAT,290,fdbbf5928ff2c71c87cc60fb610226da10eefa53c19784e144eb5f170265f04c
2026,2026-04-13,252_SALES_DATA_NNME_13042026.DAT,C:\Users\jonat\PycharmProjects\NSWpropertyData\RawData\DAT\2026\20260413\252_SALES_DATA_NNME_13042026.DAT,411,4b6bd847b92b08bf83ac5c90ce80237f3513af1e371012c82022260d3698a65d
2026,2026-04-13,253_SALES_DATA_NNME_13042026.DAT,C:\Users\jonat\PycharmProjects\NSWpropertyData\RawData\DAT\2026\20260413\253_SALES_DATA_NNME_13042026.DAT,1340,fa87f9a94e8a20d7fc0592de3aa971c51f99a947a2ab45f2110a35f3920748b0
2026,2026-04-13,255_SALES_DATA_NNME_13042026.DAT,C:\Users\jonat\PycharmProjects\NSWpropertyData\RawData\DAT\2026\20260413\255_SALES_DATA_NNME_13042026.DAT,1591,eab3fd3ea5548a32f0b5a9d58b3e03d68ecc3ed8aa4ed2a31e78a6b8c48be763
2026,2026-04-13,257_SALES_DATA_NNME_13042026.DAT,C:\Users\jonat\PycharmProjects\NSWpropertyData\RawData\DAT\2026\20260413\257_SALES_DATA_NNME_13042026.DAT,4023,8ffcebbc2ff82b61d74cec6fc227c657468206f9a84c436ab6ee4dc6da20813d
2026,2026-04-13,258_SALES_DATA_NNME_13042026.DAT,C:\Users\jonat\PycharmProjects\NSWpropertyData\RawData\DAT\2026\20260413\258_SALES_DATA_NNME_13042026.DAT,16730,0a4e87b260707233e875396a38fd64b31124da8488473c59331f5e3f2064bd47
2026,2026-04-13,259_SALES_DATA_NNME_13042026.DAT,C:\Users\jonat\PycharmProjects\NSWpropertyData\RawData\DAT\2026\20260413\259_SALES_DATA_NNME_13042026.DAT,35793,c366a20d664634937734aee6b1e8433c8994c84b250241f7a0bf7a3153f66653
2026,2026-04-13,260_SALES_DATA_NNME_13042026.DAT,C:\Users\jonat\PycharmProjects\NSWpropertyData\RawData\DAT\2026\20260413\260_SALES_DATA_NNME_13042026.DAT,23456,8aea114cd3c5b7dc3deec2c91e62384b2aa3b9b0e5e62301db0612d91c8338c8
2026,2026-04-13,261_SALES_DATA_NNME_13042026.DAT,C:\Users\jonat\PycharmProjects\NSWpropertyData\RawData\DAT\2026\20260413\261_SALES_DATA_NNME_13042026.DAT,17385,493d39e5df7d97d65677c6164d610c06429691506f2a79022de6a5d1596b21e0
2026,2026-04-13,262_SALES_DATA_NNME_13042026.DAT,C:\Users\jonat\PycharmProjects\NSWpropertyData\RawData\DAT\2026\20260413\262_SALES_DATA_NNME_13042026.DAT,581,769266d102d9181bbd0893167d3e172a166e41344c25c1b3f8bd615a1dd02238
2026,2026-04-13,263_SALES_DATA_NNME_13042026.DAT,C:\Users\jonat\PycharmProjects\NSWpropertyData\RawData\DAT\2026\20260413\263_SALES_DATA_NNME_13042026.DAT,1577,77b66225fe385131bc7ad4bba3fc095799a4b25883f02a683355119343c15436
2026,2026-04-13,264_SALES_DATA_NNME_13042026.DAT,C:\Users\jonat\PycharmProjects\NSWpropertyData\RawData\DAT\2026\20260413\264_SALES_DATA_NNME_13042026.DAT,14869,956393ab0b58d57034d9b5dcc42da4954a6a7f0f4d37f6c07f11fd2773975bf4
2026,2026-04-13,265_SALES_DATA_NNME_13042026.DAT,C:\Users\jonat\PycharmProjects\NSWpropertyData\RawData\DAT\2026\20260413\265_SALES_DATA_NNME_13042026.DAT,2341,cb85df0e8a86155c8b21edb61349526fcb25ef07c60bee971e8da44293af6fd3
2026,2026-04-13,266_SALES_DATA_NNME_13042026.DAT,C:\Users\jonat\PycharmProjects\NSWpropertyData\RawData\DAT\2026\20260413\266_SALES_DATA_NNME_13042026.DAT,3188,7394f762f18cb22f106f60199dc27e193b8470e0781ba593c7bf5c6abfdea044
2026,2026-04-13,267_SALES_DATA_NNME_13042026.DAT,C:\Users\jonat\PycharmProjects\NSWpropertyData\RawData\DAT\2026\20260413\267_SALES_DATA_NNME_13042026.DAT,12933,01b69177c28d66361d75dc309d044fe26aca211a0c4a0496a8c02c729b42a667
2026,2026-04-13,268_SALES_DATA_NNME_13042026.DAT,C:\Users\jonat\PycharmProjects\NSWpropertyData\RawData\DAT\2026\20260413\268_SALES_DATA_NNME_13042026.DAT,15668,5d2b794b8c0166753aebb8baf6b82a130bcd421f7db1970a6294ee9ba3bad7a7
2026,2026-04-13,269_SALES_DATA_NNME_13042026.DAT,C:\Users\jonat\PycharmProjects\NSWpropertyData\RawData\DAT\2026\20260413\269_SALES_DATA_NNME_13042026.DAT,1600,0c7b9ff76d31ac1ba2634ef8909dd931db65e47c9d1003e21a2bd9168c5ea346
2026,2026-04-13,270_SALES_DATA_NNME_13042026.DAT,C:\Users\jonat\PycharmProjects\NSWpropertyData\RawData\DAT\2026\20260413\270_SALES_DATA_NNME_13042026.DAT,335,085e4e4f8d95623ea22f508a5fc67a71d5ebf394de00447ac5c15776fb9060dc
2026,2026-04-13,271_SALES_DATA_NNME_13042026.DAT,C:\Users\jonat\PycharmProjects\NSWpropertyData\RawData\DAT\2026\20260413\271_SALES_DATA_NNME_13042026.DAT,20729,3e7981366b7b7658bc335aa3b2417209d83c5e7b6040dec19430c9566ee5d092
2026,2026-04-13,272_SALES_DATA_NNME_13042026.DAT,C:\Users\jonat\PycharmProjects\NSWpropertyData\RawData\DAT\2026\20260413\272_SALES_DATA_NNME_13042026.DAT,10399,35af6041d57036e554f3f5d5b553a38e696137d422249e935cabb4606838dbf9
2026,2026-04-13,273_SALES_DATA_NNME_13042026.DAT,C:\Users\jonat\PycharmProjects\NSWpropertyData\RawData\DAT\2026\20260413\273_SALES_DATA_NNME_13042026.DAT,3311,14aaadee3a507fc5395439c259c7d81381a1f3e4f6f6a82816d8600b1246db62
2026,2026-04-13,274_SALES_DATA_NNME_13042026.DAT,C:\Users\jonat\PycharmProjects\NSWpropertyData\RawData\DAT\2026\20260413\274_SALES_DATA_NNME_13042026.DAT,1193,d0fa7ad2d0918424fb4c84c059cfbfec0120fc344cda6c4cb4b56223f9c5e236
2026,2026-04-13,275_SALES_DATA_NNME_13042026.DAT,C:\Users\jonat\PycharmProjects\NSWpropertyData\RawData\DAT\2026\20260413\275_SALES_DATA_NNME_13042026.DAT,5288,6b23456a878365e0028e83cf89ac34d260a337d63f14077c55c790900e9a32dd
2026,2026-04-13,276_SALES_DATA_NNME_13042026.DAT,C:\Users\jonat\PycharmProjects\NSWpropertyData\RawData\DAT\2026\20260413\276_SALES_DATA_NNME_13042026.DAT,18801,26096549be80220a9245ddb096dcb064bbbe19c92637dd0348e7740fbf5bbafc
2026,2026-04-13,300_SALES_DATA_NNME_13042026.DAT,C:\Users\jonat\PycharmProjects\NSWpropertyData\RawData\DAT\2026\20260413\300_SALES_DATA_NNME_13042026.DAT,838,bad3644053e9d07dbf4cec519e14199e228d9be4752dcf5a785eb87150656a52
2026,2026-04-13,301_SALES_DATA_NNME_13042026.DAT,C:\Users\jonat\PycharmProjects\NSWpropertyData\RawData\DAT\2026\20260413\301_SALES_DATA_NNME_13042026.DAT,695,d8acc3cf3a5416a6ca077a44459e6fe0fc653e8e43017e8048940390115537d6
2026,2026-04-13,302_SALES_DATA_NNME_13042026.DAT,C:\Users\jonat\PycharmProjects\NSWpropertyData\RawData\DAT\2026\20260413\302_SALES_DATA_NNME_13042026.DAT,2092,f9ca4f309cf5b62f7e62fddb0938295d05884aa6291efcee395cac9b3d4f477c
2026,2026-04-13,303_SALES_DATA_NNME_13042026.DAT,C:\Users\jonat\PycharmProjects\NSWpropertyData\RawData\DAT\2026\20260413\303_SALES_DATA_NNME_13042026.DAT,6590,cf991500c73d8f49cb8094acd6a1d3130f9bc052e81689552548ac623a1d2a2f
2026,2026-04-13,511_SALES_DATA_NNME_13042026.DAT,C:\Users\jonat\PycharmProjects\NSWpropertyData\RawData\DAT\2026\20260413\511_SALES_DATA_NNME_13042026.DAT,2636,c36679ce4a7c9c261ebde79e4baa54a41ed3dd3f828a6d494827d38efec9b537
2026,2026-04-13,526_SALES_DATA_NNME_13042026.DAT,C:\Users\jonat\PycharmProjects\NSWpropertyData\RawData\DAT\2026\20260413\526_SALES_DATA_NNME_13042026.DAT,623,11b8f3be0a985ee69107213206acf9fe898f0521ce28c8550458bac8693771c1
2026,2026-04-13,528_SALES_DATA_NNME_13042026.DAT,C:\Users\jonat\PycharmProjects\NSWpropertyData\RawData\DAT\2026\20260413\528_SALES_DATA_NNME_13042026.DAT,3226,874110c19a667312e4c3768f0e5e05d3b42b530a4c61cb2f61014b552796a8af
2026,2026-04-13,529_SALES_DATA_NNME_13042026.DAT,C:\Users\jonat\PycharmProjects\NSWpropertyData\RawData\DAT\2026\20260413\529_SALES_DATA_NNME_13042026.DAT,1680,9c7cd133b172e8e8142109aaf1886b0b125f270dcb375a5127d6634b1547352f
2026,2026-04-13,537_SALES_DATA_NNME_13042026.DAT,C:\Users\jonat\PycharmProjects\NSWpropertyData\RawData\DAT\2026\20260413\537_SALES_DATA_NNME_13042026.DAT,2070,0512d076a442c07cd35453716652db56288cd600b006c1a53ce31b63cc821a89
2026,2026-04-13,538_SALES_DATA_NNME_13042026.DAT,C:\Users\jonat\PycharmProjects\NSWpropertyData\RawData\DAT\2026\20260413\538_SALES_DATA_NNME_13042026.DAT,976,646edf70ef4711ae66d13ed46627f454105d190b22b6014c478e0c98220d4213
2026,2026-04-13,560_SALES_DATA_NNME_13042026.DAT,C:\Users\jonat\PycharmProjects\NSWpropertyData\RawData\DAT\2026\20260413\560_SALES_DATA_NNME_13042026.DAT,1318,0e6daad813d217c51a0d3a509647bd8c5e37defbd61dd18cf77e36bc3b60734f
2026,2026-04-13,575_SALES_DATA_NNME_13042026.DAT,C:\Users\jonat\PycharmProjects\NSWpropertyData\RawData\DAT\2026\20260413\575_SALES_DATA_NNME_13042026.DAT,8357,00e424c7945574e76cb34543a2b0c89487a12e37d0d266c9b11128a388c0eaa8
2026,2026-04-13,608_SALES_DATA_NNME_13042026.DAT,C:\Users\jonat\PycharmProjects\NSWpropertyData\RawData\DAT\2026\20260413\608_SALES_DATA_NNME_13042026.DAT,3673,46c68597e03d4c0ec12e44e465cfa31244b169f13aac1d7f7822a7c669ef55b4
2026,2026-04-13,620_SALES_DATA_NNME_13042026.DAT,C:\Users\jonat\PycharmProjects\NSWpropertyData\RawData\DAT\2026\20260413\620_SALES_DATA_NNME_13042026.DAT,4705,751aae71ea007b83a23f15e9b158c1c565f382da54c57fec52e180379bb9c544
2026,2026-04-13,656_SALES_DATA_NNME_13042026.DAT,C:\Users\jonat\PycharmProjects\NSWpropertyData\RawData\DAT\2026\20260413\656_SALES_DATA_NNME_13042026.DAT,13706,41057cfe1887fa2e3ca08da1f688a4f9c039f20b2b173e4dbaded99d66589101
2026,2026-04-13,666_SALES_DATA_NNME_13042026.DAT,C:\Users\jonat\PycharmProjects\NSWpropertyData\RawData\DAT\2026\20260413\666_SALES_DATA_NNME_13042026.DAT,7446,1ba073d61239003878f5eb8f6eb6860ea360dee1b495f65c194e4c9898c18c84
2026,2026-04-13,708_SALES_DATA_NNME_13042026.DAT,C:\Users\jonat\PycharmProjects\NSWpropertyData\RawData\DAT\2026\20260413\708_SALES_DATA_NNME_13042026.DAT,30607,6ef6fc94ee7a3fb0e743939f59c0e1435e31ec8261eccddb9da690d29acf24fd
2026,2026-04-13,902_SALES_DATA_NNME_13042026.DAT,C:\Users\jonat\PycharmProjects\NSWpropertyData\RawData\DAT\2026\20260413\902_SALES_DATA_NNME_13042026.DAT,358,0cecdf6c7648a049c769f569cd483a1853a122ec28da0e79c08b5c1d33eeac63
2026,2026-04-20,001_SALES_DATA_NNME_20042026.DAT,C:\Users\jonat\PycharmProjects\NSWpropertyData\RawData\DAT\2026\20260420\001_SALES_DATA_NNME_20042026.DAT,14904,59f6b34ba585580c91ed7f42e48b2580d73afd2dad4bf7fb6ed682d72a8bb5a5
2026,2026-04-20,002_SALES_DATA_NNME_20042026.DAT,C:\Users\jonat\PycharmProjects\NSWpropertyData\RawData\DAT\2026\20260420\002_SALES_DATA_NNME_20042026.DAT,1243,d827a4e23edd17364d65ffe94f664e9f6bcaf35fce1830476cbfbb08e3505875
2026,2026-04-20,004_SALES_DATA_NNME_20042026.DAT,C:\Users\jonat\PycharmProjects\NSWpropertyData\RawData\DAT\2026\20260420\004_SALES_DATA_NNME_20042026.DAT,28956,8745590bcdaf3a0a1f7ce7fa58de0a3200c9f14e80ed09646a370a3fa905553a
2026,2026-04-20,005_SALES_DATA_NNME_20042026.DAT,C:\Users\jonat\PycharmProjects\NSWpropertyData\RawData\DAT\2026\20260420\005_SALES_DATA_NNME_20042026.DAT,31760,63734373e03e839f65ec04050b4caa5efddc7dd05700336b7ae6ff96584dc35f
2026,2026-04-20,007_SALES_DATA_NNME_20042026.DAT,C:\Users\jonat\PycharmProjects\NSWpropertyData\RawData\DAT\2026\20260420\007_SALES_DATA_NNME_20042026.DAT,3527,fdf3e43c16026fd8196e42c10b1c8d4de7f95236f5016897e36115775491b4e2
2026,2026-04-20,008_SALES_DATA_NNME_20042026.DAT,C:\Users\jonat\PycharmProjects\NSWpropertyData\RawData\DAT\2026\20260420\008_SALES_DATA_NNME_20042026.DAT,26261,c9e11f76f0cb17ec7fa176dc2fb052fe95ea5fb10864df327eec4b42a795afb3
2026,2026-04-20,010_SALES_DATA_NNME_20042026.DAT,C:\Users\jonat\PycharmProjects\NSWpropertyData\RawData\DAT\2026\20260420\010_SALES_DATA_NNME_20042026.DAT,13468,dfad334f0cf674a74ffb9085b77b41963aa3e1c7473c299d0f11d18f7867d52e
2026,2026-04-20,012_SALES_DATA_NNME_20042026.DAT,C:\Users\jonat\PycharmProjects\NSWpropertyData\RawData\DAT\2026\20260420\012_SALES_DATA_NNME_20042026.DAT,3774,e884b21803419c583e6836dad703e2b9669002e9b898ced0fcbfd6214caddeb7
2026,2026-04-20,018_SALES_DATA_NNME_20042026.DAT,C:\Users\jonat\PycharmProjects\NSWpropertyData\RawData\DAT\2026\20260420\018_SALES_DATA_NNME_20042026.DAT,5442,a43ccd2e293db54da92f6244b734419806f245cdc165d062113e3ee860514ea4
2026,2026-04-20,042_SALES_DATA_NNME_20042026.DAT,C:\Users\jonat\PycharmProjects\NSWpropertyData\RawData\DAT\2026\20260420\042_SALES_DATA_NNME_20042026.DAT,2743,260c786ef3dce930008a0552a64e3cde156a306431400b2ef5a1884056ef1608
2026,2026-04-20,050_SALES_DATA_NNME_20042026.DAT,C:\Users\jonat\PycharmProjects\NSWpropertyData\RawData\DAT\2026\20260420\050_SALES_DATA_NNME_20042026.DAT,9131,aa3d9969d73ea8531b3e63f66342c3f19ced208d3823b075c7622dd1500f95a2
2026,2026-04-20,051_SALES_DATA_NNME_20042026.DAT,C:\Users\jonat\PycharmProjects\NSWpropertyData\RawData\DAT\2026\20260420\051_SALES_DATA_NNME_20042026.DAT,1181,7c58dd4b26c7f47667f38379c6e542509ad6bcf6f5be2ed255cef89921ebfcf9
2026,2026-04-20,052_SALES_DATA_NNME_20042026.DAT,C:\Users\jonat\PycharmProjects\NSWpropertyData\RawData\DAT\2026\20260420\052_SALES_DATA_NNME_20042026.DAT,895,23becff59cbafffe79e1bdb677d03d42ca051a14a05718f0877d612a02c7eb45
2026,2026-04-20,054_SALES_DATA_NNME_20042026.DAT,C:\Users\jonat\PycharmProjects\NSWpropertyData\RawData\DAT\2026\20260420\054_SALES_DATA_NNME_20042026.DAT,654,bbef6077b3879929069ff6bc63f6899b32b1861cf6f9fec40c8589cd5cc6e0d6
2026,2026-04-20,061_SALES_DATA_NNME_20042026.DAT,C:\Users\jonat\PycharmProjects\NSWpropertyData\RawData\DAT\2026\20260420\061_SALES_DATA_NNME_20042026.DAT,293,fadb2520d4a2ca23ee9f743c6f324c2d347320f67d13a233949c6c6ed8ab31d7
2026,2026-04-20,065_SALES_DATA_NNME_20042026.DAT,C:\Users\jonat\PycharmProjects\NSWpropertyData\RawData\DAT\2026\20260420\065_SALES_DATA_NNME_20042026.DAT,2054,e97d33de1bd43188ae086ce4f817892707a7acc498dfc67241ee232ad7562fe8
2026,2026-04-20,066_SALES_DATA_NNME_20042026.DAT,C:\Users\jonat\PycharmProjects\NSWpropertyData\RawData\DAT\2026\20260420\066_SALES_DATA_NNME_20042026.DAT,1809,458868332634157daa4c021eac0d557797b447b63e7bf403451d04a5d2407287
2026,2026-04-20,070_SALES_DATA_NNME_20042026.DAT,C:\Users\jonat\PycharmProjects\NSWpropertyData\RawData\DAT\2026\20260420\070_SALES_DATA_NNME_20042026.DAT,1225,ccf81a7249b35bd6cbabe1d22b96b27bacc85a00d97e585080ef45b2c334ad60
2026,2026-04-20,074_SALES_DATA_NNME_20042026.DAT,C:\Users\jonat\PycharmProjects\NSWpropertyData\RawData\DAT\2026\20260420\074_SALES_DATA_NNME_20042026.DAT,1525,245d84aea787863993424cd90eddc13fd0242e7f92c009b50b5a2e25b71b5bbb
2026,2026-04-20,081_SALES_DATA_NNME_20042026.DAT,C:\Users\jonat\PycharmProjects\NSWpropertyData\RawData\DAT\2026\20260420\081_SALES_DATA_NNME_20042026.DAT,24454,4ec1292451786606dca54391655e29407b2e06bfda7c990036dd4118eba9b764
2026,2026-04-20,082_SALES_DATA_NNME_20042026.DAT,C:\Users\jonat\PycharmProjects\NSWpropertyData\RawData\DAT\2026\20260420\082_SALES_DATA_NNME_20042026.DAT,16469,04659dac5bb9191e0ade6343ce506c1d8f4e270b6e4b3a15c811003f2e211941
2026,2026-04-20,083_SALES_DATA_NNME_20042026.DAT,C:\Users\jonat\PycharmProjects\NSWpropertyData\RawData\DAT\2026\20260420\083_SALES_DATA_NNME_20042026.DAT,1920,624e785e5b086a72d3c3f9410eb4b1d5154d275b6590fee645e0a543e306fdb7
2026,2026-04-20,084_SALES_DATA_NNME_20042026.DAT,C:\Users\jonat\PycharmProjects\NSWpropertyData\RawData\DAT\2026\20260420\084_SALES_DATA_NNME_20042026.DAT,15487,fc528fca996d58c4f1edd4f8f42836a96d3a303d6a37e33c5c6cdf78eef4a04b
2026,2026-04-20,085_SALES_DATA_NNME_20042026.DAT,C:\Users\jonat\PycharmProjects\NSWpropertyData\RawData\DAT\2026\20260420\085_SALES_DATA_NNME_20042026.DAT,8610,671ec6d12916b0f006ac51cdddb5fe5657a00825fd1780ac60bee7ad51746df7
2026,2026-04-20,087_SALES_DATA_NNME_20042026.DAT,C:\Users\jonat\PycharmProjects\NSWpropertyData\RawData\DAT\2026\20260420\087_SALES_DATA_NNME_20042026.DAT,5827,52e2d0ccc9f628c6083d01f6cc9aa84db6b655c5bae84a6295bdb23bce904775
2026,2026-04-20,088_SALES_DATA_NNME_20042026.DAT,C:\Users\jonat\PycharmProjects\NSWpropertyData\RawData\DAT\2026\20260420\088_SALES_DATA_NNME_20042026.DAT,14600,860f66a770a430a26498bd6a553608cd8e36077becdbb31902c759531e300968
2026,2026-04-20,090_SALES_DATA_NNME_20042026.DAT,C:\Users\jonat\PycharmProjects\NSWpropertyData\RawData\DAT\2026\20260420\090_SALES_DATA_NNME_20042026.DAT,15614,89ecc029c4022d7e9edda5385f1dce080d882c7fa5e9ed07f07418e0e580c51d
2026,2026-04-20,092_SALES_DATA_NNME_20042026.DAT,C:\Users\jonat\PycharmProjects\NSWpropertyData\RawData\DAT\2026\20260420\092_SALES_DATA_NNME_20042026.DAT,10463,a2f6fb954f5f4407fa7d35e4ca4c37fe4a0c0d71ca682b423384deeb992188d2
2026,2026-04-20,097_SALES_DATA_NNME_20042026.DAT,C:\Users\jonat\PycharmProjects\NSWpropertyData\RawData\DAT\2026\20260420\097_SALES_DATA_NNME_20042026.DAT,10462,7d422fa2faf6317402ba7b794268f06a70718c54055beaf10cbc27d351a0ba8c
2026,2026-04-20,098_SALES_DATA_NNME_20042026.DAT,C:\Users\jonat\PycharmProjects\NSWpropertyData\RawData\DAT\2026\20260420\098_SALES_DATA_NNME_20042026.DAT,2704,c3842c6280179319fc04948464ac708e5de14cd75398be3d8f0eb298d6ea8a4c
2026,2026-04-20,100_SALES_DATA_NNME_20042026.DAT,C:\Users\jonat\PycharmProjects\NSWpropertyData\RawData\DAT\2026\20260420\100_SALES_DATA_NNME_20042026.DAT,10598,794dc10246518446d3fd2b93aa9a504ac36697ed5e047f700b842daea0b2993e
2026,2026-04-20,101_SALES_DATA_NNME_20042026.DAT,C:\Users\jonat\PycharmProjects\NSWpropertyData\RawData\DAT\2026\20260420\101_SALES_DATA_NNME_20042026.DAT,17441,9bb7078a4d23cbef051255ae8b86621eb2c0c9fb6c150c31ff1c14c87bdaa69f
2026,2026-04-20,102_SALES_DATA_NNME_20042026.DAT,C:\Users\jonat\PycharmProjects\NSWpropertyData\RawData\DAT\2026\20260420\102_SALES_DATA_NNME_20042026.DAT,12233,bc07d7400058a42395d9ef132a5913f85c37cd91b7d781e818385ebddb3f67e9
2026,2026-04-20,103_SALES_DATA_NNME_20042026.DAT,C:\Users\jonat\PycharmProjects\NSWpropertyData\RawData\DAT\2026\20260420\103_SALES_DATA_NNME_20042026.DAT,25293,6bc724a8cc2bc1331dba8b2e1c7a2d2ba94ed827fe57bc8da3ed95167fc29fa4
2026,2026-04-20,109_SALES_DATA_NNME_20042026.DAT,C:\Users\jonat\PycharmProjects\NSWpropertyData\RawData\DAT\2026\20260420\109_SALES_DATA_NNME_20042026.DAT,1558,533216d50eb2665d043510c7638c1241e6df459faf6f2a0d2a3376023635e714
2026,2026-04-20,116_SALES_DATA_NNME_20042026.DAT,C:\Users\jonat\PycharmProjects\NSWpropertyData\RawData\DAT\2026\20260420\116_SALES_DATA_NNME_20042026.DAT,1421,dc67c80fbe63e8fbf903a3c8823334da0ee324c201e801373f806c665c3adc4a
2026,2026-04-20,117_SALES_DATA_NNME_20042026.DAT,C:\Users\jonat\PycharmProjects\NSWpropertyData\RawData\DAT\2026\20260420\117_SALES_DATA_NNME_20042026.DAT,2118,f0b3d63d99834c79b37226f9d850359fe19ca274d20338e11b28c9af8b390ffe
2026,2026-04-20,118_SALES_DATA_NNME_20042026.DAT,C:\Users\jonat\PycharmProjects\NSWpropertyData\RawData\DAT\2026\20260420\118_SALES_DATA_NNME_20042026.DAT,2559,ce330eb7b7c8ca4ca12dc2a4160aacf71edf03f07329cb7f9c8c19376ad99814
2026,2026-04-20,123_SALES_DATA_NNME_20042026.DAT,C:\Users\jonat\PycharmProjects\NSWpropertyData\RawData\DAT\2026\20260420\123_SALES_DATA_NNME_20042026.DAT,2090,79ae84491eac18f4251c273fba83b1ec8e3c3d9b8dbc705e2f122a6381c6a7e4
2026,2026-04-20,124_SALES_DATA_NNME_20042026.DAT,C:\Users\jonat\PycharmProjects\NSWpropertyData\RawData\DAT\2026\20260420\124_SALES_DATA_NNME_20042026.DAT,8595,748b6b5d2c2c08aef223bb047b6bdec9d363c84d191a4bb0e72eba8f3ba3806f
2026,2026-04-20,137_SALES_DATA_NNME_20042026.DAT,C:\Users\jonat\PycharmProjects\NSWpropertyData\RawData\DAT\2026\20260420\137_SALES_DATA_NNME_20042026.DAT,5852,e88ce2a93c6c2086e9a8786863fd5de2a22b02ef5f74603dd86ec7ba1302b1eb
2026,2026-04-20,139_SALES_DATA_NNME_20042026.DAT,C:\Users\jonat\PycharmProjects\NSWpropertyData\RawData\DAT\2026\20260420\139_SALES_DATA_NNME_20042026.DAT,12160,02ffd49d0dc7309e87a61777704f364d1e9730e480b8d0f1705b814a8e66f6cf
2026,2026-04-20,143_SALES_DATA_NNME_20042026.DAT,C:\Users\jonat\PycharmProjects\NSWpropertyData\RawData\DAT\2026\20260420\143_SALES_DATA_NNME_20042026.DAT,5950,18a690a06a6873cd62a3ab2afeaf84b6905fd783f19324dbd2dddfedeb92f33f
2026,2026-04-20,144_SALES_DATA_NNME_20042026.DAT,C:\Users\jonat\PycharmProjects\NSWpropertyData\RawData\DAT\2026\20260420\144_SALES_DATA_NNME_20042026.DAT,27726,874a0dab8c8a861982e2ff5259832f07f8eecf6f1b261c0584bb8a1d2d4751e5
2026,2026-04-20,148_SALES_DATA_NNME_20042026.DAT,C:\Users\jonat\PycharmProjects\NSWpropertyData\RawData\DAT\2026\20260420\148_SALES_DATA_NNME_20042026.DAT,7462,0190d22974c5abdd0d44771e529fdf1ec0bde3099fe56ec52fb2dd95afcfed87
2026,2026-04-20,149_SALES_DATA_NNME_20042026.DAT,C:\Users\jonat\PycharmProjects\NSWpropertyData\RawData\DAT\2026\20260420\149_SALES_DATA_NNME_20042026.DAT,2930,5aadd9a9c0957a273e275e365dce89f6f4a711b68ca0c642e2da6b6c69dd9a17
2026,2026-04-20,150_SALES_DATA_NNME_20042026.DAT,C:\Users\jonat\PycharmProjects\NSWpropertyData\RawData\DAT\2026\20260420\150_SALES_DATA_NNME_20042026.DAT,5637,e5a6c5457bedca503dcec8c48eae947d0f8b893e584fe496e177d8f25ed23fad
2026,2026-04-20,151_SALES_DATA_NNME_20042026.DAT,C:\Users\jonat\PycharmProjects\NSWpropertyData\RawData\DAT\2026\20260420\151_SALES_DATA_NNME_20042026.DAT,5056,7c6c77ecc6af682e21d20761b5c69ba8351a8a35cf37d21d0871695d03c3102d
2026,2026-04-20,152_SALES_DATA_NNME_20042026.DAT,C:\Users\jonat\PycharmProjects\NSWpropertyData\RawData\DAT\2026\20260420\152_SALES_DATA_NNME_20042026.DAT,14667,1063f783a37cd31ff6a6d21416ebb85106d98cc24be661f5861f93e4506a242f
2026,2026-04-20,157_SALES_DATA_NNME_20042026.DAT,C:\Users\jonat\PycharmProjects\NSWpropertyData\RawData\DAT\2026\20260420\157_SALES_DATA_NNME_20042026.DAT,4405,57a33f8189c7b869b7fa74c359dc18c22d92584dc905e7ff05a56de8d54458e8
2026,2026-04-20,158_SALES_DATA_NNME_20042026.DAT,C:\Users\jonat\PycharmProjects\NSWpropertyData\RawData\DAT\2026\20260420\158_SALES_DATA_NNME_20042026.DAT,2249,26f5438109af2df31a24516e4ebcac44c6ca68a730621781fa01a9e004d47200
2026,2026-04-20,159_SALES_DATA_NNME_20042026.DAT,C:\Users\jonat\PycharmProjects\NSWpropertyData\RawData\DAT\2026\20260420\159_SALES_DATA_NNME_20042026.DAT,7128,b96ea69ce6a54ee76eadf4a54d6f8775607f03ea45ff099113afe1a07ab6368e
2026,2026-04-20,164_SALES_DATA_NNME_20042026.DAT,C:\Users\jonat\PycharmProjects\NSWpropertyData\RawData\DAT\2026\20260420\164_SALES_DATA_NNME_20042026.DAT,3947,5c5cdd41df0ae9b5ad4bc75287c32298ff88fdbd6aea77048e1c1e19d36b5082
2026,2026-04-20,171_SALES_DATA_NNME_20042026.DAT,C:\Users\jonat\PycharmProjects\NSWpropertyData\RawData\DAT\2026\20260420\171_SALES_DATA_NNME_20042026.DAT,19345,7f24529592a4a0369ab5669171981f3b9c12e386bd36472b8bfbac292b21579b
2026,2026-04-20,187_SALES_DATA_NNME_20042026.DAT,C:\Users\jonat\PycharmProjects\NSWpropertyData\RawData\DAT\2026\20260420\187_SALES_DATA_NNME_20042026.DAT,4656,7046efa3195a34b08ba4068a3b92a922713e0ff8fd8ef48c733b513632158a6e
2026,2026-04-20,188_SALES_DATA_NNME_20042026.DAT,C:\Users\jonat\PycharmProjects\NSWpropertyData\RawData\DAT\2026\20260420\188_SALES_DATA_NNME_20042026.DAT,6824,873ee6efa3d1aba3311b8cad823adfbf2a05371bd753a20ad40cd3d0f55aeb57
2026,2026-04-20,192_SALES_DATA_NNME_20042026.DAT,C:\Users\jonat\PycharmProjects\NSWpropertyData\RawData\DAT\2026\20260420\192_SALES_DATA_NNME_20042026.DAT,1580,37867d8e01c4f9023eda8d52f4030a1bf15a43b8878e2372712c68edb389dd6e
2026,2026-04-20,199_SALES_DATA_NNME_20042026.DAT,C:\Users\jonat\PycharmProjects\NSWpropertyData\RawData\DAT\2026\20260420\199_SALES_DATA_NNME_20042026.DAT,1306,b1892d531b1dbfa7554c530c8359208d1176e72142774718af84c4d35aff38a3
2026,2026-04-20,207_SALES_DATA_NNME_20042026.DAT,C:\Users\jonat\PycharmProjects\NSWpropertyData\RawData\DAT\2026\20260420\207_SALES_DATA_NNME_20042026.DAT,12442,a301f58e93232dcd682f32c4e654c3ab5bce403abe3252baee6e84590a2338df
2026,2026-04-20,209_SALES_DATA_NNME_20042026.DAT,C:\Users\jonat\PycharmProjects\NSWpropertyData\RawData\DAT\2026\20260420\209_SALES_DATA_NNME_20042026.DAT,9291,0feb7d16f7e59fc12ced6afeac90b2839d69d8449c51dc41b763393b65d35385
2026,2026-04-20,210_SALES_DATA_NNME_20042026.DAT,C:\Users\jonat\PycharmProjects\NSWpropertyData\RawData\DAT\2026\20260420\210_SALES_DATA_NNME_20042026.DAT,9484,d3d2eb78e2fcbba44b50f24d8ff3730383818c36235851584af179b81bb07ef0
2026,2026-04-20,214_SALES_DATA_NNME_20042026.DAT,C:\Users\jonat\PycharmProjects\NSWpropertyData\RawData\DAT\2026\20260420\214_SALES_DATA_NNME_20042026.DAT,54361,c9d980dbb6c27f28092743bdfc9a9cb66052f1dfc837cacd100e88dca4e00e01
2026,2026-04-20,216_SALES_DATA_NNME_20042026.DAT,C:\Users\jonat\PycharmProjects\NSWpropertyData\RawData\DAT\2026\20260420\216_SALES_DATA_NNME_20042026.DAT,6700,2473acc606ccc5a488998915b206c53706eef5b7d17a17dc6a807c3381113868
2026,2026-04-20,217_SALES_DATA_NNME_20042026.DAT,C:\Users\jonat\PycharmProjects\NSWpropertyData\RawData\DAT\2026\20260420\217_SALES_DATA_NNME_20042026.DAT,19912,da90843281f2749a36d68083e08a6d648d2a926062f751e5b4d06d72c7f2e204
2026,2026-04-20,218_SALES_DATA_NNME_20042026.DAT,C:\Users\jonat\PycharmProjects\NSWpropertyData\RawData\DAT\2026\20260420\218_SALES_DATA_NNME_20042026.DAT,21266,64d89971877e5f730fe5eba9c1bd2aafdbf81032a7f7be2b798a30069a0b7e20
2026,2026-04-20,219_SALES_DATA_NNME_20042026.DAT,C:\Users\jonat\PycharmProjects\NSWpropertyData\RawData\DAT\2026\20260420\219_SALES_DATA_NNME_20042026.DAT,8286,541c5ac635ceac96a87d64dc29c4b750350f0cd744f37b37f5ee655913fba374
2026,2026-04-20,220_SALES_DATA_NNME_20042026.DAT,C:\Users\jonat\PycharmProjects\NSWpropertyData\RawData\DAT\2026\20260420\220_SALES_DATA_NNME_20042026.DAT,14725,5e602b57869a017ca5be873c1e981e06ff6270697393c8c5ab6377f81bfc2b09
2026,2026-04-20,222_SALES_DATA_NNME_20042026.DAT,C:\Users\jonat\PycharmProjects\NSWpropertyData\RawData\DAT\2026\20260420\222_SALES_DATA_NNME_20042026.DAT,5327,c80a50af931a5d2df6756e11b13ded4b3b5e78c5dc1062f4ca7d39f5a4f8c536
2026,2026-04-20,223_SALES_DATA_NNME_20042026.DAT,C:\Users\jonat\PycharmProjects\NSWpropertyData\RawData\DAT\2026\20260420\223_SALES_DATA_NNME_20042026.DAT,27390,3eb4bd79abe4f9b15c8ef8115871b6054be97ae47f62fa7fb1ddfdac9b8d570f
2026,2026-04-20,224_SALES_DATA_NNME_20042026.DAT,C:\Users\jonat\PycharmProjects\NSWpropertyData\RawData\DAT\2026\20260420\224_SALES_DATA_NNME_20042026.DAT,26713,f6d45089915e9b4d13b45215244df0e395e2b99ae158f81f394493d3139fe705
2026,2026-04-20,226_SALES_DATA_NNME_20042026.DAT,C:\Users\jonat\PycharmProjects\NSWpropertyData\RawData\DAT\2026\20260420\226_SALES_DATA_NNME_20042026.DAT,14696,73ae52ed048ef3d12b0a966c56f4ad14c3da2238acb94afdd8167045efce410a
2026,2026-04-20,231_SALES_DATA_NNME_20042026.DAT,C:\Users\jonat\PycharmProjects\NSWpropertyData\RawData\DAT\2026\20260420\231_SALES_DATA_NNME_20042026.DAT,1349,de6e3905c42fa720181ca5abcf24b1ff9dab056fee2e4e0595c5c809bba1c8d2
2026,2026-04-20,234_SALES_DATA_NNME_20042026.DAT,C:\Users\jonat\PycharmProjects\NSWpropertyData\RawData\DAT\2026\20260420\234_SALES_DATA_NNME_20042026.DAT,3510,dd94cb3841eb7903d37d095a48c3be7fc347d4d4c5159e4a19303b011f147be7
2026,2026-04-20,235_SALES_DATA_NNME_20042026.DAT,C:\Users\jonat\PycharmProjects\NSWpropertyData\RawData\DAT\2026\20260420\235_SALES_DATA_NNME_20042026.DAT,506,37f67802b659a74c9a7cfff917959ccfda9141e34ed4f7f3a9c65c0584ebc758
2026,2026-04-20,236_SALES_DATA_NNME_20042026.DAT,C:\Users\jonat\PycharmProjects\NSWpropertyData\RawData\DAT\2026\20260420\236_SALES_DATA_NNME_20042026.DAT,571,910851ab0b1c3a21eff3a47d02ed02dc16d0ed809c942f249c599783728eddc3
2026,2026-04-20,238_SALES_DATA_NNME_20042026.DAT,C:\Users\jonat\PycharmProjects\NSWpropertyData\RawData\DAT\2026\20260420\238_SALES_DATA_NNME_20042026.DAT,890,7f3ec905ecde6f80193237e5ec689258be4e8ee5b05ccc19b21b59dc11c61fd7
2026,2026-04-20,239_SALES_DATA_NNME_20042026.DAT,C:\Users\jonat\PycharmProjects\NSWpropertyData\RawData\DAT\2026\20260420\239_SALES_DATA_NNME_20042026.DAT,851,974f4ec76f582133f1014644378a699998584279b9e1438f2fed34e7612ad7af
2026,2026-04-20,240_SALES_DATA_NNME_20042026.DAT,C:\Users\jonat\PycharmProjects\NSWpropertyData\RawData\DAT\2026\20260420\240_SALES_DATA_NNME_20042026.DAT,928,ef639620edca6f9188f83546f5cd0afd647a2554c7a491aa109c16ea01904591
2026,2026-04-20,244_SALES_DATA_NNME_20042026.DAT,C:\Users\jonat\PycharmProjects\NSWpropertyData\RawData\DAT\2026\20260420\244_SALES_DATA_NNME_20042026.DAT,1757,9e6d8c6b1ceb9ffe241fecaf358f161859198749031390ce931833c300a3e60d
2026,2026-04-20,247_SALES_DATA_NNME_20042026.DAT,C:\Users\jonat\PycharmProjects\NSWpropertyData\RawData\DAT\2026\20260420\247_SALES_DATA_NNME_20042026.DAT,14830,81e70ba5775e259b4106934149f398bdd2143fd388b371e73e345c4f15be15c2
2026,2026-04-20,250_SALES_DATA_NNME_20042026.DAT,C:\Users\jonat\PycharmProjects\NSWpropertyData\RawData\DAT\2026\20260420\250_SALES_DATA_NNME_20042026.DAT,1583,76b5bdc172bbb0cb809e208b82a77278f250745892b28b92cc7b8b230d365428
2026,2026-04-20,251_SALES_DATA_NNME_20042026.DAT,C:\Users\jonat\PycharmProjects\NSWpropertyData\RawData\DAT\2026\20260420\251_SALES_DATA_NNME_20042026.DAT,1160,e1d392fd50a7e6b96d429fed609d97b56ee266ba756d2ba90e55a35600686258
2026,2026-04-20,252_SALES_DATA_NNME_20042026.DAT,C:\Users\jonat\PycharmProjects\NSWpropertyData\RawData\DAT\2026\20260420\252_SALES_DATA_NNME_20042026.DAT,1088,f2d915c11963f07c26a495bb41d90082a1619fe91d93d180d18b4f927c83fb41
2026,2026-04-20,253_SALES_DATA_NNME_20042026.DAT,C:\Users\jonat\PycharmProjects\NSWpropertyData\RawData\DAT\2026\20260420\253_SALES_DATA_NNME_20042026.DAT,1799,19bcffa658e735fc68f58aad1352fcad8e8138883d54de80282361edb8dfd8b6
2026,2026-04-20,254_SALES_DATA_NNME_20042026.DAT,C:\Users\jonat\PycharmProjects\NSWpropertyData\RawData\DAT\2026\20260420\254_SALES_DATA_NNME_20042026.DAT,803,bbeccd0a7d305fa87bfa4c37602fdb724ad028b7c83c30dde8bd5ae8665696f2
2026,2026-04-20,255_SALES_DATA_NNME_20042026.DAT,C:\Users\jonat\PycharmProjects\NSWpropertyData\RawData\DAT\2026\20260420\255_SALES_DATA_NNME_20042026.DAT,2256,6c6dd5198481d3a1cd37cfb87df87d3ef1f8b2a64337782b4cf920805165c5c0
2026,2026-04-20,257_SALES_DATA_NNME_20042026.DAT,C:\Users\jonat\PycharmProjects\NSWpropertyData\RawData\DAT\2026\20260420\257_SALES_DATA_NNME_20042026.DAT,6042,3d8f6c93bc2acdbebc6717073960104c903bb1a270736eadb66a194b90eb4cdc
2026,2026-04-20,258_SALES_DATA_NNME_20042026.DAT,C:\Users\jonat\PycharmProjects\NSWpropertyData\RawData\DAT\2026\20260420\258_SALES_DATA_NNME_20042026.DAT,20728,64b94f88358355657ffd7f84e5ace9ed814520912cef761c602cd493261daa58
2026,2026-04-20,259_SALES_DATA_NNME_20042026.DAT,C:\Users\jonat\PycharmProjects\NSWpropertyData\RawData\DAT\2026\20260420\259_SALES_DATA_NNME_20042026.DAT,55632,9ec416d0aeba6fd9a4599263480c0c80dade86f76db8bca4a8631efcc7a87aa5
2026,2026-04-20,260_SALES_DATA_NNME_20042026.DAT,C:\Users\jonat\PycharmProjects\NSWpropertyData\RawData\DAT\2026\20260420\260_SALES_DATA_NNME_20042026.DAT,31257,2157e4fbb77dd3c98b60f86282531aa4124a7ac7e43a272c6227d4aaa1f1f124
2026,2026-04-20,261_SALES_DATA_NNME_20042026.DAT,C:\Users\jonat\PycharmProjects\NSWpropertyData\RawData\DAT\2026\20260420\261_SALES_DATA_NNME_20042026.DAT,21312,17abe6f392ff14f19b6655e77ffd42ec8500284fcb122a9e3f3519224e8b89c3
2026,2026-04-20,262_SALES_DATA_NNME_20042026.DAT,C:\Users\jonat\PycharmProjects\NSWpropertyData\RawData\DAT\2026\20260420\262_SALES_DATA_NNME_20042026.DAT,1577,54ccbe019d765501c771e5ba2a5bcd618d630e2b1a102a4f40a02557f4a4a452
2026,2026-04-20,263_SALES_DATA_NNME_20042026.DAT,C:\Users\jonat\PycharmProjects\NSWpropertyData\RawData\DAT\2026\20260420\263_SALES_DATA_NNME_20042026.DAT,4617,d363b1deca636b070ddef0d465fef8f7f389775caa6b41cafd66146faa9625de
2026,2026-04-20,264_SALES_DATA_NNME_20042026.DAT,C:\Users\jonat\PycharmProjects\NSWpropertyData\RawData\DAT\2026\20260420\264_SALES_DATA_NNME_20042026.DAT,24176,9984433c3d8a9c65680f219e7364c5a161bc2d9597dfa3760c3d1b864a949462
2026,2026-04-20,265_SALES_DATA_NNME_20042026.DAT,C:\Users\jonat\PycharmProjects\NSWpropertyData\RawData\DAT\2026\20260420\265_SALES_DATA_NNME_20042026.DAT,869,7ee7b5917b4b38ad62ee26c2aa54ad7c76a1f91e1e2586fa0b0235ef75ffe05e
2026,2026-04-20,266_SALES_DATA_NNME_20042026.DAT,C:\Users\jonat\PycharmProjects\NSWpropertyData\RawData\DAT\2026\20260420\266_SALES_DATA_NNME_20042026.DAT,2480,7a9c424ca05c9296653b4b45d0aa388e448740862d12bc911bc3fae4181cd8ba
2026,2026-04-20,267_SALES_DATA_NNME_20042026.DAT,C:\Users\jonat\PycharmProjects\NSWpropertyData\RawData\DAT\2026\20260420\267_SALES_DATA_NNME_20042026.DAT,22756,f65a85b77515bf0aee17b3cbdc170e4906cb3fcd05aa1dc7ce8644f455c3f128
2026,2026-04-20,268_SALES_DATA_NNME_20042026.DAT,C:\Users\jonat\PycharmProjects\NSWpropertyData\RawData\DAT\2026\20260420\268_SALES_DATA_NNME_20042026.DAT,18169,be25c697f1881c4e022e808ee5f4dd2d86d1f734c5c67f846055aeff9b38bf98
2026,2026-04-20,269_SALES_DATA_NNME_20042026.DAT,C:\Users\jonat\PycharmProjects\NSWpropertyData\RawData\DAT\2026\20260420\269_SALES_DATA_NNME_20042026.DAT,3105,12eb375d85f8956e05ee5e2c32ce60090cf25dac036f1b0a0f0d1392d861be3d
2026,2026-04-20,270_SALES_DATA_NNME_20042026.DAT,C:\Users\jonat\PycharmProjects\NSWpropertyData\RawData\DAT\2026\20260420\270_SALES_DATA_NNME_20042026.DAT,612,9a0411d0d977959ffe619bb417ea887ed33d499581c73215805326e916ac46a0
2026,2026-04-20,271_SALES_DATA_NNME_20042026.DAT,C:\Users\jonat\PycharmProjects\NSWpropertyData\RawData\DAT\2026\20260420\271_SALES_DATA_NNME_20042026.DAT,28706,9347c067495c4abc484ae1b350d94dcf2d8c7bc94221ab0f93bf5215cdd1339f
2026,2026-04-20,272_SALES_DATA_NNME_20042026.DAT,C:\Users\jonat\PycharmProjects\NSWpropertyData\RawData\DAT\2026\20260420\272_SALES_DATA_NNME_20042026.DAT,13156,c020fccb029e1e27aef6f95c793aca1a9e1537e5611350b26221f5749e1dbc1a
2026,2026-04-20,273_SALES_DATA_NNME_20042026.DAT,C:\Users\jonat\PycharmProjects\NSWpropertyData\RawData\DAT\2026\20260420\273_SALES_DATA_NNME_20042026.DAT,4929,4f74174ee4de5a34256841cca762cc00648910615ced53f0eb3a8f2a344495c7
2026,2026-04-20,274_SALES_DATA_NNME_20042026.DAT,C:\Users\jonat\PycharmProjects\NSWpropertyData\RawData\DAT\2026\20260420\274_SALES_DATA_NNME_20042026.DAT,2531,08bc98329bfd09f300cae9a7d512fc61c97f00a2f570ba547e84932d140e5c46
2026,2026-04-20,275_SALES_DATA_NNME_20042026.DAT,C:\Users\jonat\PycharmProjects\NSWpropertyData\RawData\DAT\2026\20260420\275_SALES_DATA_NNME_20042026.DAT,8752,5a7072acb722e32d815baa4581b8c308255bbc3411eb6706ccad77a4bd116b60
2026,2026-04-20,276_SALES_DATA_NNME_20042026.DAT,C:\Users\jonat\PycharmProjects\NSWpropertyData\RawData\DAT\2026\20260420\276_SALES_DATA_NNME_20042026.DAT,20412,fd2960c4c9538b95eacdb0e9e2fb0c9d0b0d4e62dd73936e59113ff3b2cc678d
2026,2026-04-20,300_SALES_DATA_NNME_20042026.DAT,C:\Users\jonat\PycharmProjects\NSWpropertyData\RawData\DAT\2026\20260420\300_SALES_DATA_NNME_20042026.DAT,1388,ed43d9103982ec83732c283cd9a1dc0e03ea72c30a9e19fd20c5e9486e6a0b12
2026,2026-04-20,301_SALES_DATA_NNME_20042026.DAT,C:\Users\jonat\PycharmProjects\NSWpropertyData\RawData\DAT\2026\20260420\301_SALES_DATA_NNME_20042026.DAT,1324,4709269dd685244dfc3840dbf43fb53e9772eaa434bef2deb64ac1d0f0ca4736
2026,2026-04-20,302_SALES_DATA_NNME_20042026.DAT,C:\Users\jonat\PycharmProjects\NSWpropertyData\RawData\DAT\2026\20260420\302_SALES_DATA_NNME_20042026.DAT,2804,7101145abc414b6bc6a27d0878784e7e86341c1082429ba8cdef7a942ee44a0a
2026,2026-04-20,303_SALES_DATA_NNME_20042026.DAT,C:\Users\jonat\PycharmProjects\NSWpropertyData\RawData\DAT\2026\20260420\303_SALES_DATA_NNME_20042026.DAT,9368,18ff12099725e29db69a2e6bac0ff6726ab6f4cd74fb8718a4679c4ef0e11844
2026,2026-04-20,511_SALES_DATA_NNME_20042026.DAT,C:\Users\jonat\PycharmProjects\NSWpropertyData\RawData\DAT\2026\20260420\511_SALES_DATA_NNME_20042026.DAT,3251,9df382ad23e4e395ac014e8f0cc977a45db404c019d4a43ebfc1ba5f3b27ba97
2026,2026-04-20,526_SALES_DATA_NNME_20042026.DAT,C:\Users\jonat\PycharmProjects\NSWpropertyData\RawData\DAT\2026\20260420\526_SALES_DATA_NNME_20042026.DAT,1736,17ff7b70bf50359ba0ef70f9ab9c4d9f826c76167aa937d4a40e13be9e187f7f
2026,2026-04-20,528_SALES_DATA_NNME_20042026.DAT,C:\Users\jonat\PycharmProjects\NSWpropertyData\RawData\DAT\2026\20260420\528_SALES_DATA_NNME_20042026.DAT,2695,036a2ed8c12d966df323a8ac691e9237ce32c5571f6311cad415d300e050d0a8
2026,2026-04-20,529_SALES_DATA_NNME_20042026.DAT,C:\Users\jonat\PycharmProjects\NSWpropertyData\RawData\DAT\2026\20260420\529_SALES_DATA_NNME_20042026.DAT,6333,353ff4d337a02daa77fe340d5fa1dd1c417ceb2913995a54732c141343c889f8
2026,2026-04-20,537_SALES_DATA_NNME_20042026.DAT,C:\Users\jonat\PycharmProjects\NSWpropertyData\RawData\DAT\2026\20260420\537_SALES_DATA_NNME_20042026.DAT,1376,b849d96d21cd2c568ba30f180c62ddf2f1f9b210e57934d8c5fab7e0f8d80cd9
2026,2026-04-20,538_SALES_DATA_NNME_20042026.DAT,C:\Users\jonat\PycharmProjects\NSWpropertyData\RawData\DAT\2026\20260420\538_SALES_DATA_NNME_20042026.DAT,863,1d6bc9754cd0c1913b285cadc2c352db6f7e28d38d9d6165eb2af24b04075469
2026,2026-04-20,560_SALES_DATA_NNME_20042026.DAT,C:\Users\jonat\PycharmProjects\NSWpropertyData\RawData\DAT\2026\20260420\560_SALES_DATA_NNME_20042026.DAT,3439,dcb676697b08ab41f166b462a1178d785576d43d4dae8c066350f8651ed9dc61
2026,2026-04-20,575_SALES_DATA_NNME_20042026.DAT,C:\Users\jonat\PycharmProjects\NSWpropertyData\RawData\DAT\2026\20260420\575_SALES_DATA_NNME_20042026.DAT,10816,00b6cefac8cf09ca9080dfce8a300a8b8c1a2d71c9ee4d90996d53bfc3fcc906
2026,2026-04-20,608_SALES_DATA_NNME_20042026.DAT,C:\Users\jonat\PycharmProjects\NSWpropertyData\RawData\DAT\2026\20260420\608_SALES_DATA_NNME_20042026.DAT,12681,5facc7e1c215667333a53e2ae81a08a25614414557f97413cf0303e0863f4fba
2026,2026-04-20,620_SALES_DATA_NNME_20042026.DAT,C:\Users\jonat\PycharmProjects\NSWpropertyData\RawData\DAT\2026\20260420\620_SALES_DATA_NNME_20042026.DAT,4237,c350143b0166e229a91d5cc9c6e07e93cfe1cc2803341048363bace0565d9434
2026,2026-04-20,656_SALES_DATA_NNME_20042026.DAT,C:\Users\jonat\PycharmProjects\NSWpropertyData\RawData\DAT\2026\20260420\656_SALES_DATA_NNME_20042026.DAT,12546,3f33c1393e2fa7c3d7569f1b68a2dc1591cf938fa70f913ba06d90c84c87bee6
2026,2026-04-20,666_SALES_DATA_NNME_20042026.DAT,C:\Users\jonat\PycharmProjects\NSWpropertyData\RawData\DAT\2026\20260420\666_SALES_DATA_NNME_20042026.DAT,8947,3df383cecdb2c174ac1b8967657e4dc1317f85b58e8b59fad96c086cee84716b
2026,2026-04-20,708_SALES_DATA_NNME_20042026.DAT,C:\Users\jonat\PycharmProjects\NSWpropertyData\RawData\DAT\2026\20260420\708_SALES_DATA_NNME_20042026.DAT,38034,c29ecf13e0167705a559f6050a8e23d636fe2ff7738e9c86bd71cf3a5b4fa118
2026,2026-04-27,001_SALES_DATA_NNME_27042026.DAT,C:\Users\jonat\PycharmProjects\NSWpropertyData\RawData\DAT\2026\20260427\001_SALES_DATA_NNME_27042026.DAT,11976,021ebe9deda138df90b4427e3ff2ded158f6251eac8497ac00818cdb69e04194
2026,2026-04-27,002_SALES_DATA_NNME_27042026.DAT,C:\Users\jonat\PycharmProjects\NSWpropertyData\RawData\DAT\2026\20260427\002_SALES_DATA_NNME_27042026.DAT,942,9dfd259e3b6f9d94180c668ee97b94ce342d6c211437eb240be230a9f7c6693c
2026,2026-04-27,004_SALES_DATA_NNME_27042026.DAT,C:\Users\jonat\PycharmProjects\NSWpropertyData\RawData\DAT\2026\20260427\004_SALES_DATA_NNME_27042026.DAT,32473,48a93ab4f15256604c9deca802a69791b5060125cede806421b24ff2278bda9d
2026,2026-04-27,005_SALES_DATA_NNME_27042026.DAT,C:\Users\jonat\PycharmProjects\NSWpropertyData\RawData\DAT\2026\20260427\005_SALES_DATA_NNME_27042026.DAT,18326,fdabb8fd2df1b33cb2619187119170e801821cebe963139d3cc91110af1aae16
2026,2026-04-27,007_SALES_DATA_NNME_27042026.DAT,C:\Users\jonat\PycharmProjects\NSWpropertyData\RawData\DAT\2026\20260427\007_SALES_DATA_NNME_27042026.DAT,5239,7e77e00fe8c4212a8986e9d5284a234cd9b092c78dff406072113c049d81876e
2026,2026-04-27,008_SALES_DATA_NNME_27042026.DAT,C:\Users\jonat\PycharmProjects\NSWpropertyData\RawData\DAT\2026\20260427\008_SALES_DATA_NNME_27042026.DAT,23822,8f4d311b268510b85d0195d4803dc6b134ae0617a9c4d020ecf8eeec5f82236d
2026,2026-04-27,010_SALES_DATA_NNME_27042026.DAT,C:\Users\jonat\PycharmProjects\NSWpropertyData\RawData\DAT\2026\20260427\010_SALES_DATA_NNME_27042026.DAT,15430,0e71331a4ed9e02e53ef72e6d35fb4fea0d087b3d2f4cbd91f14aa0fb27ddc4f
2026,2026-04-27,012_SALES_DATA_NNME_27042026.DAT,C:\Users\jonat\PycharmProjects\NSWpropertyData\RawData\DAT\2026\20260427\012_SALES_DATA_NNME_27042026.DAT,2080,75b2c06f658b0bd55bea529c699dc9bc46eec3015ac72fca812955c19a0f3e75
2026,2026-04-27,018_SALES_DATA_NNME_27042026.DAT,C:\Users\jonat\PycharmProjects\NSWpropertyData\RawData\DAT\2026\20260427\018_SALES_DATA_NNME_27042026.DAT,7850,7be75cbd6d44e03208d187bc88679587f07879df7d4bebba0b34837eb8fbc10e
2026,2026-04-27,042_SALES_DATA_NNME_27042026.DAT,C:\Users\jonat\PycharmProjects\NSWpropertyData\RawData\DAT\2026\20260427\042_SALES_DATA_NNME_27042026.DAT,2068,44c227b72bc0afb084bf8868cb534cdb2022021ad0271e6561b381397aab3e40
2026,2026-04-27,050_SALES_DATA_NNME_27042026.DAT,C:\Users\jonat\PycharmProjects\NSWpropertyData\RawData\DAT\2026\20260427\050_SALES_DATA_NNME_27042026.DAT,13811,bfedac81b94f63e2a64674a9a2bac065158392548452546e33acff157efd6edf
2026,2026-04-27,051_SALES_DATA_NNME_27042026.DAT,C:\Users\jonat\PycharmProjects\NSWpropertyData\RawData\DAT\2026\20260427\051_SALES_DATA_NNME_27042026.DAT,2539,dc55e5eaa5bea765af4eb5de508bbc293663b2c9dd8cb9820644d25e7e904ea6
2026,2026-04-27,054_SALES_DATA_NNME_27042026.DAT,C:\Users\jonat\PycharmProjects\NSWpropertyData\RawData\DAT\2026\20260427\054_SALES_DATA_NNME_27042026.DAT,626,8fbc29193af57a675a12ed7f5701774759e30d169898ae3f546c90a4d0433311
2026,2026-04-27,061_SALES_DATA_NNME_27042026.DAT,C:\Users\jonat\PycharmProjects\NSWpropertyData\RawData\DAT\2026\20260427\061_SALES_DATA_NNME_27042026.DAT,2030,d9642808365eae59a9280d5c37509629e0b72a3dba19409ac2ed3a2aa084f3d3
2026,2026-04-27,065_SALES_DATA_NNME_27042026.DAT,C:\Users\jonat\PycharmProjects\NSWpropertyData\RawData\DAT\2026\20260427\065_SALES_DATA_NNME_27042026.DAT,1066,a0a40031fafbed87681cca1774f3b1444ba236392b7ad279741dea074bed2696
2026,2026-04-27,070_SALES_DATA_NNME_27042026.DAT,C:\Users\jonat\PycharmProjects\NSWpropertyData\RawData\DAT\2026\20260427\070_SALES_DATA_NNME_27042026.DAT,1547,ccf55b924bc52bf85389cd1fa2051d3727201e5e2c0974c7c1da5a75f67a1f1d
2026,2026-04-27,074_SALES_DATA_NNME_27042026.DAT,C:\Users\jonat\PycharmProjects\NSWpropertyData\RawData\DAT\2026\20260427\074_SALES_DATA_NNME_27042026.DAT,892,d4b5744550cf2d56ec982fd8d61894ad087d84c9a86562ebdb59d01016368fc6
2026,2026-04-27,081_SALES_DATA_NNME_27042026.DAT,C:\Users\jonat\PycharmProjects\NSWpropertyData\RawData\DAT\2026\20260427\081_SALES_DATA_NNME_27042026.DAT,31454,d5bb5cdc008d23c022680687fb6e7f1db0bcada95b19396734c061abc09f8803
2026,2026-04-27,082_SALES_DATA_NNME_27042026.DAT,C:\Users\jonat\PycharmProjects\NSWpropertyData\RawData\DAT\2026\20260427\082_SALES_DATA_NNME_27042026.DAT,16272,6c1d52f304a47795f2c38a50b7093d3275098217e77d122147e73ea0728a4829
2026,2026-04-27,083_SALES_DATA_NNME_27042026.DAT,C:\Users\jonat\PycharmProjects\NSWpropertyData\RawData\DAT\2026\20260427\083_SALES_DATA_NNME_27042026.DAT,1711,952bbb2583b65a9c003a2ac2924bce59fcc89dc0e3545f924cbafac9a6678ec4
2026,2026-04-27,084_SALES_DATA_NNME_27042026.DAT,C:\Users\jonat\PycharmProjects\NSWpropertyData\RawData\DAT\2026\20260427\084_SALES_DATA_NNME_27042026.DAT,14579,66e43286a2be281e09cbee8586689589f5da9b0d6b196b0e001838641afbcd66
2026,2026-04-27,085_SALES_DATA_NNME_27042026.DAT,C:\Users\jonat\PycharmProjects\NSWpropertyData\RawData\DAT\2026\20260427\085_SALES_DATA_NNME_27042026.DAT,5305,3aeee1616c3e170090f6d68b5c84962accf265ec3a44c1135c43bd5becbac21b
2026,2026-04-27,087_SALES_DATA_NNME_27042026.DAT,C:\Users\jonat\PycharmProjects\NSWpropertyData\RawData\DAT\2026\20260427\087_SALES_DATA_NNME_27042026.DAT,5063,f5247e1ba81fc9704fbc7d174d8bdad38847bfd61030c9217ab6b35af16d6c66
2026,2026-04-27,088_SALES_DATA_NNME_27042026.DAT,C:\Users\jonat\PycharmProjects\NSWpropertyData\RawData\DAT\2026\20260427\088_SALES_DATA_NNME_27042026.DAT,13215,71df16d43ce4a9a0b57c38b8f7a2bd34001251c4ff3cc07f9249320dbdb392b0
2026,2026-04-27,090_SALES_DATA_NNME_27042026.DAT,C:\Users\jonat\PycharmProjects\NSWpropertyData\RawData\DAT\2026\20260427\090_SALES_DATA_NNME_27042026.DAT,19770,33d183fa7e0c1795d72bbcbda3548cf2d5b9dddfe703e1d627a926b587d34b48
2026,2026-04-27,092_SALES_DATA_NNME_27042026.DAT,C:\Users\jonat\PycharmProjects\NSWpropertyData\RawData\DAT\2026\20260427\092_SALES_DATA_NNME_27042026.DAT,7071,505705bc134ded7ad2e092c210d1b674ac71b40b25d6929be27488c5ade71759
2026,2026-04-27,097_SALES_DATA_NNME_27042026.DAT,C:\Users\jonat\PycharmProjects\NSWpropertyData\RawData\DAT\2026\20260427\097_SALES_DATA_NNME_27042026.DAT,6010,d329d32c2eb21222db6f897e8f1cf20f31c50100cf76d50ee80a8ca517ee0677
2026,2026-04-27,098_SALES_DATA_NNME_27042026.DAT,C:\Users\jonat\PycharmProjects\NSWpropertyData\RawData\DAT\2026\20260427\098_SALES_DATA_NNME_27042026.DAT,1224,52cf83041312bdec0812abea0f2e08949ce650b241155ccdbe69e3d2947c8a99
2026,2026-04-27,100_SALES_DATA_NNME_27042026.DAT,C:\Users\jonat\PycharmProjects\NSWpropertyData\RawData\DAT\2026\20260427\100_SALES_DATA_NNME_27042026.DAT,12203,79286be76c35b0dca949ad92bf7985a0313ef4e2846024b194d4848fc840333e
2026,2026-04-27,101_SALES_DATA_NNME_27042026.DAT,C:\Users\jonat\PycharmProjects\NSWpropertyData\RawData\DAT\2026\20260427\101_SALES_DATA_NNME_27042026.DAT,17928,8a5d403a97c0f03ad4a83a925673ed58e155655f785af0e100abaaeda00a6bde
2026,2026-04-27,102_SALES_DATA_NNME_27042026.DAT,C:\Users\jonat\PycharmProjects\NSWpropertyData\RawData\DAT\2026\20260427\102_SALES_DATA_NNME_27042026.DAT,9329,9ef74ec36e2e3f76d63745fc666e862acd2e17b89803ec7051c4da0e8ba3a73e
2026,2026-04-27,103_SALES_DATA_NNME_27042026.DAT,C:\Users\jonat\PycharmProjects\NSWpropertyData\RawData\DAT\2026\20260427\103_SALES_DATA_NNME_27042026.DAT,26216,7796a4114808f88edc581aa7ca15ca241fbb26a4e8b3f06bdba2bb306d6f61b0
2026,2026-04-27,109_SALES_DATA_NNME_27042026.DAT,C:\Users\jonat\PycharmProjects\NSWpropertyData\RawData\DAT\2026\20260427\109_SALES_DATA_NNME_27042026.DAT,1237,62d66dc7fd4b85728ae6bee4f543604c6e11f7460411099b9aca15702569b1a1
2026,2026-04-27,116_SALES_DATA_NNME_27042026.DAT,C:\Users\jonat\PycharmProjects\NSWpropertyData\RawData\DAT\2026\20260427\116_SALES_DATA_NNME_27042026.DAT,4926,61b66c4451e1488caf9a9842989a3b07811933ab310540323fcf9518fcf34749
2026,2026-04-27,117_SALES_DATA_NNME_27042026.DAT,C:\Users\jonat\PycharmProjects\NSWpropertyData\RawData\DAT\2026\20260427\117_SALES_DATA_NNME_27042026.DAT,1543,baf21fef0bf08574891d1dcb200eb0ab5c5b2448a541bbb834dab0d77eb13444
2026,2026-04-27,118_SALES_DATA_NNME_27042026.DAT,C:\Users\jonat\PycharmProjects\NSWpropertyData\RawData\DAT\2026\20260427\118_SALES_DATA_NNME_27042026.DAT,305,00f8478d6b5442e5045573a4353d5fe7bd7bc5ea08dd126dedb894464cc08514
2026,2026-04-27,123_SALES_DATA_NNME_27042026.DAT,C:\Users\jonat\PycharmProjects\NSWpropertyData\RawData\DAT\2026\20260427\123_SALES_DATA_NNME_27042026.DAT,866,6df4b6fc42ad68c3a530d931afcf6bd9335fba58bdc75cd24251b16cbb7c33a4
2026,2026-04-27,124_SALES_DATA_NNME_27042026.DAT,C:\Users\jonat\PycharmProjects\NSWpropertyData\RawData\DAT\2026\20260427\124_SALES_DATA_NNME_27042026.DAT,9753,df63e81a6539b5288fb1df4cd49e54ec4457999dd2e7e9772308c73ebdcb01e2
2026,2026-04-27,137_SALES_DATA_NNME_27042026.DAT,C:\Users\jonat\PycharmProjects\NSWpropertyData\RawData\DAT\2026\20260427\137_SALES_DATA_NNME_27042026.DAT,4632,1fc8fab233701270a89bc88b34a10437ecd8dd374e31b3e923e7d23d2586130e
2026,2026-04-27,139_SALES_DATA_NNME_27042026.DAT,C:\Users\jonat\PycharmProjects\NSWpropertyData\RawData\DAT\2026\20260427\139_SALES_DATA_NNME_27042026.DAT,13256,9525eaa4c96ee1e452b1b24a6d204740e25ed59deea5f028b9ecb5a92babb9ca
2026,2026-04-27,143_SALES_DATA_NNME_27042026.DAT,C:\Users\jonat\PycharmProjects\NSWpropertyData\RawData\DAT\2026\20260427\143_SALES_DATA_NNME_27042026.DAT,6616,16f278d96773af8c7671ae3114026b9927bc9304a3d256def7ee49f63bbb383b
2026,2026-04-27,144_SALES_DATA_NNME_27042026.DAT,C:\Users\jonat\PycharmProjects\NSWpropertyData\RawData\DAT\2026\20260427\144_SALES_DATA_NNME_27042026.DAT,28062,742b7ff5e9643991de69a725ebf735ba61382e809d543a60760779eea6825d59
2026,2026-04-27,148_SALES_DATA_NNME_27042026.DAT,C:\Users\jonat\PycharmProjects\NSWpropertyData\RawData\DAT\2026\20260427\148_SALES_DATA_NNME_27042026.DAT,8266,2c67082cc3f6dc978c05cf3825faa923e9c8cdd9b48908354c11291721a13a43
2026,2026-04-27,149_SALES_DATA_NNME_27042026.DAT,C:\Users\jonat\PycharmProjects\NSWpropertyData\RawData\DAT\2026\20260427\149_SALES_DATA_NNME_27042026.DAT,1813,013de922fda46a616a74dd39a782efc0285eb7898c7531d8ec66b295185d9c44
2026,2026-04-27,150_SALES_DATA_NNME_27042026.DAT,C:\Users\jonat\PycharmProjects\NSWpropertyData\RawData\DAT\2026\20260427\150_SALES_DATA_NNME_27042026.DAT,5872,0af36063c70fe74ffff2cf9839748ab0d3ee04187113ebc629db8584b1e1e769
2026,2026-04-27,151_SALES_DATA_NNME_27042026.DAT,C:\Users\jonat\PycharmProjects\NSWpropertyData\RawData\DAT\2026\20260427\151_SALES_DATA_NNME_27042026.DAT,4100,1b078a7fccb16569d1b81ba2a6637aae0e638521582294bc3749d2c15f6c2b41
2026,2026-04-27,152_SALES_DATA_NNME_27042026.DAT,C:\Users\jonat\PycharmProjects\NSWpropertyData\RawData\DAT\2026\20260427\152_SALES_DATA_NNME_27042026.DAT,13734,4ba10d9ebed9a37d8ff3b17d43e6286e467335a3554777a7a4d410888d5efe8f
2026,2026-04-27,157_SALES_DATA_NNME_27042026.DAT,C:\Users\jonat\PycharmProjects\NSWpropertyData\RawData\DAT\2026\20260427\157_SALES_DATA_NNME_27042026.DAT,4565,b3b0be03fb75d66b4cbb711555d8bd9779fbb805bcd56c130514fdfd75d882ba
2026,2026-04-27,158_SALES_DATA_NNME_27042026.DAT,C:\Users\jonat\PycharmProjects\NSWpropertyData\RawData\DAT\2026\20260427\158_SALES_DATA_NNME_27042026.DAT,1225,4f1f71a74f4e3ec7e672ffe145effdeb708d50be8c823f892e85dca9de690b0d
2026,2026-04-27,159_SALES_DATA_NNME_27042026.DAT,C:\Users\jonat\PycharmProjects\NSWpropertyData\RawData\DAT\2026\20260427\159_SALES_DATA_NNME_27042026.DAT,4889,7def5582637c2e5eafbb6ed763613d6f92932e9f133ab62d545dafa08feb3ada
2026,2026-04-27,164_SALES_DATA_NNME_27042026.DAT,C:\Users\jonat\PycharmProjects\NSWpropertyData\RawData\DAT\2026\20260427\164_SALES_DATA_NNME_27042026.DAT,4379,5eda5ea90797490e8ea4525b96738ad7b7ccf4f52ac2354000ab81475540ef9d
2026,2026-04-27,171_SALES_DATA_NNME_27042026.DAT,C:\Users\jonat\PycharmProjects\NSWpropertyData\RawData\DAT\2026\20260427\171_SALES_DATA_NNME_27042026.DAT,11879,e603b2b0b35016f590f6f5d3ffdb5d2a3699c67510fbe45da53dbadf03bd7034
2026,2026-04-27,187_SALES_DATA_NNME_27042026.DAT,C:\Users\jonat\PycharmProjects\NSWpropertyData\RawData\DAT\2026\20260427\187_SALES_DATA_NNME_27042026.DAT,2050,2dfc93ad2de107b58380c7c7678cf79e2cebed70efe6bc087f97f3d242c3e726
2026,2026-04-27,188_SALES_DATA_NNME_27042026.DAT,C:\Users\jonat\PycharmProjects\NSWpropertyData\RawData\DAT\2026\20260427\188_SALES_DATA_NNME_27042026.DAT,3653,d1bd2893a255c9daef8689a97d53caaab9db09a48f907a35e131879469ef0b2d
2026,2026-04-27,192_SALES_DATA_NNME_27042026.DAT,C:\Users\jonat\PycharmProjects\NSWpropertyData\RawData\DAT\2026\20260427\192_SALES_DATA_NNME_27042026.DAT,1708,383210571d9c2a1c0f7ef7c8f5f1e1b3c2d8aa022da41e79c02b3a24b0616068
2026,2026-04-27,199_SALES_DATA_NNME_27042026.DAT,C:\Users\jonat\PycharmProjects\NSWpropertyData\RawData\DAT\2026\20260427\199_SALES_DATA_NNME_27042026.DAT,935,2448053e44165c7a647e114ec069ad3ecfc74d3bfa30262b5b98a626eb5807d6
2026,2026-04-27,207_SALES_DATA_NNME_27042026.DAT,C:\Users\jonat\PycharmProjects\NSWpropertyData\RawData\DAT\2026\20260427\207_SALES_DATA_NNME_27042026.DAT,17726,92c975bc70551199360a97fbeeb1884465c5182be0469e53aec8db99acc68fbb
2026,2026-04-27,209_SALES_DATA_NNME_27042026.DAT,C:\Users\jonat\PycharmProjects\NSWpropertyData\RawData\DAT\2026\20260427\209_SALES_DATA_NNME_27042026.DAT,10498,e5d1bb18b6d14da65401f5b34dfd6d61e481301da0ca0a706f8ada4233a60353
2026,2026-04-27,210_SALES_DATA_NNME_27042026.DAT,C:\Users\jonat\PycharmProjects\NSWpropertyData\RawData\DAT\2026\20260427\210_SALES_DATA_NNME_27042026.DAT,13762,fe38131f5cb075ee56685a659720ae4a5f7e4221b6c5828f166a7a2aa6d1fab8
2026,2026-04-27,214_SALES_DATA_NNME_27042026.DAT,C:\Users\jonat\PycharmProjects\NSWpropertyData\RawData\DAT\2026\20260427\214_SALES_DATA_NNME_27042026.DAT,52908,533b4ac2daaae64f65a68636e5cf1df4157a0995131c1a95ba9228bb48f3aabb
2026,2026-04-27,216_SALES_DATA_NNME_27042026.DAT,C:\Users\jonat\PycharmProjects\NSWpropertyData\RawData\DAT\2026\20260427\216_SALES_DATA_NNME_27042026.DAT,9350,156fb50f86b92f03070584a7ace389d38837950d877dbdb8baaa30de0966dbe0
2026,2026-04-27,217_SALES_DATA_NNME_27042026.DAT,C:\Users\jonat\PycharmProjects\NSWpropertyData\RawData\DAT\2026\20260427\217_SALES_DATA_NNME_27042026.DAT,13571,0825b72be6b8de50ffb8c78553387b8036aa322415f80d46a91b28e0c51ad26f
2026,2026-04-27,218_SALES_DATA_NNME_27042026.DAT,C:\Users\jonat\PycharmProjects\NSWpropertyData\RawData\DAT\2026\20260427\218_SALES_DATA_NNME_27042026.DAT,17972,822889d8cceb1657c434fdac1a614fc3db6d596c8bfa031b923d84966717c3a4
2026,2026-04-27,219_SALES_DATA_NNME_27042026.DAT,C:\Users\jonat\PycharmProjects\NSWpropertyData\RawData\DAT\2026\20260427\219_SALES_DATA_NNME_27042026.DAT,9609,6fd64f68e9915ac5eea9f89c5c52ca99208f8790a717d029c6d8255b0fd1f48d
2026,2026-04-27,220_SALES_DATA_NNME_27042026.DAT,C:\Users\jonat\PycharmProjects\NSWpropertyData\RawData\DAT\2026\20260427\220_SALES_DATA_NNME_27042026.DAT,9966,b803abde00e05b324a6c6c1a8964285acb59a688930f2a44e369331ac5aaf618
2026,2026-04-27,222_SALES_DATA_NNME_27042026.DAT,C:\Users\jonat\PycharmProjects\NSWpropertyData\RawData\DAT\2026\20260427\222_SALES_DATA_NNME_27042026.DAT,3202,b960139025857990db755d38080ae02a4c4aae3ca4fc20aa3c9aa0cb21e8b21d
2026,2026-04-27,223_SALES_DATA_NNME_27042026.DAT,C:\Users\jonat\PycharmProjects\NSWpropertyData\RawData\DAT\2026\20260427\223_SALES_DATA_NNME_27042026.DAT,25976,bdaabcc0159e0ceeb156139466328bf436f11b6cddd6392e30221e5a912f8170
2026,2026-04-27,224_SALES_DATA_NNME_27042026.DAT,C:\Users\jonat\PycharmProjects\NSWpropertyData\RawData\DAT\2026\20260427\224_SALES_DATA_NNME_27042026.DAT,22334,dc3cf1d6338c00c4cc58c1a9c15a818ba8338ad8e6e3d3edf8d44390069a7947
2026,2026-04-27,226_SALES_DATA_NNME_27042026.DAT,C:\Users\jonat\PycharmProjects\NSWpropertyData\RawData\DAT\2026\20260427\226_SALES_DATA_NNME_27042026.DAT,12726,3768bea24383555bc5a71b358362abc93fd23a2646e02a40306c37857e0215ec
2026,2026-04-27,230_SALES_DATA_NNME_27042026.DAT,C:\Users\jonat\PycharmProjects\NSWpropertyData\RawData\DAT\2026\20260427\230_SALES_DATA_NNME_27042026.DAT,284,eb4ecc99f5946426432b816202f3a8bb85c2ecd227af961b7e12fbe06b8d5203
2026,2026-04-27,232_SALES_DATA_NNME_27042026.DAT,C:\Users\jonat\PycharmProjects\NSWpropertyData\RawData\DAT\2026\20260427\232_SALES_DATA_NNME_27042026.DAT,373,b50d9e2088e28d8c55bd12f68127c87547ad7a31e520354e27f2e28ffb5c9cda
2026,2026-04-27,233_SALES_DATA_NNME_27042026.DAT,C:\Users\jonat\PycharmProjects\NSWpropertyData\RawData\DAT\2026\20260427\233_SALES_DATA_NNME_27042026.DAT,339,3d0b3481b939c19e88e105e0750dde97bfc10f3d87d32d5f0f3da7ae6d68f6a9
2026,2026-04-27,234_SALES_DATA_NNME_27042026.DAT,C:\Users\jonat\PycharmProjects\NSWpropertyData\RawData\DAT\2026\20260427\234_SALES_DATA_NNME_27042026.DAT,4048,ed9041ab15b9149e4c6ed2c78af9bcb16d9250faaa3d165d8c68e7c5a83a27ca
2026,2026-04-27,235_SALES_DATA_NNME_27042026.DAT,C:\Users\jonat\PycharmProjects\NSWpropertyData\RawData\DAT\2026\20260427\235_SALES_DATA_NNME_27042026.DAT,389,d303f6016b3da1c5d63c94258322b717aa67e41e41707fd30734284e5722d2c0
2026,2026-04-27,236_SALES_DATA_NNME_27042026.DAT,C:\Users\jonat\PycharmProjects\NSWpropertyData\RawData\DAT\2026\20260427\236_SALES_DATA_NNME_27042026.DAT,1185,aa205bf24129d78bddd9174e27e26738e3c9fbf9d674e8eb4b4fecea655c61c1
2026,2026-04-27,238_SALES_DATA_NNME_27042026.DAT,C:\Users\jonat\PycharmProjects\NSWpropertyData\RawData\DAT\2026\20260427\238_SALES_DATA_NNME_27042026.DAT,893,d871e57fa46b06e4ad3e2838a00193169537643edb3c7418ddf97e698226d6dd
2026,2026-04-27,239_SALES_DATA_NNME_27042026.DAT,C:\Users\jonat\PycharmProjects\NSWpropertyData\RawData\DAT\2026\20260427\239_SALES_DATA_NNME_27042026.DAT,333,9fbdf6f76bc25ccecf38f95568c89807121118237104f9ff328b4d96404925b5
2026,2026-04-27,240_SALES_DATA_NNME_27042026.DAT,C:\Users\jonat\PycharmProjects\NSWpropertyData\RawData\DAT\2026\20260427\240_SALES_DATA_NNME_27042026.DAT,1268,f4bf5016244a1cac3552d015e6195d16495f89274b79d9ff62f44300db2aced1
2026,2026-04-27,243_SALES_DATA_NNME_27042026.DAT,C:\Users\jonat\PycharmProjects\NSWpropertyData\RawData\DAT\2026\20260427\243_SALES_DATA_NNME_27042026.DAT,331,d47ca3c7afdb2f25d497968dfd1ccb2891575ace60b1d64d20dedcff2ac10d02
2026,2026-04-27,244_SALES_DATA_NNME_27042026.DAT,C:\Users\jonat\PycharmProjects\NSWpropertyData\RawData\DAT\2026\20260427\244_SALES_DATA_NNME_27042026.DAT,2018,b2e03e4c715825cb9d99a0e42755eb964d41bfef2366299533e56769bc6a6e3e
2026,2026-04-27,247_SALES_DATA_NNME_27042026.DAT,C:\Users\jonat\PycharmProjects\NSWpropertyData\RawData\DAT\2026\20260427\247_SALES_DATA_NNME_27042026.DAT,1479,2b0d0af6706ea3587e215c138a9b84ad68b37c62b22de259edc14d7f85a6f885
2026,2026-04-27,250_SALES_DATA_NNME_27042026.DAT,C:\Users\jonat\PycharmProjects\NSWpropertyData\RawData\DAT\2026\20260427\250_SALES_DATA_NNME_27042026.DAT,1981,73e1c6405c13e58b98d26514ebcb423fc9ff875f20f674c8b8669f75f861e78f
2026,2026-04-27,251_SALES_DATA_NNME_27042026.DAT,C:\Users\jonat\PycharmProjects\NSWpropertyData\RawData\DAT\2026\20260427\251_SALES_DATA_NNME_27042026.DAT,865,869c9cfa8b4a74dbb43a04170719a978bc40b10abbb21d21260930d3997c4c9f
2026,2026-04-27,253_SALES_DATA_NNME_27042026.DAT,C:\Users\jonat\PycharmProjects\NSWpropertyData\RawData\DAT\2026\20260427\253_SALES_DATA_NNME_27042026.DAT,833,279aa620cd738ce69fef14d218cd9d5f0aa4dc6002fb8f95f94412bedaca41b1
2026,2026-04-27,254_SALES_DATA_NNME_27042026.DAT,C:\Users\jonat\PycharmProjects\NSWpropertyData\RawData\DAT\2026\20260427\254_SALES_DATA_NNME_27042026.DAT,292,87f9b039a71852b2fa6fedffad8c0f9c6bba0f53dc12f5c3c2a34dfa21c8fcc2
2026,2026-04-27,255_SALES_DATA_NNME_27042026.DAT,C:\Users\jonat\PycharmProjects\NSWpropertyData\RawData\DAT\2026\20260427\255_SALES_DATA_NNME_27042026.DAT,4175,2709244733c61e58e9d08ce6a4e1fe1e903918307364d3f991e040a0e362abf3
2026,2026-04-27,257_SALES_DATA_NNME_27042026.DAT,C:\Users\jonat\PycharmProjects\NSWpropertyData\RawData\DAT\2026\20260427\257_SALES_DATA_NNME_27042026.DAT,4135,59c6ccdb1597bfc22ad7d2c8b00cd8f0b12832b18e3b88357b67e5d79b6ca871
2026,2026-04-27,258_SALES_DATA_NNME_27042026.DAT,C:\Users\jonat\PycharmProjects\NSWpropertyData\RawData\DAT\2026\20260427\258_SALES_DATA_NNME_27042026.DAT,29918,c90603e29fd386001cdc9f10a11c3663666097a70c0cbd550675c44463594af0
2026,2026-04-27,259_SALES_DATA_NNME_27042026.DAT,C:\Users\jonat\PycharmProjects\NSWpropertyData\RawData\DAT\2026\20260427\259_SALES_DATA_NNME_27042026.DAT,51154,c504a97daa60d2a1bb4c57890b26898921509e75c3e6d4fe4b249dd4752be9b9
2026,2026-04-27,260_SALES_DATA_NNME_27042026.DAT,C:\Users\jonat\PycharmProjects\NSWpropertyData\RawData\DAT\2026\20260427\260_SALES_DATA_NNME_27042026.DAT,38135,2ae0cbefc8a284fc296f52214397ff4d0fbea23d22b1e0f85134aaf42be6c5d7
2026,2026-04-27,261_SALES_DATA_NNME_27042026.DAT,C:\Users\jonat\PycharmProjects\NSWpropertyData\RawData\DAT\2026\20260427\261_SALES_DATA_NNME_27042026.DAT,23050,2ed4753813c6d659e5d914409c4d8d477e41226a9d88a2443abb30a9789ff445
2026,2026-04-27,262_SALES_DATA_NNME_27042026.DAT,C:\Users\jonat\PycharmProjects\NSWpropertyData\RawData\DAT\2026\20260427\262_SALES_DATA_NNME_27042026.DAT,1386,d7b84bf5c9dd574b5fde946af442a7b7838e625bec0e3c6af076d453c6d150fe
2026,2026-04-27,263_SALES_DATA_NNME_27042026.DAT,C:\Users\jonat\PycharmProjects\NSWpropertyData\RawData\DAT\2026\20260427\263_SALES_DATA_NNME_27042026.DAT,2941,d1bfc02239da1aad2e0b0b5e1cf12616d648e81e8d3aa6a32b10c18d8d45d2e2
2026,2026-04-27,264_SALES_DATA_NNME_27042026.DAT,C:\Users\jonat\PycharmProjects\NSWpropertyData\RawData\DAT\2026\20260427\264_SALES_DATA_NNME_27042026.DAT,16526,a5a78f36256f4baf78a5bce9ba74eb97d67e11fd027cc0a60a6f6ac3d4f4bd3c
2026,2026-04-27,265_SALES_DATA_NNME_27042026.DAT,C:\Users\jonat\PycharmProjects\NSWpropertyData\RawData\DAT\2026\20260427\265_SALES_DATA_NNME_27042026.DAT,1563,3c4e3160cceeb8a7c23b70983d459bb7b37c097dac5aa109825ed47c5ddc3307
2026,2026-04-27,266_SALES_DATA_NNME_27042026.DAT,C:\Users\jonat\PycharmProjects\NSWpropertyData\RawData\DAT\2026\20260427\266_SALES_DATA_NNME_27042026.DAT,2510,0c98cc90fadce036f9789b8a2088cb220655c28b4ea149775c955e2afeef921c
2026,2026-04-27,267_SALES_DATA_NNME_27042026.DAT,C:\Users\jonat\PycharmProjects\NSWpropertyData\RawData\DAT\2026\20260427\267_SALES_DATA_NNME_27042026.DAT,18602,0ae03e6adf90572befa1d3ccde9cd4bdccbd73929b64cbd7db55d9528b694ac4
2026,2026-04-27,268_SALES_DATA_NNME_27042026.DAT,C:\Users\jonat\PycharmProjects\NSWpropertyData\RawData\DAT\2026\20260427\268_SALES_DATA_NNME_27042026.DAT,24738,354a6571c3320a36e57d85fae26ad0af62724e1277aef50a19817fab20234969
2026,2026-04-27,269_SALES_DATA_NNME_27042026.DAT,C:\Users\jonat\PycharmProjects\NSWpropertyData\RawData\DAT\2026\20260427\269_SALES_DATA_NNME_27042026.DAT,2432,5e19a342a947364ee04727606e0621f5af9aa991697352ede38b540859ad9e15
2026,2026-04-27,270_SALES_DATA_NNME_27042026.DAT,C:\Users\jonat\PycharmProjects\NSWpropertyData\RawData\DAT\2026\20260427\270_SALES_DATA_NNME_27042026.DAT,618,cf1ddfb9f3fa068834f616a969ab9e2937a97710bfbb17a7b8dd4eb73c2135b8
2026,2026-04-27,271_SALES_DATA_NNME_27042026.DAT,C:\Users\jonat\PycharmProjects\NSWpropertyData\RawData\DAT\2026\20260427\271_SALES_DATA_NNME_27042026.DAT,31848,ec8cd3e258f628d97e75b99865271b185542e3d294484076d1f87f8a4dff4b1c
2026,2026-04-27,272_SALES_DATA_NNME_27042026.DAT,C:\Users\jonat\PycharmProjects\NSWpropertyData\RawData\DAT\2026\20260427\272_SALES_DATA_NNME_27042026.DAT,10217,b7743b895b6ed7f460203df6d8de1107a7ef9ea53d7df080e3476ddbec5cb2b1
2026,2026-04-27,273_SALES_DATA_NNME_27042026.DAT,C:\Users\jonat\PycharmProjects\NSWpropertyData\RawData\DAT\2026\20260427\273_SALES_DATA_NNME_27042026.DAT,3271,2adfea4394e4dff2b1221213de4bc95fe4e8b68baa4eca011f2bec0fa9097ba6
2026,2026-04-27,274_SALES_DATA_NNME_27042026.DAT,C:\Users\jonat\PycharmProjects\NSWpropertyData\RawData\DAT\2026\20260427\274_SALES_DATA_NNME_27042026.DAT,1703,7b4e607dbb5d06f7d3839519e86335f574828d3256bfe1f8c8314018812c5d59
2026,2026-04-27,275_SALES_DATA_NNME_27042026.DAT,C:\Users\jonat\PycharmProjects\NSWpropertyData\RawData\DAT\2026\20260427\275_SALES_DATA_NNME_27042026.DAT,12743,157217796a0577bcf930e91b9c1204d3d9b884cffbef9e0725ebaea371baffb0
2026,2026-04-27,276_SALES_DATA_NNME_27042026.DAT,C:\Users\jonat\PycharmProjects\NSWpropertyData\RawData\DAT\2026\20260427\276_SALES_DATA_NNME_27042026.DAT,23568,276dd49f333f77c0c2cfc0267f87bf94f010e061fc02bfa5ec0a20e02c2df6af
2026,2026-04-27,300_SALES_DATA_NNME_27042026.DAT,C:\Users\jonat\PycharmProjects\NSWpropertyData\RawData\DAT\2026\20260427\300_SALES_DATA_NNME_27042026.DAT,1538,b27849012e1d4c7e9ea4212a8bc41fc14f9db8b253477176063a487e9782d1e2
2026,2026-04-27,301_SALES_DATA_NNME_27042026.DAT,C:\Users\jonat\PycharmProjects\NSWpropertyData\RawData\DAT\2026\20260427\301_SALES_DATA_NNME_27042026.DAT,1733,f359cd758c6c81d39c27b555db79896bff5cce6a4c5a7caf37965e3c226ae7f5
2026,2026-04-27,302_SALES_DATA_NNME_27042026.DAT,C:\Users\jonat\PycharmProjects\NSWpropertyData\RawData\DAT\2026\20260427\302_SALES_DATA_NNME_27042026.DAT,832,5d5af325c0ed815a7daa4c2146a432ced787e4f990a58388f6b1a5e4e06c57d1
2026,2026-04-27,303_SALES_DATA_NNME_27042026.DAT,C:\Users\jonat\PycharmProjects\NSWpropertyData\RawData\DAT\2026\20260427\303_SALES_DATA_NNME_27042026.DAT,10442,ce0b046431350a3649a6ae1ac8aeb2f7115035763b81f260f02f51d5d22ad0b3
2026,2026-04-27,511_SALES_DATA_NNME_27042026.DAT,C:\Users\jonat\PycharmProjects\NSWpropertyData\RawData\DAT\2026\20260427\511_SALES_DATA_NNME_27042026.DAT,3143,d4d54ca4224191f022a5338766dd888ba09b0157b7b3523c4c8d20dd10b24463
2026,2026-04-27,526_SALES_DATA_NNME_27042026.DAT,C:\Users\jonat\PycharmProjects\NSWpropertyData\RawData\DAT\2026\20260427\526_SALES_DATA_NNME_27042026.DAT,3295,4cc6840f935b6b3c15f43ad991e5e34d4c94ab9932aa685ccba1d55db518f00a
2026,2026-04-27,528_SALES_DATA_NNME_27042026.DAT,C:\Users\jonat\PycharmProjects\NSWpropertyData\RawData\DAT\2026\20260427\528_SALES_DATA_NNME_27042026.DAT,2277,6e82823d52b1ddb347d9871186e464457395976c63f0ab2d58a85c331da14da1
2026,2026-04-27,529_SALES_DATA_NNME_27042026.DAT,C:\Users\jonat\PycharmProjects\NSWpropertyData\RawData\DAT\2026\20260427\529_SALES_DATA_NNME_27042026.DAT,5627,2770019aafd81c7e84eb69714a558e8bc5b0809b52087a371d3cfca18797659e
2026,2026-04-27,537_SALES_DATA_NNME_27042026.DAT,C:\Users\jonat\PycharmProjects\NSWpropertyData\RawData\DAT\2026\20260427\537_SALES_DATA_NNME_27042026.DAT,5230,f0fdb9ac0fa23f140a026cddb1a8761e673c32d84f1bd88c017729cd84a62b54
2026,2026-04-27,538_SALES_DATA_NNME_27042026.DAT,C:\Users\jonat\PycharmProjects\NSWpropertyData\RawData\DAT\2026\20260427\538_SALES_DATA_NNME_27042026.DAT,2289,da83e2712a8cad4a8a342e654f4b2dfda2cda9de7caaac773f0c7439ab403ae8
2026,2026-04-27,560_SALES_DATA_NNME_27042026.DAT,C:\Users\jonat\PycharmProjects\NSWpropertyData\RawData\DAT\2026\20260427\560_SALES_DATA_NNME_27042026.DAT,368,752b21a0d1cafdc829ef2ed94d1379aa91237832f5ffa4b0376409d71adce9ed
2026,2026-04-27,575_SALES_DATA_NNME_27042026.DAT,C:\Users\jonat\PycharmProjects\NSWpropertyData\RawData\DAT\2026\20260427\575_SALES_DATA_NNME_27042026.DAT,7625,cd55e305202c7a168957d22b8dc17ef9fc81eed2b6550cccbb2e8b080577967e
2026,2026-04-27,608_SALES_DATA_NNME_27042026.DAT,C:\Users\jonat\PycharmProjects\NSWpropertyData\RawData\DAT\2026\20260427\608_SALES_DATA_NNME_27042026.DAT,5775,848f60ac9f61e2006edd83ca3768266a81b0904204b0bf7d4483defb0f5bc84a
2026,2026-04-27,620_SALES_DATA_NNME_27042026.DAT,C:\Users\jonat\PycharmProjects\NSWpropertyData\RawData\DAT\2026\20260427\620_SALES_DATA_NNME_27042026.DAT,7692,aaeabcf7726ec01155a048ff9d3c77d25f93bddb010b719c48b8f44ba9b3a9f9
2026,2026-04-27,656_SALES_DATA_NNME_27042026.DAT,C:\Users\jonat\PycharmProjects\NSWpropertyData\RawData\DAT\2026\20260427\656_SALES_DATA_NNME_27042026.DAT,13500,e93201e2ebe454c79e81b871d36b0c3b8ab41537afec89873940e07e96407ecf
2026,2026-04-27,666_SALES_DATA_NNME_27042026.DAT,C:\Users\jonat\PycharmProjects\NSWpropertyData\RawData\DAT\2026\20260427\666_SALES_DATA_NNME_27042026.DAT,14507,e65969d91b1753a0df3260c767f17aed25e0eae99862f9f864c9c158fa1eaabc
2026,2026-04-27,708_SALES_DATA_NNME_27042026.DAT,C:\Users\jonat\PycharmProjects\NSWpropertyData\RawData\DAT\2026\20260427\708_SALES_DATA_NNME_27042026.DAT,31927,fe55f4bf3c32f4f18f61f2cfc8fc7c956289b116bc8ddc895f26717bb4606c27
2026,2026-04-27,902_SALES_DATA_NNME_27042026.DAT,C:\Users\jonat\PycharmProjects\NSWpropertyData\RawData\DAT\2026\20260427\902_SALES_DATA_NNME_27042026.DAT,320,5bb28794e9f582f3d5baecd6da3fbd209ef2a8df0f48c5996b4deed1b7f22811
2026,2026-05-04,001_SALES_DATA_NNME_04052026.DAT,C:\Users\jonat\PycharmProjects\NSWpropertyData\RawData\DAT\2026\20260504\001_SALES_DATA_NNME_04052026.DAT,10193,63a2d75e81ee2e723069631a8feeeca069a07f8e5f7eb28a0c8e82bca7ba047b
2026,2026-05-04,002_SALES_DATA_NNME_04052026.DAT,C:\Users\jonat\PycharmProjects\NSWpropertyData\RawData\DAT\2026\20260504\002_SALES_DATA_NNME_04052026.DAT,4279,ee93e7e2f44e63e21930d1ba0602d6850119becddb73179705961a85042e6faf
2026,2026-05-04,004_SALES_DATA_NNME_04052026.DAT,C:\Users\jonat\PycharmProjects\NSWpropertyData\RawData\DAT\2026\20260504\004_SALES_DATA_NNME_04052026.DAT,25776,887c114c09b61d80166d4eb395b8d6914982a46b0c84f67201d09b0cbf0987a6
2026,2026-05-04,005_SALES_DATA_NNME_04052026.DAT,C:\Users\jonat\PycharmProjects\NSWpropertyData\RawData\DAT\2026\20260504\005_SALES_DATA_NNME_04052026.DAT,17301,b5384954470dd0bcbf2161fc0a632cf58b4c81e76e597a81c811d2bdd9f2b6e3
2026,2026-05-04,007_SALES_DATA_NNME_04052026.DAT,C:\Users\jonat\PycharmProjects\NSWpropertyData\RawData\DAT\2026\20260504\007_SALES_DATA_NNME_04052026.DAT,2757,b1ba368cd2c72b1e4a8efc7b227c044ebab2005f7c00dfb55158b72e6f67f2e4
2026,2026-05-04,008_SALES_DATA_NNME_04052026.DAT,C:\Users\jonat\PycharmProjects\NSWpropertyData\RawData\DAT\2026\20260504\008_SALES_DATA_NNME_04052026.DAT,26267,309c2c877a9f49f7729c9f96a52846780c8fa343482d3bb742997ebc48f469ed
2026,2026-05-04,010_SALES_DATA_NNME_04052026.DAT,C:\Users\jonat\PycharmProjects\NSWpropertyData\RawData\DAT\2026\20260504\010_SALES_DATA_NNME_04052026.DAT,14154,ceb5949d71aac7ddc1ddd62cc5a19dc04516bcfa59953663188485047a8c4c9f
2026,2026-05-04,012_SALES_DATA_NNME_04052026.DAT,C:\Users\jonat\PycharmProjects\NSWpropertyData\RawData\DAT\2026\20260504\012_SALES_DATA_NNME_04052026.DAT,3340,a03434a1e447f52cbd1de55789db6783b09e3f954b1ce23cf4383e9ae71d1e18
2026,2026-05-04,018_SALES_DATA_NNME_04052026.DAT,C:\Users\jonat\PycharmProjects\NSWpropertyData\RawData\DAT\2026\20260504\018_SALES_DATA_NNME_04052026.DAT,6333,7258ef77bd7fc4848d8216feb4f161acd2d33bfc01fc10840dc62d757c250865
2026,2026-05-04,042_SALES_DATA_NNME_04052026.DAT,C:\Users\jonat\PycharmProjects\NSWpropertyData\RawData\DAT\2026\20260504\042_SALES_DATA_NNME_04052026.DAT,1921,c25da0b50c5e9d412b590275effb5401bd33e1c94d8e3d626b46ddab45ba3a1e
2026,2026-05-04,043_SALES_DATA_NNME_04052026.DAT,C:\Users\jonat\PycharmProjects\NSWpropertyData\RawData\DAT\2026\20260504\043_SALES_DATA_NNME_04052026.DAT,336,e3ea01b5a25508c9e404a4cbf2c37a4b348982d78e2e0a57bbc66b3716dffac4
2026,2026-05-04,050_SALES_DATA_NNME_04052026.DAT,C:\Users\jonat\PycharmProjects\NSWpropertyData\RawData\DAT\2026\20260504\050_SALES_DATA_NNME_04052026.DAT,12530,d7b77fe0fd8adc8d157ceb5a8758aacba8b5df283cb1c8c97b04da4d97b503f6
2026,2026-05-04,051_SALES_DATA_NNME_04052026.DAT,C:\Users\jonat\PycharmProjects\NSWpropertyData\RawData\DAT\2026\20260504\051_SALES_DATA_NNME_04052026.DAT,1006,913137e21e8431d5c3471b1c15cc0ee719cd4326a503639cbc7ad0ec69e81ede
2026,2026-05-04,052_SALES_DATA_NNME_04052026.DAT,C:\Users\jonat\PycharmProjects\NSWpropertyData\RawData\DAT\2026\20260504\052_SALES_DATA_NNME_04052026.DAT,290,18b99b5792e215c1f3f8d59a8375fb1439cc4b9d37e2ca415c341855d0ebcb3d
2026,2026-05-04,054_SALES_DATA_NNME_04052026.DAT,C:\Users\jonat\PycharmProjects\NSWpropertyData\RawData\DAT\2026\20260504\054_SALES_DATA_NNME_04052026.DAT,623,205a65549cdc59983deb91ac9174949b830b38ed0652b7323e1cb8991d1a052c
2026,2026-05-04,061_SALES_DATA_NNME_04052026.DAT,C:\Users\jonat\PycharmProjects\NSWpropertyData\RawData\DAT\2026\20260504\061_SALES_DATA_NNME_04052026.DAT,1080,911e62cd95fcebe581696ee182377d9f527485f7bd75727dc52a97e1db75710e
2026,2026-05-04,065_SALES_DATA_NNME_04052026.DAT,C:\Users\jonat\PycharmProjects\NSWpropertyData\RawData\DAT\2026\20260504\065_SALES_DATA_NNME_04052026.DAT,2483,532f61b55e8b95b38311e6d7878bdd5ddac266a2db8f7a8e81e0d823fc14f6f4
2026,2026-05-04,066_SALES_DATA_NNME_04052026.DAT,C:\Users\jonat\PycharmProjects\NSWpropertyData\RawData\DAT\2026\20260504\066_SALES_DATA_NNME_04052026.DAT,1164,0e97503e6bcd266423170d0ec8076f57186a2bcb171525815984e1093d8d9933
2026,2026-05-04,070_SALES_DATA_NNME_04052026.DAT,C:\Users\jonat\PycharmProjects\NSWpropertyData\RawData\DAT\2026\20260504\070_SALES_DATA_NNME_04052026.DAT,899,4581bc29be47965aabb0c2adc36419db23d2fdfde4d01b161dd9a0392408b0d2
2026,2026-05-04,074_SALES_DATA_NNME_04052026.DAT,C:\Users\jonat\PycharmProjects\NSWpropertyData\RawData\DAT\2026\20260504\074_SALES_DATA_NNME_04052026.DAT,1735,3f473e99f3457c174cf9acc9dad5019982f5f46289a9aa12018b2d4813d169d7
2026,2026-05-04,081_SALES_DATA_NNME_04052026.DAT,C:\Users\jonat\PycharmProjects\NSWpropertyData\RawData\DAT\2026\20260504\081_SALES_DATA_NNME_04052026.DAT,23274,b9a01f76bc037354a9d8f6267a3d96e0ec9268139646f76335aed48e15b32b86
2026,2026-05-04,082_SALES_DATA_NNME_04052026.DAT,C:\Users\jonat\PycharmProjects\NSWpropertyData\RawData\DAT\2026\20260504\082_SALES_DATA_NNME_04052026.DAT,16909,73111a7a3da15d00022c36290ee0aca7b6a3d83cc3cb66f1d7bb24c6b3588840
2026,2026-05-04,083_SALES_DATA_NNME_04052026.DAT,C:\Users\jonat\PycharmProjects\NSWpropertyData\RawData\DAT\2026\20260504\083_SALES_DATA_NNME_04052026.DAT,894,ea821fa64f581ab9f9659af9f7791a798daaa6900d5f200a2462751c5b9478ea
2026,2026-05-04,084_SALES_DATA_NNME_04052026.DAT,C:\Users\jonat\PycharmProjects\NSWpropertyData\RawData\DAT\2026\20260504\084_SALES_DATA_NNME_04052026.DAT,14592,e1f229a52a71c681fcf2a734d7df89acf1eb59c617b63d49f8254e64fedd5f1d
2026,2026-05-04,085_SALES_DATA_NNME_04052026.DAT,C:\Users\jonat\PycharmProjects\NSWpropertyData\RawData\DAT\2026\20260504\085_SALES_DATA_NNME_04052026.DAT,3792,c6a80470470c242a69c4c9da972294a3658137285754b80906171ec7d9ebf24b
2026,2026-05-04,087_SALES_DATA_NNME_04052026.DAT,C:\Users\jonat\PycharmProjects\NSWpropertyData\RawData\DAT\2026\20260504\087_SALES_DATA_NNME_04052026.DAT,3469,d851696f95fe7e01d8c6e219e5bb29ea67669737c29b295c0f04543bdcd9cd7a
2026,2026-05-04,088_SALES_DATA_NNME_04052026.DAT,C:\Users\jonat\PycharmProjects\NSWpropertyData\RawData\DAT\2026\20260504\088_SALES_DATA_NNME_04052026.DAT,14803,6fed52b64d527c5551a721e69b4cea8626680049e1453554be090ffa78b4e934
2026,2026-05-04,090_SALES_DATA_NNME_04052026.DAT,C:\Users\jonat\PycharmProjects\NSWpropertyData\RawData\DAT\2026\20260504\090_SALES_DATA_NNME_04052026.DAT,19271,5d53a6595a2f7f98677957fffc5a1f032aad5ef06250a78f31af6e48a63d7086
2026,2026-05-04,092_SALES_DATA_NNME_04052026.DAT,C:\Users\jonat\PycharmProjects\NSWpropertyData\RawData\DAT\2026\20260504\092_SALES_DATA_NNME_04052026.DAT,7366,cee5fc6048d48e21228dde30331d866c54fcd9d5388ae13c513759d4aa6f9f73
2026,2026-05-04,097_SALES_DATA_NNME_04052026.DAT,C:\Users\jonat\PycharmProjects\NSWpropertyData\RawData\DAT\2026\20260504\097_SALES_DATA_NNME_04052026.DAT,6292,37b98e9e81c5479228f0f746e1c93bc096fb388ccce1e38a32bda50d19594462
2026,2026-05-04,098_SALES_DATA_NNME_04052026.DAT,C:\Users\jonat\PycharmProjects\NSWpropertyData\RawData\DAT\2026\20260504\098_SALES_DATA_NNME_04052026.DAT,2420,16a87fe900ad5f2f6de0201193e48810153043a5f4036ad3a2d090ddb60a031c
2026,2026-05-04,100_SALES_DATA_NNME_04052026.DAT,C:\Users\jonat\PycharmProjects\NSWpropertyData\RawData\DAT\2026\20260504\100_SALES_DATA_NNME_04052026.DAT,10477,cb48b5424913039a246d9cf36481ea0236b94c5d882e1d7506efe9d0b0ffb9b6
2026,2026-05-04,101_SALES_DATA_NNME_04052026.DAT,C:\Users\jonat\PycharmProjects\NSWpropertyData\RawData\DAT\2026\20260504\101_SALES_DATA_NNME_04052026.DAT,19267,7a4fcdca64689822f75d7ae4c98937a4508eee0185a39d7184a7b931e0685cfb
2026,2026-05-04,102_SALES_DATA_NNME_04052026.DAT,C:\Users\jonat\PycharmProjects\NSWpropertyData\RawData\DAT\2026\20260504\102_SALES_DATA_NNME_04052026.DAT,11793,81717654059f7ce1f669ab98842f9894555e609a9f4f8b3103338e885e777213
2026,2026-05-04,103_SALES_DATA_NNME_04052026.DAT,C:\Users\jonat\PycharmProjects\NSWpropertyData\RawData\DAT\2026\20260504\103_SALES_DATA_NNME_04052026.DAT,22372,c46a1a38ab8cb560e6391ba456f5cf383642b8011852fb3e678a76ad98e38b69
2026,2026-05-04,109_SALES_DATA_NNME_04052026.DAT,C:\Users\jonat\PycharmProjects\NSWpropertyData\RawData\DAT\2026\20260504\109_SALES_DATA_NNME_04052026.DAT,615,ef018e825e686fce5c2d05ec23297119e87d97be5101d02c001ef314cbf9108f
2026,2026-05-04,116_SALES_DATA_NNME_04052026.DAT,C:\Users\jonat\PycharmProjects\NSWpropertyData\RawData\DAT\2026\20260504\116_SALES_DATA_NNME_04052026.DAT,3414,0771cffb61db44b62f8e64e4bc6b6c0f8c3ad522108311c364a2cf32db0a6d9f
2026,2026-05-04,117_SALES_DATA_NNME_04052026.DAT,C:\Users\jonat\PycharmProjects\NSWpropertyData\RawData\DAT\2026\20260504\117_SALES_DATA_NNME_04052026.DAT,2372,6cc71db083a6b07d1b2ff460b248b080ad33363f0184e6596b9d59f4a9518a35
2026,2026-05-04,118_SALES_DATA_NNME_04052026.DAT,C:\Users\jonat\PycharmProjects\NSWpropertyData\RawData\DAT\2026\20260504\118_SALES_DATA_NNME_04052026.DAT,1789,8b3547e2216fcf5ae28505ecfbb78b7745297ea34b49e5aa9335f52f5e59930d
2026,2026-05-04,123_SALES_DATA_NNME_04052026.DAT,C:\Users\jonat\PycharmProjects\NSWpropertyData\RawData\DAT\2026\20260504\123_SALES_DATA_NNME_04052026.DAT,964,966492bfbe849d264bbad0ad09c08dd878cfc2af82819e58df5b39178654db2e
2026,2026-05-04,124_SALES_DATA_NNME_04052026.DAT,C:\Users\jonat\PycharmProjects\NSWpropertyData\RawData\DAT\2026\20260504\124_SALES_DATA_NNME_04052026.DAT,7248,9a850fac19db953423a9421d63d6bbee3818545a4325d92f4143ff6ac2e04273
2026,2026-05-04,137_SALES_DATA_NNME_04052026.DAT,C:\Users\jonat\PycharmProjects\NSWpropertyData\RawData\DAT\2026\20260504\137_SALES_DATA_NNME_04052026.DAT,3467,156491279a265492c3f89f39e74c5ad13ca9dc403d6813f5a281a81a379f5577
2026,2026-05-04,139_SALES_DATA_NNME_04052026.DAT,C:\Users\jonat\PycharmProjects\NSWpropertyData\RawData\DAT\2026\20260504\139_SALES_DATA_NNME_04052026.DAT,7690,e7fcf9dbc4ff5ffa8cb14e6a87ec0ace8d36a20e365be10d2ab028d7c26bb2b8
2026,2026-05-04,143_SALES_DATA_NNME_04052026.DAT,C:\Users\jonat\PycharmProjects\NSWpropertyData\RawData\DAT\2026\20260504\143_SALES_DATA_NNME_04052026.DAT,7116,1680fea2d437bf3e8a050221b6105218477c5864879764710314878cb4fd095b
2026,2026-05-04,144_SALES_DATA_NNME_04052026.DAT,C:\Users\jonat\PycharmProjects\NSWpropertyData\RawData\DAT\2026\20260504\144_SALES_DATA_NNME_04052026.DAT,32424,f8acb7becc0962afd2db5cc9f00c8e3609e2ea05ee71b983ebcc9bc841ac9734
2026,2026-05-04,148_SALES_DATA_NNME_04052026.DAT,C:\Users\jonat\PycharmProjects\NSWpropertyData\RawData\DAT\2026\20260504\148_SALES_DATA_NNME_04052026.DAT,6342,289e3a21acfe1b5fe2c8cbf21c013d70bfedec0c20b7a7a1fbcf5166ef901a49
2026,2026-05-04,149_SALES_DATA_NNME_04052026.DAT,C:\Users\jonat\PycharmProjects\NSWpropertyData\RawData\DAT\2026\20260504\149_SALES_DATA_NNME_04052026.DAT,1370,ab3c26b477c8038aec471f4106dcda37bd69532df531bb43aeacbe5e8e65d452
2026,2026-05-04,150_SALES_DATA_NNME_04052026.DAT,C:\Users\jonat\PycharmProjects\NSWpropertyData\RawData\DAT\2026\20260504\150_SALES_DATA_NNME_04052026.DAT,7350,159db01fcf7db08b4fd84b9ab13d6c32e1af709d0b7ae0e470a09ddaa26375e1
2026,2026-05-04,151_SALES_DATA_NNME_04052026.DAT,C:\Users\jonat\PycharmProjects\NSWpropertyData\RawData\DAT\2026\20260504\151_SALES_DATA_NNME_04052026.DAT,2959,ebff42a69ba74e9e06354ccdb5ae6d3b1e9e1765fd3cb8979bfafe1a0efaca23
2026,2026-05-04,152_SALES_DATA_NNME_04052026.DAT,C:\Users\jonat\PycharmProjects\NSWpropertyData\RawData\DAT\2026\20260504\152_SALES_DATA_NNME_04052026.DAT,10521,b3ae6f38f17d6f5e156b3fd5072e6877afafedb8de1114801468b23749682806
2026,2026-05-04,157_SALES_DATA_NNME_04052026.DAT,C:\Users\jonat\PycharmProjects\NSWpropertyData\RawData\DAT\2026\20260504\157_SALES_DATA_NNME_04052026.DAT,6202,1b66d659d1886db8ce6160f64c762eccf60ec582e90e8a32706fe563d3fef6e4
2026,2026-05-04,158_SALES_DATA_NNME_04052026.DAT,C:\Users\jonat\PycharmProjects\NSWpropertyData\RawData\DAT\2026\20260504\158_SALES_DATA_NNME_04052026.DAT,681,e53d629ca62f6278db21bd619dfd9542edff948da1696362a38bf71d198f763f
2026,2026-05-04,159_SALES_DATA_NNME_04052026.DAT,C:\Users\jonat\PycharmProjects\NSWpropertyData\RawData\DAT\2026\20260504\159_SALES_DATA_NNME_04052026.DAT,12544,cb90b245a5fe915b8e798b136c904ebdc4474ecc052eca8300175fed228ffd1d
2026,2026-05-04,164_SALES_DATA_NNME_04052026.DAT,C:\Users\jonat\PycharmProjects\NSWpropertyData\RawData\DAT\2026\20260504\164_SALES_DATA_NNME_04052026.DAT,2944,bc744cecfc9c1b0d963d52781a4c5fa1e57985f0e7104bd619c6d82418ad00b8
2026,2026-05-04,171_SALES_DATA_NNME_04052026.DAT,C:\Users\jonat\PycharmProjects\NSWpropertyData\RawData\DAT\2026\20260504\171_SALES_DATA_NNME_04052026.DAT,18042,7e0dbf5ceaad3519364784a1f1fe4d99415803a6766d76d6c98402037d682714
2026,2026-05-04,187_SALES_DATA_NNME_04052026.DAT,C:\Users\jonat\PycharmProjects\NSWpropertyData\RawData\DAT\2026\20260504\187_SALES_DATA_NNME_04052026.DAT,2692,31748cbc829e8420d1f48aefb1492861bb4e1d6ec2ecf9b1ba9138e1dc428a67
2026,2026-05-04,188_SALES_DATA_NNME_04052026.DAT,C:\Users\jonat\PycharmProjects\NSWpropertyData\RawData\DAT\2026\20260504\188_SALES_DATA_NNME_04052026.DAT,3619,a14becb035c24e9436a464bd7fd09d673a3768f1bc743de4f65f972fa769cde8
2026,2026-05-04,192_SALES_DATA_NNME_04052026.DAT,C:\Users\jonat\PycharmProjects\NSWpropertyData\RawData\DAT\2026\20260504\192_SALES_DATA_NNME_04052026.DAT,3778,8f764d464781a1b0caa12eff35f92bab6727c965cf53da8b60952de5ca4cdd90
2026,2026-05-04,199_SALES_DATA_NNME_04052026.DAT,C:\Users\jonat\PycharmProjects\NSWpropertyData\RawData\DAT\2026\20260504\199_SALES_DATA_NNME_04052026.DAT,949,0072d01f3d4ef211a3c9821c6ee89d5a11443af40cc096522c0d41197ed90a89
2026,2026-05-04,207_SALES_DATA_NNME_04052026.DAT,C:\Users\jonat\PycharmProjects\NSWpropertyData\RawData\DAT\2026\20260504\207_SALES_DATA_NNME_04052026.DAT,17366,fa40113697f28602166191d17e1bff2580e5b5c02023f99b5be27f3d45fc946f
2026,2026-05-04,209_SALES_DATA_NNME_04052026.DAT,C:\Users\jonat\PycharmProjects\NSWpropertyData\RawData\DAT\2026\20260504\209_SALES_DATA_NNME_04052026.DAT,9547,74e7181666960bd4a4292db468a97a2e0e2574b60e21356a50f951d0123bd203
2026,2026-05-04,210_SALES_DATA_NNME_04052026.DAT,C:\Users\jonat\PycharmProjects\NSWpropertyData\RawData\DAT\2026\20260504\210_SALES_DATA_NNME_04052026.DAT,8698,6bd483de5e1ab8236dc2e95887957e6d4f0de70c5710c2b71e2b90ebcda37c5c
2026,2026-05-04,214_SALES_DATA_NNME_04052026.DAT,C:\Users\jonat\PycharmProjects\NSWpropertyData\RawData\DAT\2026\20260504\214_SALES_DATA_NNME_04052026.DAT,44072,aba3ca642ed2447108425ecc11bf25bee6981915e192d83a7739df16d9a25c4a
2026,2026-05-04,216_SALES_DATA_NNME_04052026.DAT,C:\Users\jonat\PycharmProjects\NSWpropertyData\RawData\DAT\2026\20260504\216_SALES_DATA_NNME_04052026.DAT,11275,9d8f54d6c150c72116724ae818242b53637ecf02d58128706a6734e01169aeb8
2026,2026-05-04,217_SALES_DATA_NNME_04052026.DAT,C:\Users\jonat\PycharmProjects\NSWpropertyData\RawData\DAT\2026\20260504\217_SALES_DATA_NNME_04052026.DAT,19668,76dc4d836119ac6d28bca2f5bd624e420d1a7fe5e72ea8feefa4a31fd83c7ca8
2026,2026-05-04,218_SALES_DATA_NNME_04052026.DAT,C:\Users\jonat\PycharmProjects\NSWpropertyData\RawData\DAT\2026\20260504\218_SALES_DATA_NNME_04052026.DAT,19953,0cf1c7b703883b887384d7071d527b0c9723dca7a78003c4de55b26dbc18b9be
2026,2026-05-04,219_SALES_DATA_NNME_04052026.DAT,C:\Users\jonat\PycharmProjects\NSWpropertyData\RawData\DAT\2026\20260504\219_SALES_DATA_NNME_04052026.DAT,12142,2cffad4ea44df4823cfb25f42425207501a7a6fb24794f6862df480e56c6416a
2026,2026-05-04,220_SALES_DATA_NNME_04052026.DAT,C:\Users\jonat\PycharmProjects\NSWpropertyData\RawData\DAT\2026\20260504\220_SALES_DATA_NNME_04052026.DAT,12318,d1c4ebe1c44d81b0e0ac0e4ec40f348c806135d7a13ae7a4c416cf0fe1b61183
2026,2026-05-04,222_SALES_DATA_NNME_04052026.DAT,C:\Users\jonat\PycharmProjects\NSWpropertyData\RawData\DAT\2026\20260504\222_SALES_DATA_NNME_04052026.DAT,2491,30ff4e302707b036dd40424c3fb6489edab6c9066b4d2785b0d6f6eea0bf1f82
2026,2026-05-04,223_SALES_DATA_NNME_04052026.DAT,C:\Users\jonat\PycharmProjects\NSWpropertyData\RawData\DAT\2026\20260504\223_SALES_DATA_NNME_04052026.DAT,22863,25015e091086f6340eafee186da29ececeaaa709fd75f74a9617309def641f86
2026,2026-05-04,224_SALES_DATA_NNME_04052026.DAT,C:\Users\jonat\PycharmProjects\NSWpropertyData\RawData\DAT\2026\20260504\224_SALES_DATA_NNME_04052026.DAT,24434,f162b8e84cab8203c2cc19b903be399f3d7aec5deeac150db3ed88298bcc490b
2026,2026-05-04,226_SALES_DATA_NNME_04052026.DAT,C:\Users\jonat\PycharmProjects\NSWpropertyData\RawData\DAT\2026\20260504\226_SALES_DATA_NNME_04052026.DAT,18211,19d4176c4ac1755792189d163eb1b41665ad20705396b15e15664a62a32bd0b8
2026,2026-05-04,231_SALES_DATA_NNME_04052026.DAT,C:\Users\jonat\PycharmProjects\NSWpropertyData\RawData\DAT\2026\20260504\231_SALES_DATA_NNME_04052026.DAT,298,b2f94ae92b81d06c2d276d958fbb0e7a4c89f3dedaa9088d2fe1c217db439db9
2026,2026-05-04,232_SALES_DATA_NNME_04052026.DAT,C:\Users\jonat\PycharmProjects\NSWpropertyData\RawData\DAT\2026\20260504\232_SALES_DATA_NNME_04052026.DAT,856,59b7fd114a64361a61502c955b938fe33765538acfd67376b1064781c7a4a13f
2026,2026-05-04,234_SALES_DATA_NNME_04052026.DAT,C:\Users\jonat\PycharmProjects\NSWpropertyData\RawData\DAT\2026\20260504\234_SALES_DATA_NNME_04052026.DAT,3887,3952492cbaf55aa87ee980c8ae933f380d2fd1564311a8f0a5183b571df9deb9
2026,2026-05-04,235_SALES_DATA_NNME_04052026.DAT,C:\Users\jonat\PycharmProjects\NSWpropertyData\RawData\DAT\2026\20260504\235_SALES_DATA_NNME_04052026.DAT,296,91fc3f35032d21db1e66c756b72943b27053fb17532d549b0e848505baa8d8d8
2026,2026-05-04,236_SALES_DATA_NNME_04052026.DAT,C:\Users\jonat\PycharmProjects\NSWpropertyData\RawData\DAT\2026\20260504\236_SALES_DATA_NNME_04052026.DAT,690,e65471e681f6348befcbc52d297a9bb9ec93b9723c36b53ddbdfcaca22e48a5f
2026,2026-05-04,238_SALES_DATA_NNME_04052026.DAT,C:\Users\jonat\PycharmProjects\NSWpropertyData\RawData\DAT\2026\20260504\238_SALES_DATA_NNME_04052026.DAT,619,65bb4b3277ac168aff7f154516f5b2a236e9abdcd18b09a9928d9e18b21f9a60
2026,2026-05-04,239_SALES_DATA_NNME_04052026.DAT,C:\Users\jonat\PycharmProjects\NSWpropertyData\RawData\DAT\2026\20260504\239_SALES_DATA_NNME_04052026.DAT,328,480d1db3d9ad7790b14e6e2ed8074f16ddd154ef8779bcf01fb95e0bb294f46c
2026,2026-05-04,240_SALES_DATA_NNME_04052026.DAT,C:\Users\jonat\PycharmProjects\NSWpropertyData\RawData\DAT\2026\20260504\240_SALES_DATA_NNME_04052026.DAT,1110,9f1fe1f42263a6da965f03b3c652098af7bb39488ea96173b022ae9f58646b9f
2026,2026-05-04,243_SALES_DATA_NNME_04052026.DAT,C:\Users\jonat\PycharmProjects\NSWpropertyData\RawData\DAT\2026\20260504\243_SALES_DATA_NNME_04052026.DAT,603,ec7979a6b799939f748fd6d228efbc00f35a2e9f8d3504a311d828067d6bc59e
2026,2026-05-04,244_SALES_DATA_NNME_04052026.DAT,C:\Users\jonat\PycharmProjects\NSWpropertyData\RawData\DAT\2026\20260504\244_SALES_DATA_NNME_04052026.DAT,1442,ddd315982c2e3f028f5ea90bef21dfa784d30559ca27bc8b8cf79fa5705cc089
2026,2026-05-04,247_SALES_DATA_NNME_04052026.DAT,C:\Users\jonat\PycharmProjects\NSWpropertyData\RawData\DAT\2026\20260504\247_SALES_DATA_NNME_04052026.DAT,2323,8dc450f7492cd6a380b538e6db07f82218ae9265df9abf7bee9406fd54e0e43e
2026,2026-05-04,250_SALES_DATA_NNME_04052026.DAT,C:\Users\jonat\PycharmProjects\NSWpropertyData\RawData\DAT\2026\20260504\250_SALES_DATA_NNME_04052026.DAT,541,f8cccfb666a2cdee04365e003b7c995d2fcf275e1de06339b84eae0e1e18a0ce
2026,2026-05-04,251_SALES_DATA_NNME_04052026.DAT,C:\Users\jonat\PycharmProjects\NSWpropertyData\RawData\DAT\2026\20260504\251_SALES_DATA_NNME_04052026.DAT,337,853da3c37289988dbdef70feaed822b01bd23c4ef4af576086f9a72a5fa90116
2026,2026-05-04,252_SALES_DATA_NNME_04052026.DAT,C:\Users\jonat\PycharmProjects\NSWpropertyData\RawData\DAT\2026\20260504\252_SALES_DATA_NNME_04052026.DAT,381,583e94f20d9e1df81877a65ae4b48b4b3ca61c7ebb1d65430c7bee97a8020b64
2026,2026-05-04,253_SALES_DATA_NNME_04052026.DAT,C:\Users\jonat\PycharmProjects\NSWpropertyData\RawData\DAT\2026\20260504\253_SALES_DATA_NNME_04052026.DAT,1103,321de1551a63f11f6128ac4d4f9c03352f4bd3044b51f44d5622ff190dad806c
2026,2026-05-04,254_SALES_DATA_NNME_04052026.DAT,C:\Users\jonat\PycharmProjects\NSWpropertyData\RawData\DAT\2026\20260504\254_SALES_DATA_NNME_04052026.DAT,580,148c9c59d21d00b16066b6a4231d65ef0a5777da312b6be481dd720ece4b60e0
2026,2026-05-04,255_SALES_DATA_NNME_04052026.DAT,C:\Users\jonat\PycharmProjects\NSWpropertyData\RawData\DAT\2026\20260504\255_SALES_DATA_NNME_04052026.DAT,1753,847fd4163b04bd668959b0d62d86d9021170ac1c274d6d022189c4005ed8cc53
2026,2026-05-04,257_SALES_DATA_NNME_04052026.DAT,C:\Users\jonat\PycharmProjects\NSWpropertyData\RawData\DAT\2026\20260504\257_SALES_DATA_NNME_04052026.DAT,6745,a27f212a5bff98cacd0b8bdd5ace2ecb617b4e796b9e7adcb5a75988083b1439
2026,2026-05-04,258_SALES_DATA_NNME_04052026.DAT,C:\Users\jonat\PycharmProjects\NSWpropertyData\RawData\DAT\2026\20260504\258_SALES_DATA_NNME_04052026.DAT,25587,fb5b10b17cb98f9c99fe7129b9a7699883b8eaa49f5d05485aa047c3a0b2cabe
2026,2026-05-04,259_SALES_DATA_NNME_04052026.DAT,C:\Users\jonat\PycharmProjects\NSWpropertyData\RawData\DAT\2026\20260504\259_SALES_DATA_NNME_04052026.DAT,51945,249bc3c18b044bfa1ba3a798cf958a139470fc01f50c487caac0175f83d32130
2026,2026-05-04,260_SALES_DATA_NNME_04052026.DAT,C:\Users\jonat\PycharmProjects\NSWpropertyData\RawData\DAT\2026\20260504\260_SALES_DATA_NNME_04052026.DAT,30888,ec3b67a52599f394ca2bd4c8971099ab2214c45afe1077fe730802cf7f9eb811
2026,2026-05-04,261_SALES_DATA_NNME_04052026.DAT,C:\Users\jonat\PycharmProjects\NSWpropertyData\RawData\DAT\2026\20260504\261_SALES_DATA_NNME_04052026.DAT,23100,257f4a5beb481299f50cc00d6bd968157e6a98690cae76793d48d5f9d97699aa
2026,2026-05-04,262_SALES_DATA_NNME_04052026.DAT,C:\Users\jonat\PycharmProjects\NSWpropertyData\RawData\DAT\2026\20260504\262_SALES_DATA_NNME_04052026.DAT,2485,8160ec773db04293f4ab8393c8ecde4fa7e7c69898ba4cfcbfd441231a5bc5de
2026,2026-05-04,263_SALES_DATA_NNME_04052026.DAT,C:\Users\jonat\PycharmProjects\NSWpropertyData\RawData\DAT\2026\20260504\263_SALES_DATA_NNME_04052026.DAT,1126,6d1fe2e75afe7e58344345d540f60bd061f8e38f24a93e94c1ecc31f64ebc464
2026,2026-05-04,264_SALES_DATA_NNME_04052026.DAT,C:\Users\jonat\PycharmProjects\NSWpropertyData\RawData\DAT\2026\20260504\264_SALES_DATA_NNME_04052026.DAT,16625,bdb4f20f22bc29d9201ccb118c9970a58648326512d3c14cb7b663e185e18fbd
2026,2026-05-04,265_SALES_DATA_NNME_04052026.DAT,C:\Users\jonat\PycharmProjects\NSWpropertyData\RawData\DAT\2026\20260504\265_SALES_DATA_NNME_04052026.DAT,2875,444dce57edfb0242bee4d2a1ac1b9541f5ea513ea2b3d10c1c5e5d5744764a14
2026,2026-05-04,266_SALES_DATA_NNME_04052026.DAT,C:\Users\jonat\PycharmProjects\NSWpropertyData\RawData\DAT\2026\20260504\266_SALES_DATA_NNME_04052026.DAT,5019,4d6e4a8db21cf5ff5925337381d19d567bd9acd36d6c1b21855b9faae850807d
2026,2026-05-04,267_SALES_DATA_NNME_04052026.DAT,C:\Users\jonat\PycharmProjects\NSWpropertyData\RawData\DAT\2026\20260504\267_SALES_DATA_NNME_04052026.DAT,26028,6cf4db979bba9bfbdac73e009a4ebc022ad2e3dbb88b7853d7885a1df9daf202
2026,2026-05-04,268_SALES_DATA_NNME_04052026.DAT,C:\Users\jonat\PycharmProjects\NSWpropertyData\RawData\DAT\2026\20260504\268_SALES_DATA_NNME_04052026.DAT,19703,f802359834843c865a5ddd5f7f7467a3928bd843db02be439fd0562edfc1debd
2026,2026-05-04,269_SALES_DATA_NNME_04052026.DAT,C:\Users\jonat\PycharmProjects\NSWpropertyData\RawData\DAT\2026\20260504\269_SALES_DATA_NNME_04052026.DAT,3322,35a9c5feba8392da38369ae60420d9bf8aecd3a865846ed67ddf2089418733d7
2026,2026-05-04,271_SALES_DATA_NNME_04052026.DAT,C:\Users\jonat\PycharmProjects\NSWpropertyData\RawData\DAT\2026\20260504\271_SALES_DATA_NNME_04052026.DAT,29877,0ce86151a791333db7f7bc6d24f5482b93f9a2d7ff000678d562e9f9e57a121e
2026,2026-05-04,272_SALES_DATA_NNME_04052026.DAT,C:\Users\jonat\PycharmProjects\NSWpropertyData\RawData\DAT\2026\20260504\272_SALES_DATA_NNME_04052026.DAT,11931,2e30f0ed621db5741df21673e08ecaccf3dc4caf8b83b466bb1f385c3bec1981
2026,2026-05-04,273_SALES_DATA_NNME_04052026.DAT,C:\Users\jonat\PycharmProjects\NSWpropertyData\RawData\DAT\2026\20260504\273_SALES_DATA_NNME_04052026.DAT,7015,078ecb863314a667a9270ec53f72d134d72f88426654de96708d402784823dc3
2026,2026-05-04,274_SALES_DATA_NNME_04052026.DAT,C:\Users\jonat\PycharmProjects\NSWpropertyData\RawData\DAT\2026\20260504\274_SALES_DATA_NNME_04052026.DAT,2006,a86d95a26a641912771a5238c6ea115b2c10121b437281c11c112ac20c0b75e5
2026,2026-05-04,275_SALES_DATA_NNME_04052026.DAT,C:\Users\jonat\PycharmProjects\NSWpropertyData\RawData\DAT\2026\20260504\275_SALES_DATA_NNME_04052026.DAT,10888,e37fdcf77665fccc8464772e2262776644f2221d1f796e4f25fb88bf172705a9
2026,2026-05-04,276_SALES_DATA_NNME_04052026.DAT,C:\Users\jonat\PycharmProjects\NSWpropertyData\RawData\DAT\2026\20260504\276_SALES_DATA_NNME_04052026.DAT,21082,9ff436530041ad27efda0c941f1592504547010875ddb002ce5130e72282c76e
2026,2026-05-04,300_SALES_DATA_NNME_04052026.DAT,C:\Users\jonat\PycharmProjects\NSWpropertyData\RawData\DAT\2026\20260504\300_SALES_DATA_NNME_04052026.DAT,906,9a493f0d2e720be1fee36e703e48077ba6e03afb1fb88cd7a42d67bbae94ee29
2026,2026-05-04,301_SALES_DATA_NNME_04052026.DAT,C:\Users\jonat\PycharmProjects\NSWpropertyData\RawData\DAT\2026\20260504\301_SALES_DATA_NNME_04052026.DAT,3196,eaf4f5fced1d37402c4e55acf51e1c8dd5459d2c955c0e0fd84efbee489d3c15
2026,2026-05-04,302_SALES_DATA_NNME_04052026.DAT,C:\Users\jonat\PycharmProjects\NSWpropertyData\RawData\DAT\2026\20260504\302_SALES_DATA_NNME_04052026.DAT,1539,4b883658ea37b9fbaaa093d219eaa0eb370084ba6ffc85af0bd8fb78268d334a
2026,2026-05-04,303_SALES_DATA_NNME_04052026.DAT,C:\Users\jonat\PycharmProjects\NSWpropertyData\RawData\DAT\2026\20260504\303_SALES_DATA_NNME_04052026.DAT,9761,a7b0dc9d5beb20da69fd1c61f2d58fae6db390a4c1732ae9d77c1e468164c1f6
2026,2026-05-04,511_SALES_DATA_NNME_04052026.DAT,C:\Users\jonat\PycharmProjects\NSWpropertyData\RawData\DAT\2026\20260504\511_SALES_DATA_NNME_04052026.DAT,2085,6ffd4eef634163dee62bd8a9f592f1b826ca223e07a0e72243eb3b63259d3ee7
2026,2026-05-04,526_SALES_DATA_NNME_04052026.DAT,C:\Users\jonat\PycharmProjects\NSWpropertyData\RawData\DAT\2026\20260504\526_SALES_DATA_NNME_04052026.DAT,1798,75920d638013a30e931d4ad9a82c4d6efee279fd3f6e32b6337bdffb345f5e35
2026,2026-05-04,528_SALES_DATA_NNME_04052026.DAT,C:\Users\jonat\PycharmProjects\NSWpropertyData\RawData\DAT\2026\20260504\528_SALES_DATA_NNME_04052026.DAT,2385,e6f930d4169f9cbfc31b611427e06f697e9cf4085d0c32ccd098eac88f374fc2
2026,2026-05-04,529_SALES_DATA_NNME_04052026.DAT,C:\Users\jonat\PycharmProjects\NSWpropertyData\RawData\DAT\2026\20260504\529_SALES_DATA_NNME_04052026.DAT,6218,13cfd8a18da0c0be769580837c01198f44398e849af268fb0b49a288aa49cd9e
2026,2026-05-04,537_SALES_DATA_NNME_04052026.DAT,C:\Users\jonat\PycharmProjects\NSWpropertyData\RawData\DAT\2026\20260504\537_SALES_DATA_NNME_04052026.DAT,1202,ccdffaac581996e9094bf5b453517ccf015b3346f679a1f59adde78d8a21ae07
2026,2026-05-04,538_SALES_DATA_NNME_04052026.DAT,C:\Users\jonat\PycharmProjects\NSWpropertyData\RawData\DAT\2026\20260504\538_SALES_DATA_NNME_04052026.DAT,2972,6c51b61ac2de89760f0afc66d99579968975c84d1667a121dba1819b0311ff60
2026,2026-05-04,560_SALES_DATA_NNME_04052026.DAT,C:\Users\jonat\PycharmProjects\NSWpropertyData\RawData\DAT\2026\20260504\560_SALES_DATA_NNME_04052026.DAT,1709,b5810fe843363d792f9b3d2e9420f8836a5be9a9a194753ff58299897ac93575
2026,2026-05-04,575_SALES_DATA_NNME_04052026.DAT,C:\Users\jonat\PycharmProjects\NSWpropertyData\RawData\DAT\2026\20260504\575_SALES_DATA_NNME_04052026.DAT,11656,08983f68ec956b266f5f0cc2216e97cb9f9e04122c4951b862fb1f12d4ecdb8e
2026,2026-05-04,608_SALES_DATA_NNME_04052026.DAT,C:\Users\jonat\PycharmProjects\NSWpropertyData\RawData\DAT\2026\20260504\608_SALES_DATA_NNME_04052026.DAT,6187,e13e370bdc4b7eb3af01273ea2d9872cfdf077eb4c01338266f28346a1aa25ac
2026,2026-05-04,620_SALES_DATA_NNME_04052026.DAT,C:\Users\jonat\PycharmProjects\NSWpropertyData\RawData\DAT\2026\20260504\620_SALES_DATA_NNME_04052026.DAT,5672,62d569546a4eb16f4fd0352ea7258c96c21018e676671810d4ec3736867afe89
2026,2026-05-04,656_SALES_DATA_NNME_04052026.DAT,C:\Users\jonat\PycharmProjects\NSWpropertyData\RawData\DAT\2026\20260504\656_SALES_DATA_NNME_04052026.DAT,17797,9f47826408a819cd83115f36f58c6b25f35ba21b7093ce9b9b42a02f0426a8a5
2026,2026-05-04,666_SALES_DATA_NNME_04052026.DAT,C:\Users\jonat\PycharmProjects\NSWpropertyData\RawData\DAT\2026\20260504\666_SALES_DATA_NNME_04052026.DAT,12033,40c7bb5b5fe0806328a365823f9f4864f6a975db577882301eb7d18c65872ad9
2026,2026-05-04,708_SALES_DATA_NNME_04052026.DAT,C:\Users\jonat\PycharmProjects\NSWpropertyData\RawData\DAT\2026\20260504\708_SALES_DATA_NNME_04052026.DAT,35403,98ae01f76e3131ffdf93772a8e2be63dc2f6769029d24d92f1d068bf57e7b633
2026,2026-05-11,001_SALES_DATA_NNME_11052026.DAT,C:\Users\jonat\PycharmProjects\NSWpropertyData\RawData\DAT\2026\20260511\001_SALES_DATA_NNME_11052026.DAT,8358,0349e3eaba42da0b541b9ace85c12824fea2f9752b1f9602cf2daa0d8d660a49
2026,2026-05-11,004_SALES_DATA_NNME_11052026.DAT,C:\Users\jonat\PycharmProjects\NSWpropertyData\RawData\DAT\2026\20260511\004_SALES_DATA_NNME_11052026.DAT,22199,3118290240db46f5b5ec9eb5a5bcd442f6fc984b2d0c9a0c0c4dd32eb507649d
2026,2026-05-11,005_SALES_DATA_NNME_11052026.DAT,C:\Users\jonat\PycharmProjects\NSWpropertyData\RawData\DAT\2026\20260511\005_SALES_DATA_NNME_11052026.DAT,13183,2ac85dca8e014bc9ddb40d1f3344c67e8a4bfc57357f23d3f946a51a55cb17c3
2026,2026-05-11,007_SALES_DATA_NNME_11052026.DAT,C:\Users\jonat\PycharmProjects\NSWpropertyData\RawData\DAT\2026\20260511\007_SALES_DATA_NNME_11052026.DAT,1868,5818957313de2563459188b5e21faf026407da96392e4117c5a2b1ea7f3e7bde
2026,2026-05-11,008_SALES_DATA_NNME_11052026.DAT,C:\Users\jonat\PycharmProjects\NSWpropertyData\RawData\DAT\2026\20260511\008_SALES_DATA_NNME_11052026.DAT,23003,9b5cdb5990c5fcd5b39f728129b89a6a1f69c3a3291f0d5b0c91ceb0f8ea908c
2026,2026-05-11,010_SALES_DATA_NNME_11052026.DAT,C:\Users\jonat\PycharmProjects\NSWpropertyData\RawData\DAT\2026\20260511\010_SALES_DATA_NNME_11052026.DAT,12325,2ea48c2bb83fe44be93a2adf885296287221fb776f24f28262fcf6b03dfca229
2026,2026-05-11,012_SALES_DATA_NNME_11052026.DAT,C:\Users\jonat\PycharmProjects\NSWpropertyData\RawData\DAT\2026\20260511\012_SALES_DATA_NNME_11052026.DAT,3941,717c51615c7153c4e89beda7962c14c77c1b89c3f7e615d5b64f82fe80c59646
2026,2026-05-11,018_SALES_DATA_NNME_11052026.DAT,C:\Users\jonat\PycharmProjects\NSWpropertyData\RawData\DAT\2026\20260511\018_SALES_DATA_NNME_11052026.DAT,6698,da39269e58582ae85694fd0ff9120f417f099c29c9ce0f71f78552d4ef8c0ca1
2026,2026-05-11,042_SALES_DATA_NNME_11052026.DAT,C:\Users\jonat\PycharmProjects\NSWpropertyData\RawData\DAT\2026\20260511\042_SALES_DATA_NNME_11052026.DAT,1627,f60017339fbde1d34a4960b8fdb4104551b7546bd819283fc66aa7c6935c8ca6
2026,2026-05-11,043_SALES_DATA_NNME_11052026.DAT,C:\Users\jonat\PycharmProjects\NSWpropertyData\RawData\DAT\2026\20260511\043_SALES_DATA_NNME_11052026.DAT,380,3acf02f7deade54a5c6925e200f9ebe398f8b4c783d480c04db39e76d1b81e21
2026,2026-05-11,050_SALES_DATA_NNME_11052026.DAT,C:\Users\jonat\PycharmProjects\NSWpropertyData\RawData\DAT\2026\20260511\050_SALES_DATA_NNME_11052026.DAT,9209,c294a6b523dbf10463ad6c0c78567322c15079dd32b1452053acd8d7d8c734fd
2026,2026-05-11,051_SALES_DATA_NNME_11052026.DAT,C:\Users\jonat\PycharmProjects\NSWpropertyData\RawData\DAT\2026\20260511\051_SALES_DATA_NNME_11052026.DAT,2076,faa038c6784e6c9ae793b30f86bc43fde2d327a60c792eb1c3352460c2687bba
2026,2026-05-11,052_SALES_DATA_NNME_11052026.DAT,C:\Users\jonat\PycharmProjects\NSWpropertyData\RawData\DAT\2026\20260511\052_SALES_DATA_NNME_11052026.DAT,301,54a2e3f0f34f1671a2af7210f0a896642f3b3c32d0a5960a71e0b930439bd9cf
2026,2026-05-11,054_SALES_DATA_NNME_11052026.DAT,C:\Users\jonat\PycharmProjects\NSWpropertyData\RawData\DAT\2026\20260511\054_SALES_DATA_NNME_11052026.DAT,888,165158e9a6b0a2e264f2b6a1d99c4c8abdc974f350f11d049fe9e6acf0a97266
2026,2026-05-11,061_SALES_DATA_NNME_11052026.DAT,C:\Users\jonat\PycharmProjects\NSWpropertyData\RawData\DAT\2026\20260511\061_SALES_DATA_NNME_11052026.DAT,333,a4567bdee1887f59cd2ed7afe399c41d468b8d214f5813752724a7d46d3e2844
2026,2026-05-11,065_SALES_DATA_NNME_11052026.DAT,C:\Users\jonat\PycharmProjects\NSWpropertyData\RawData\DAT\2026\20260511\065_SALES_DATA_NNME_11052026.DAT,886,61ad860be5502c8d794278563e2de493f8fb840dc7d4cfae64d4000b26503385
2026,2026-05-11,070_SALES_DATA_NNME_11052026.DAT,C:\Users\jonat\PycharmProjects\NSWpropertyData\RawData\DAT\2026\20260511\070_SALES_DATA_NNME_11052026.DAT,1019,1affad94f3fba2b218b08494611a40e754ccdb8e9a9f53e0b2467702662e4357
2026,2026-05-11,074_SALES_DATA_NNME_11052026.DAT,C:\Users\jonat\PycharmProjects\NSWpropertyData\RawData\DAT\2026\20260511\074_SALES_DATA_NNME_11052026.DAT,2456,3e5e9c18795340a5fc3f7b00e122c89c02d7834e075607d2f49f5af284b98385
2026,2026-05-11,081_SALES_DATA_NNME_11052026.DAT,C:\Users\jonat\PycharmProjects\NSWpropertyData\RawData\DAT\2026\20260511\081_SALES_DATA_NNME_11052026.DAT,19037,a582dc935d518c9656b31afc10a526f7c9a3cbb650d4fbba94a0251ca8262636
2026,2026-05-11,082_SALES_DATA_NNME_11052026.DAT,C:\Users\jonat\PycharmProjects\NSWpropertyData\RawData\DAT\2026\20260511\082_SALES_DATA_NNME_11052026.DAT,8567,736c3cecc5b8cc320674586d6f0ee2a0124a33195ab858885216246a94d1c5ea
2026,2026-05-11,084_SALES_DATA_NNME_11052026.DAT,C:\Users\jonat\PycharmProjects\NSWpropertyData\RawData\DAT\2026\20260511\084_SALES_DATA_NNME_11052026.DAT,12773,b0f02fd2da768275e4bafe6ad7e87e8bc494fcc4e53fc13d478023d6a8ab8270
2026,2026-05-11,085_SALES_DATA_NNME_11052026.DAT,C:\Users\jonat\PycharmProjects\NSWpropertyData\RawData\DAT\2026\20260511\085_SALES_DATA_NNME_11052026.DAT,8236,13391c198f823a31865ac815b2a45e798318f3b70ec7359ba252d788b15f2fea
2026,2026-05-11,087_SALES_DATA_NNME_11052026.DAT,C:\Users\jonat\PycharmProjects\NSWpropertyData\RawData\DAT\2026\20260511\087_SALES_DATA_NNME_11052026.DAT,3202,7ab65bb83bb6eed7b1a8d9c19eeb201e60d97444218ad0a42391f1899f8d1aac
2026,2026-05-11,088_SALES_DATA_NNME_11052026.DAT,C:\Users\jonat\PycharmProjects\NSWpropertyData\RawData\DAT\2026\20260511\088_SALES_DATA_NNME_11052026.DAT,11581,a232fa5bafe004a897fcf0dca62aac720ec44d4e6f3ecfe24d0f88b69d26d4da
2026,2026-05-11,090_SALES_DATA_NNME_11052026.DAT,C:\Users\jonat\PycharmProjects\NSWpropertyData\RawData\DAT\2026\20260511\090_SALES_DATA_NNME_11052026.DAT,12903,1735915ff23ffccd0efa167c8808afe084a922c86aedcc24ce51d0c6b33fff59
2026,2026-05-11,092_SALES_DATA_NNME_11052026.DAT,C:\Users\jonat\PycharmProjects\NSWpropertyData\RawData\DAT\2026\20260511\092_SALES_DATA_NNME_11052026.DAT,6622,5b34544d6c6cf01f7d8bd404e5a685525725c21e203d6d0577ed42b8c5edcb2b
2026,2026-05-11,097_SALES_DATA_NNME_11052026.DAT,C:\Users\jonat\PycharmProjects\NSWpropertyData\RawData\DAT\2026\20260511\097_SALES_DATA_NNME_11052026.DAT,7050,447962f39d73d2bde5409ff1c9674ee2f8ae145a48eee4d084bb3943a7dba8be
2026,2026-05-11,098_SALES_DATA_NNME_11052026.DAT,C:\Users\jonat\PycharmProjects\NSWpropertyData\RawData\DAT\2026\20260511\098_SALES_DATA_NNME_11052026.DAT,3007,c8b2543799ccb72e652bbdae75087c6d927fc091d1c5c4d9231f0e8c4129bac8
2026,2026-05-11,100_SALES_DATA_NNME_11052026.DAT,C:\Users\jonat\PycharmProjects\NSWpropertyData\RawData\DAT\2026\20260511\100_SALES_DATA_NNME_11052026.DAT,7982,763c7f625a08732fd80f2f9fea403d43535c7a59719cd7dc1554c0d39ce5fab1
2026,2026-05-11,101_SALES_DATA_NNME_11052026.DAT,C:\Users\jonat\PycharmProjects\NSWpropertyData\RawData\DAT\2026\20260511\101_SALES_DATA_NNME_11052026.DAT,17532,b709edd21799ccd50a4269397b907f36d85c5d7ed2fbd21cb15fb720574f5d29
2026,2026-05-11,102_SALES_DATA_NNME_11052026.DAT,C:\Users\jonat\PycharmProjects\NSWpropertyData\RawData\DAT\2026\20260511\102_SALES_DATA_NNME_11052026.DAT,7668,245420a844cbbe989fe1821deb80660ad69eab89eb7e4877a229139121f73edd
2026,2026-05-11,103_SALES_DATA_NNME_11052026.DAT,C:\Users\jonat\PycharmProjects\NSWpropertyData\RawData\DAT\2026\20260511\103_SALES_DATA_NNME_11052026.DAT,20496,b12e92acf78e742ea0e73afe8f8741ceb8bd810a9be4e1bd029a3663da07a2fc
2026,2026-05-11,109_SALES_DATA_NNME_11052026.DAT,C:\Users\jonat\PycharmProjects\NSWpropertyData\RawData\DAT\2026\20260511\109_SALES_DATA_NNME_11052026.DAT,1195,9c071c62d7240ab86ae1b0749256e70a833e274d8e37801058ca6b7020a84626
2026,2026-05-11,116_SALES_DATA_NNME_11052026.DAT,C:\Users\jonat\PycharmProjects\NSWpropertyData\RawData\DAT\2026\20260511\116_SALES_DATA_NNME_11052026.DAT,1745,50202aeeed7a5512b4bb8f040c79b25216990ae25105a310599c7e8e56aa7b94
2026,2026-05-11,117_SALES_DATA_NNME_11052026.DAT,C:\Users\jonat\PycharmProjects\NSWpropertyData\RawData\DAT\2026\20260511\117_SALES_DATA_NNME_11052026.DAT,895,748dc0f2d476da74df0e30bb18d26827c42705ee895a706c4d61ce17f459500c
2026,2026-05-11,118_SALES_DATA_NNME_11052026.DAT,C:\Users\jonat\PycharmProjects\NSWpropertyData\RawData\DAT\2026\20260511\118_SALES_DATA_NNME_11052026.DAT,1748,b4e2f62abdd2f2bbac8c8fc244352151fd4910f3990ec95e4676f4303f5de0cf
2026,2026-05-11,123_SALES_DATA_NNME_11052026.DAT,C:\Users\jonat\PycharmProjects\NSWpropertyData\RawData\DAT\2026\20260511\123_SALES_DATA_NNME_11052026.DAT,2025,9934ed0ecd09a38534f8f62c78015ea97566ee2f2873b8a1701713d62c816474
2026,2026-05-11,124_SALES_DATA_NNME_11052026.DAT,C:\Users\jonat\PycharmProjects\NSWpropertyData\RawData\DAT\2026\20260511\124_SALES_DATA_NNME_11052026.DAT,7119,a600c12408b2b3497340ee6004415721d0d62752aed53e57a9c8953924345868
2026,2026-05-11,137_SALES_DATA_NNME_11052026.DAT,C:\Users\jonat\PycharmProjects\NSWpropertyData\RawData\DAT\2026\20260511\137_SALES_DATA_NNME_11052026.DAT,4354,bd62c9532356c1c2b34afc6cf7d852ebc40c35e147a38ca67e205b106dba797c
2026,2026-05-11,139_SALES_DATA_NNME_11052026.DAT,C:\Users\jonat\PycharmProjects\NSWpropertyData\RawData\DAT\2026\20260511\139_SALES_DATA_NNME_11052026.DAT,9258,811cb32f5ef129ee844ec5597025d8bc0d2d09b0bf62ef10b34183a730b88641
2026,2026-05-11,143_SALES_DATA_NNME_11052026.DAT,C:\Users\jonat\PycharmProjects\NSWpropertyData\RawData\DAT\2026\20260511\143_SALES_DATA_NNME_11052026.DAT,4062,6505560fb6a4ac915d8c7b266195c5c436b64a7a16404f79f0a0bd077aa27daf
2026,2026-05-11,144_SALES_DATA_NNME_11052026.DAT,C:\Users\jonat\PycharmProjects\NSWpropertyData\RawData\DAT\2026\20260511\144_SALES_DATA_NNME_11052026.DAT,22581,2c483682660f7cbddbdf5efaf7cffed3ae22a96be7314be11de56e6dfa3c62ea
2026,2026-05-11,148_SALES_DATA_NNME_11052026.DAT,C:\Users\jonat\PycharmProjects\NSWpropertyData\RawData\DAT\2026\20260511\148_SALES_DATA_NNME_11052026.DAT,5959,41b42bdbf90ebb9ae6afe1b47a71057db83cbb8a2a21a63d3f4989635f105693
2026,2026-05-11,149_SALES_DATA_NNME_11052026.DAT,C:\Users\jonat\PycharmProjects\NSWpropertyData\RawData\DAT\2026\20260511\149_SALES_DATA_NNME_11052026.DAT,1655,0822ab86e49dcb59e4bf7d7045412780ea84448a50747090f2722c181222ada0
2026,2026-05-11,150_SALES_DATA_NNME_11052026.DAT,C:\Users\jonat\PycharmProjects\NSWpropertyData\RawData\DAT\2026\20260511\150_SALES_DATA_NNME_11052026.DAT,6097,22581d9ce3bdf66e72727b2241f9485d758bfeb195001bd37dddb2bb61e9d462
2026,2026-05-11,151_SALES_DATA_NNME_11052026.DAT,C:\Users\jonat\PycharmProjects\NSWpropertyData\RawData\DAT\2026\20260511\151_SALES_DATA_NNME_11052026.DAT,3833,9eac901c1a6c0b7119d99b52aeef3bfe46fb617e08353f395554f0f039598a92
2026,2026-05-11,152_SALES_DATA_NNME_11052026.DAT,C:\Users\jonat\PycharmProjects\NSWpropertyData\RawData\DAT\2026\20260511\152_SALES_DATA_NNME_11052026.DAT,9321,b316c3cfaedbdec0445c10bc2d4a909fdf7e35a5fe0164aa474227d70848c383
2026,2026-05-11,157_SALES_DATA_NNME_11052026.DAT,C:\Users\jonat\PycharmProjects\NSWpropertyData\RawData\DAT\2026\20260511\157_SALES_DATA_NNME_11052026.DAT,5771,369de5e3c57a9563772cbdb973dd66247d4e3bb13f007a8251922bddfb67f6d6
2026,2026-05-11,158_SALES_DATA_NNME_11052026.DAT,C:\Users\jonat\PycharmProjects\NSWpropertyData\RawData\DAT\2026\20260511\158_SALES_DATA_NNME_11052026.DAT,1896,6321f1d37f33d3316ab601668514ec6a62ef06c9490fe5f3a77535be1fa80a98
2026,2026-05-11,159_SALES_DATA_NNME_11052026.DAT,C:\Users\jonat\PycharmProjects\NSWpropertyData\RawData\DAT\2026\20260511\159_SALES_DATA_NNME_11052026.DAT,4185,a3fd3e4fa2c67a0405516efb830eea50cffe4e32b146bac23ba56fe8e43614e3
2026,2026-05-11,164_SALES_DATA_NNME_11052026.DAT,C:\Users\jonat\PycharmProjects\NSWpropertyData\RawData\DAT\2026\20260511\164_SALES_DATA_NNME_11052026.DAT,3359,9298450ffa0ddc311057c1a009043069c66d0707e9104038e3319c4de3d2d7b9
2026,2026-05-11,171_SALES_DATA_NNME_11052026.DAT,C:\Users\jonat\PycharmProjects\NSWpropertyData\RawData\DAT\2026\20260511\171_SALES_DATA_NNME_11052026.DAT,13480,f8aeb65a909eeb85d3a07d2fcb2005ed9d6d47720e71bbfff32ca4f062bcdb2e
2026,2026-05-11,187_SALES_DATA_NNME_11052026.DAT,C:\Users\jonat\PycharmProjects\NSWpropertyData\RawData\DAT\2026\20260511\187_SALES_DATA_NNME_11052026.DAT,1913,56d03d083f5fd0078a4dd11490452e46b33e3dc8870c01d5a33affee05fa2196
2026,2026-05-11,188_SALES_DATA_NNME_11052026.DAT,C:\Users\jonat\PycharmProjects\NSWpropertyData\RawData\DAT\2026\20260511\188_SALES_DATA_NNME_11052026.DAT,2836,ff4d8d49786aa2f61a7908703fa1c9610dfafcbf602b3e81eaffa2e4155592cf
2026,2026-05-11,192_SALES_DATA_NNME_11052026.DAT,C:\Users\jonat\PycharmProjects\NSWpropertyData\RawData\DAT\2026\20260511\192_SALES_DATA_NNME_11052026.DAT,1770,9223ab2c2486488c42b1dbe53c4dfde31aaff369ab353bef27d539cdfa10ccf6
2026,2026-05-11,199_SALES_DATA_NNME_11052026.DAT,C:\Users\jonat\PycharmProjects\NSWpropertyData\RawData\DAT\2026\20260511\199_SALES_DATA_NNME_11052026.DAT,953,bd51fa59cb8473b42752db3be119c5610ed1966e664228e372c8e42a2217214e
2026,2026-05-11,207_SALES_DATA_NNME_11052026.DAT,C:\Users\jonat\PycharmProjects\NSWpropertyData\RawData\DAT\2026\20260511\207_SALES_DATA_NNME_11052026.DAT,14254,9fbfa5c159f946fa6c95b57f12c67212a12a83e4f18e0cd4bab15ba1a2f9a9e3
2026,2026-05-11,209_SALES_DATA_NNME_11052026.DAT,C:\Users\jonat\PycharmProjects\NSWpropertyData\RawData\DAT\2026\20260511\209_SALES_DATA_NNME_11052026.DAT,8494,6ed2686aa8ac0c85568a6ab6784442050e6a10d7ede9eb122943e7fb8001b7b6
2026,2026-05-11,210_SALES_DATA_NNME_11052026.DAT,C:\Users\jonat\PycharmProjects\NSWpropertyData\RawData\DAT\2026\20260511\210_SALES_DATA_NNME_11052026.DAT,8251,35924e100f01a61affe609197463c6dc91f617a3b2883cd1c9f5d670a0337d6b
2026,2026-05-11,214_SALES_DATA_NNME_11052026.DAT,C:\Users\jonat\PycharmProjects\NSWpropertyData\RawData\DAT\2026\20260511\214_SALES_DATA_NNME_11052026.DAT,34735,15f61480a50058dbcdefc3783ec1d3bfaad6e91624c1f2211194840e41072094
2026,2026-05-11,216_SALES_DATA_NNME_11052026.DAT,C:\Users\jonat\PycharmProjects\NSWpropertyData\RawData\DAT\2026\20260511\216_SALES_DATA_NNME_11052026.DAT,9144,4dbb652450c56bd567220a05af6cf4695d2b0b9592a490c23bcc497dfb8890ac
2026,2026-05-11,217_SALES_DATA_NNME_11052026.DAT,C:\Users\jonat\PycharmProjects\NSWpropertyData\RawData\DAT\2026\20260511\217_SALES_DATA_NNME_11052026.DAT,16259,c558b6427cb6d592f6a9a392adc71965afb89392023693dfdfaebca4eb064366
2026,2026-05-11,218_SALES_DATA_NNME_11052026.DAT,C:\Users\jonat\PycharmProjects\NSWpropertyData\RawData\DAT\2026\20260511\218_SALES_DATA_NNME_11052026.DAT,14934,cf401ace0e708d5bd15d3f599a3787041625a48b63545316d99f9f1a94bf85f3
2026,2026-05-11,219_SALES_DATA_NNME_11052026.DAT,C:\Users\jonat\PycharmProjects\NSWpropertyData\RawData\DAT\2026\20260511\219_SALES_DATA_NNME_11052026.DAT,7669,5989d9c3cc64a9cbbdc0b7486d31573f2536d790d8eaed14a11f4b06322839d0
2026,2026-05-11,220_SALES_DATA_NNME_11052026.DAT,C:\Users\jonat\PycharmProjects\NSWpropertyData\RawData\DAT\2026\20260511\220_SALES_DATA_NNME_11052026.DAT,9994,0d28edb6284925b8a8f8c7dd4b58e4e58f8c1f03d2625ec01013a683e98fdc50
2026,2026-05-11,222_SALES_DATA_NNME_11052026.DAT,C:\Users\jonat\PycharmProjects\NSWpropertyData\RawData\DAT\2026\20260511\222_SALES_DATA_NNME_11052026.DAT,2539,51218c46b66dd127048bf1f6db1f832b19bf325bb4474cb4706b14a366b038df
2026,2026-05-11,223_SALES_DATA_NNME_11052026.DAT,C:\Users\jonat\PycharmProjects\NSWpropertyData\RawData\DAT\2026\20260511\223_SALES_DATA_NNME_11052026.DAT,23332,2207f4fd4fc17e74ea5809414e593bb35115890cb206d362cd1d910c65a9cd47
2026,2026-05-11,224_SALES_DATA_NNME_11052026.DAT,C:\Users\jonat\PycharmProjects\NSWpropertyData\RawData\DAT\2026\20260511\224_SALES_DATA_NNME_11052026.DAT,15312,2d223d67b4e5e9a0a855fc88f33ff2ffadf909e9fa3079e3ef0a329a38c4ab5b
2026,2026-05-11,226_SALES_DATA_NNME_11052026.DAT,C:\Users\jonat\PycharmProjects\NSWpropertyData\RawData\DAT\2026\20260511\226_SALES_DATA_NNME_11052026.DAT,9955,fe62f66bbfede26a641de5a03fe5e3dd7d2cb87eb1d1d619bb9acb3a2f7728ba
2026,2026-05-11,231_SALES_DATA_NNME_11052026.DAT,C:\Users\jonat\PycharmProjects\NSWpropertyData\RawData\DAT\2026\20260511\231_SALES_DATA_NNME_11052026.DAT,701,3b2c149d506a7e2a26b7d9d1c0b52ab5ebec4cae2f24bfad4c293d1696d9346b
2026,2026-05-11,232_SALES_DATA_NNME_11052026.DAT,C:\Users\jonat\PycharmProjects\NSWpropertyData\RawData\DAT\2026\20260511\232_SALES_DATA_NNME_11052026.DAT,1857,d25aebf2b9a4669b6ae4fc80dc362c003d85e6edf0b09e6b1e172b887c92d35f
2026,2026-05-11,234_SALES_DATA_NNME_11052026.DAT,C:\Users\jonat\PycharmProjects\NSWpropertyData\RawData\DAT\2026\20260511\234_SALES_DATA_NNME_11052026.DAT,1958,530d6244409e9ed230755f151b3a4c5c385fc29aa20a791ef252c7c50b72138f
2026,2026-05-11,235_SALES_DATA_NNME_11052026.DAT,C:\Users\jonat\PycharmProjects\NSWpropertyData\RawData\DAT\2026\20260511\235_SALES_DATA_NNME_11052026.DAT,295,9ada956252bf3dc79fb8f8291a41c7f2b9fafea6575296e6d85d7022a68ed30c
2026,2026-05-11,236_SALES_DATA_NNME_11052026.DAT,C:\Users\jonat\PycharmProjects\NSWpropertyData\RawData\DAT\2026\20260511\236_SALES_DATA_NNME_11052026.DAT,296,575d036b9885fb0d0ec48ecf18f1e827dc27ac7d86870026cad09040323da196
2026,2026-05-11,238_SALES_DATA_NNME_11052026.DAT,C:\Users\jonat\PycharmProjects\NSWpropertyData\RawData\DAT\2026\20260511\238_SALES_DATA_NNME_11052026.DAT,331,1c09b676af5070dd70834b4403158d98b3c70635ffe4cfb2d7e26227fe6c31db
2026,2026-05-11,244_SALES_DATA_NNME_11052026.DAT,C:\Users\jonat\PycharmProjects\NSWpropertyData\RawData\DAT\2026\20260511\244_SALES_DATA_NNME_11052026.DAT,893,021024aeedd5b0f314f9e6de026690d490f1cc23f8c16fa150508f404629194c
2026,2026-05-11,247_SALES_DATA_NNME_11052026.DAT,C:\Users\jonat\PycharmProjects\NSWpropertyData\RawData\DAT\2026\20260511\247_SALES_DATA_NNME_11052026.DAT,2688,9b826bbe32acc9b42e7c01206bec1662ac8bf4ecd011341881db640d3f8a95aa
2026,2026-05-11,250_SALES_DATA_NNME_11052026.DAT,C:\Users\jonat\PycharmProjects\NSWpropertyData\RawData\DAT\2026\20260511\250_SALES_DATA_NNME_11052026.DAT,1309,ef98b6bc2eb1db38f24fd81511dc7011adb0f23d7840339242208ad86d1bd46a
2026,2026-05-11,251_SALES_DATA_NNME_11052026.DAT,C:\Users\jonat\PycharmProjects\NSWpropertyData\RawData\DAT\2026\20260511\251_SALES_DATA_NNME_11052026.DAT,3224,f9b0377e1b6af9aa7aa5c7f9fd1cd3e3bc3ad437782ae5ccffdaf4f6b979d97a
2026,2026-05-11,252_SALES_DATA_NNME_11052026.DAT,C:\Users\jonat\PycharmProjects\NSWpropertyData\RawData\DAT\2026\20260511\252_SALES_DATA_NNME_11052026.DAT,332,d4e9be035f7c4fe98d2d522853477c5240a12df4bf274c2d0a637ccc85503dc5
2026,2026-05-11,253_SALES_DATA_NNME_11052026.DAT,C:\Users\jonat\PycharmProjects\NSWpropertyData\RawData\DAT\2026\20260511\253_SALES_DATA_NNME_11052026.DAT,2049,4c5ac363ea38a543703b4b74ea8182ec6f51e034890d453edc55719fb70c02d6
2026,2026-05-11,254_SALES_DATA_NNME_11052026.DAT,C:\Users\jonat\PycharmProjects\NSWpropertyData\RawData\DAT\2026\20260511\254_SALES_DATA_NNME_11052026.DAT,943,422d2cd7290560a5a0184317ba7d9af085e9c6db0cedb876c9acf84325adaef9
2026,2026-05-11,255_SALES_DATA_NNME_11052026.DAT,C:\Users\jonat\PycharmProjects\NSWpropertyData\RawData\DAT\2026\20260511\255_SALES_DATA_NNME_11052026.DAT,787,1b4336c3a4e683a673daa0a7f0478b910c3f28f2c512dbb9aa7170be7afe75aa
2026,2026-05-11,257_SALES_DATA_NNME_11052026.DAT,C:\Users\jonat\PycharmProjects\NSWpropertyData\RawData\DAT\2026\20260511\257_SALES_DATA_NNME_11052026.DAT,3932,f0a11cc93a57b3810ea0dec401dd0d67940db82166d4d46fd6a4dcc56dae62fa
2026,2026-05-11,258_SALES_DATA_NNME_11052026.DAT,C:\Users\jonat\PycharmProjects\NSWpropertyData\RawData\DAT\2026\20260511\258_SALES_DATA_NNME_11052026.DAT,27595,5db1159575ae100532d377ae99ab37b6344475abefd8811e5572b9a556f847ee
2026,2026-05-11,259_SALES_DATA_NNME_11052026.DAT,C:\Users\jonat\PycharmProjects\NSWpropertyData\RawData\DAT\2026\20260511\259_SALES_DATA_NNME_11052026.DAT,40206,247c3909f38a39184a2ab276bb717a1abfdad6b89bbdc772aafd888b77e148ca
2026,2026-05-11,260_SALES_DATA_NNME_11052026.DAT,C:\Users\jonat\PycharmProjects\NSWpropertyData\RawData\DAT\2026\20260511\260_SALES_DATA_NNME_11052026.DAT,25240,e516ef01537b069bb175f25b94af287048ba4a3e538d0d3ba4af246d4c35f08b
2026,2026-05-11,261_SALES_DATA_NNME_11052026.DAT,C:\Users\jonat\PycharmProjects\NSWpropertyData\RawData\DAT\2026\20260511\261_SALES_DATA_NNME_11052026.DAT,17952,a8a11d488e3f704404025a35664dbfcceae695aeaae1ddeb3b45193beb6f3f1a
2026,2026-05-11,262_SALES_DATA_NNME_11052026.DAT,C:\Users\jonat\PycharmProjects\NSWpropertyData\RawData\DAT\2026\20260511\262_SALES_DATA_NNME_11052026.DAT,299,95d511c9ed068d8ef99bfccff7d146429fcd45ef52e09fccc5b3b0f120636114
2026,2026-05-11,263_SALES_DATA_NNME_11052026.DAT,C:\Users\jonat\PycharmProjects\NSWpropertyData\RawData\DAT\2026\20260511\263_SALES_DATA_NNME_11052026.DAT,1387,d8d989969bb037d413b171e9388d7696c70e110d38fd2eab4138edbd95dfded9
2026,2026-05-11,264_SALES_DATA_NNME_11052026.DAT,C:\Users\jonat\PycharmProjects\NSWpropertyData\RawData\DAT\2026\20260511\264_SALES_DATA_NNME_11052026.DAT,11540,fea4d42e73d7c17e8634ffc9cf7fba25a5dea0889020774a1212f9565f7991c3
2026,2026-05-11,265_SALES_DATA_NNME_11052026.DAT,C:\Users\jonat\PycharmProjects\NSWpropertyData\RawData\DAT\2026\20260511\265_SALES_DATA_NNME_11052026.DAT,1814,d71f4a97db672829e922a1227c8e172d65560712b5f98db97e2c395c512e3f91
2026,2026-05-11,266_SALES_DATA_NNME_11052026.DAT,C:\Users\jonat\PycharmProjects\NSWpropertyData\RawData\DAT\2026\20260511\266_SALES_DATA_NNME_11052026.DAT,2601,f60eb60ad552d9b51409243a14ce1d6f90361823d92175891a3658a30a3fe4da
2026,2026-05-11,267_SALES_DATA_NNME_11052026.DAT,C:\Users\jonat\PycharmProjects\NSWpropertyData\RawData\DAT\2026\20260511\267_SALES_DATA_NNME_11052026.DAT,18450,d824d77a0d40fedb3a3e1ee0ff438f3369529378c98a9ddc410e006b16f97c38
2026,2026-05-11,268_SALES_DATA_NNME_11052026.DAT,C:\Users\jonat\PycharmProjects\NSWpropertyData\RawData\DAT\2026\20260511\268_SALES_DATA_NNME_11052026.DAT,12937,c72ff51d9b8c8a85e78298e486ca4a6882a5448381989c564ff703469ef93467
2026,2026-05-11,269_SALES_DATA_NNME_11052026.DAT,C:\Users\jonat\PycharmProjects\NSWpropertyData\RawData\DAT\2026\20260511\269_SALES_DATA_NNME_11052026.DAT,2051,3ab056a620974c9fdc68dabb107a7b2c61e01478c28d6bf251cd581f007175a6
2026,2026-05-11,270_SALES_DATA_NNME_11052026.DAT,C:\Users\jonat\PycharmProjects\NSWpropertyData\RawData\DAT\2026\20260511\270_SALES_DATA_NNME_11052026.DAT,300,7dbd671c79be7557c79168aa69fd16413ab94eb7de034ca2fd382cf226ae4bc6
2026,2026-05-11,271_SALES_DATA_NNME_11052026.DAT,C:\Users\jonat\PycharmProjects\NSWpropertyData\RawData\DAT\2026\20260511\271_SALES_DATA_NNME_11052026.DAT,25630,66e5f4739d9cb6e531202adb7ad5e1b27145b1f27f0ac4a7d3bd172e561370b1
2026,2026-05-11,272_SALES_DATA_NNME_11052026.DAT,C:\Users\jonat\PycharmProjects\NSWpropertyData\RawData\DAT\2026\20260511\272_SALES_DATA_NNME_11052026.DAT,6976,81ee1c8fd1f82c2a57d4c4633c70087dd129c7c33cd4800a9608f3b40b9c827e
2026,2026-05-11,273_SALES_DATA_NNME_11052026.DAT,C:\Users\jonat\PycharmProjects\NSWpropertyData\RawData\DAT\2026\20260511\273_SALES_DATA_NNME_11052026.DAT,2377,441f77e567996527161ca470d6d64edeaf670245173e1fbc67fd897f6e4691fb
2026,2026-05-11,274_SALES_DATA_NNME_11052026.DAT,C:\Users\jonat\PycharmProjects\NSWpropertyData\RawData\DAT\2026\20260511\274_SALES_DATA_NNME_11052026.DAT,1719,615e6388015fb71656e60044d73d2d1bc47bcf2e2977a6cf0d48fead9c82a942
2026,2026-05-11,275_SALES_DATA_NNME_11052026.DAT,C:\Users\jonat\PycharmProjects\NSWpropertyData\RawData\DAT\2026\20260511\275_SALES_DATA_NNME_11052026.DAT,9191,27dcf359915b43a86a8cf96c5a230d6807248ab1465f14d37e6d8280ef1a8046
2026,2026-05-11,276_SALES_DATA_NNME_11052026.DAT,C:\Users\jonat\PycharmProjects\NSWpropertyData\RawData\DAT\2026\20260511\276_SALES_DATA_NNME_11052026.DAT,18862,d2f008e66c94b5bdf5214b5bdd35bb6e5121d0f2e9b323410a0ae3dde4e45528
2026,2026-05-11,300_SALES_DATA_NNME_11052026.DAT,C:\Users\jonat\PycharmProjects\NSWpropertyData\RawData\DAT\2026\20260511\300_SALES_DATA_NNME_11052026.DAT,578,abc3971ecebcdcce85471edda40c59cc7703895ce8e3201e5df457c0ef5f798c
2026,2026-05-11,301_SALES_DATA_NNME_11052026.DAT,C:\Users\jonat\PycharmProjects\NSWpropertyData\RawData\DAT\2026\20260511\301_SALES_DATA_NNME_11052026.DAT,961,c191b0f47bf718e5878f33e6072f8ec126e00b39ad9ce2ffe107624fe463d294
2026,2026-05-11,302_SALES_DATA_NNME_11052026.DAT,C:\Users\jonat\PycharmProjects\NSWpropertyData\RawData\DAT\2026\20260511\302_SALES_DATA_NNME_11052026.DAT,2055,7ba2b85d3db8e4544b2fb8212854da74b0bd9ba44950d612e4d42a5be1dd6a3a
2026,2026-05-11,303_SALES_DATA_NNME_11052026.DAT,C:\Users\jonat\PycharmProjects\NSWpropertyData\RawData\DAT\2026\20260511\303_SALES_DATA_NNME_11052026.DAT,9211,f6d1fe370fbd2e1a9b618abb7d14574a45dea8db430f4242fd8d047bef3a560a
2026,2026-05-11,511_SALES_DATA_NNME_11052026.DAT,C:\Users\jonat\PycharmProjects\NSWpropertyData\RawData\DAT\2026\20260511\511_SALES_DATA_NNME_11052026.DAT,1530,64ca4f0d41870e6b697be228a3bfcee078a3112320e28406a1e6a924a2b12889
2026,2026-05-11,526_SALES_DATA_NNME_11052026.DAT,C:\Users\jonat\PycharmProjects\NSWpropertyData\RawData\DAT\2026\20260511\526_SALES_DATA_NNME_11052026.DAT,1256,67af59a992a2e7a23c8c14bddff18941a87a03e8096fa61e39b4012f4f0ab559
2026,2026-05-11,528_SALES_DATA_NNME_11052026.DAT,C:\Users\jonat\PycharmProjects\NSWpropertyData\RawData\DAT\2026\20260511\528_SALES_DATA_NNME_11052026.DAT,3564,3bdf2417b54561d91762fba4376bcb06a4fb57d541fa9aeb41f1ac6a3978fb16
2026,2026-05-11,529_SALES_DATA_NNME_11052026.DAT,C:\Users\jonat\PycharmProjects\NSWpropertyData\RawData\DAT\2026\20260511\529_SALES_DATA_NNME_11052026.DAT,7596,8c078b8e7f8338cf141c9738c1b5246e147dc389ea585ee038fbdfb2a6a98c59
2026,2026-05-11,537_SALES_DATA_NNME_11052026.DAT,C:\Users\jonat\PycharmProjects\NSWpropertyData\RawData\DAT\2026\20260511\537_SALES_DATA_NNME_11052026.DAT,3323,8bbac04d9eab5b80165c762ebbd48e80d7faa35350b08f8482356da6d4137485
2026,2026-05-11,538_SALES_DATA_NNME_11052026.DAT,C:\Users\jonat\PycharmProjects\NSWpropertyData\RawData\DAT\2026\20260511\538_SALES_DATA_NNME_11052026.DAT,1108,2c5deb0380019e41bba0b50145bcbed24ec15ead391fb85c9c37c598fd52d440
2026,2026-05-11,560_SALES_DATA_NNME_11052026.DAT,C:\Users\jonat\PycharmProjects\NSWpropertyData\RawData\DAT\2026\20260511\560_SALES_DATA_NNME_11052026.DAT,2814,66c36cc9387eea7d33b53d71110e8d6407dcbe812a36439ac4296d30a59396d3
2026,2026-05-11,575_SALES_DATA_NNME_11052026.DAT,C:\Users\jonat\PycharmProjects\NSWpropertyData\RawData\DAT\2026\20260511\575_SALES_DATA_NNME_11052026.DAT,5414,b651970f151195a9f0ad75e71353013633235e8f3cb30112ccc49296c0c58887
2026,2026-05-11,608_SALES_DATA_NNME_11052026.DAT,C:\Users\jonat\PycharmProjects\NSWpropertyData\RawData\DAT\2026\20260511\608_SALES_DATA_NNME_11052026.DAT,5754,c29bd8596dfa207f3845a6d92a1813ff32c324ed15eadc865c5e3da78e62446b
2026,2026-05-11,620_SALES_DATA_NNME_11052026.DAT,C:\Users\jonat\PycharmProjects\NSWpropertyData\RawData\DAT\2026\20260511\620_SALES_DATA_NNME_11052026.DAT,6629,b32595a1d3aa4306b7442248eb226fdff4c6093daec3f2aedfab6e22feeaa2c0
2026,2026-05-11,656_SALES_DATA_NNME_11052026.DAT,C:\Users\jonat\PycharmProjects\NSWpropertyData\RawData\DAT\2026\20260511\656_SALES_DATA_NNME_11052026.DAT,12174,c8ecdbfc884f7216ca26e2595be27218ec74446d53cc27ce4af216d89f2b81ac
2026,2026-05-11,666_SALES_DATA_NNME_11052026.DAT,C:\Users\jonat\PycharmProjects\NSWpropertyData\RawData\DAT\2026\20260511\666_SALES_DATA_NNME_11052026.DAT,9689,a72ad721cc76d2993c1e59e084cfd7966e458b46ae9a77637a696e83dac07516
2026,2026-05-11,708_SALES_DATA_NNME_11052026.DAT,C:\Users\jonat\PycharmProjects\NSWpropertyData\RawData\DAT\2026\20260511\708_SALES_DATA_NNME_11052026.DAT,30649,9f4915b2b6c7cfca6cf7419ad8ee1def530aea947b436684386e79a73af82f51
2026,2026-05-11,902_SALES_DATA_NNME_11052026.DAT,C:\Users\jonat\PycharmProjects\NSWpropertyData\RawData\DAT\2026\20260511\902_SALES_DATA_NNME_11052026.DAT,374,a23bcbb924bb0bcf791c132a0e3be4b45d5dd1bf211a402f4e284a549b6093ac
2026,2026-05-18,001_SALES_DATA_NNME_18052026.DAT,C:\Users\jonat\PycharmProjects\NSWpropertyData\RawData\DAT\2026\20260518\001_SALES_DATA_NNME_18052026.DAT,10885,19ea43ed89406cce83f3dfc5dbfbbca5db0c64e0119df6262bd4332b5fe4fef2
2026,2026-05-18,002_SALES_DATA_NNME_18052026.DAT,C:\Users\jonat\PycharmProjects\NSWpropertyData\RawData\DAT\2026\20260518\002_SALES_DATA_NNME_18052026.DAT,2964,d50a434c3ffe0e6cc597c36780240491428524f71513b678164a8ec54f2b6064
2026,2026-05-18,004_SALES_DATA_NNME_18052026.DAT,C:\Users\jonat\PycharmProjects\NSWpropertyData\RawData\DAT\2026\20260518\004_SALES_DATA_NNME_18052026.DAT,30991,376898e5c71f7de0dd6ed25702aaf6cd7746639424f4cf1d1e7b442660ba1db2
2026,2026-05-18,005_SALES_DATA_NNME_18052026.DAT,C:\Users\jonat\PycharmProjects\NSWpropertyData\RawData\DAT\2026\20260518\005_SALES_DATA_NNME_18052026.DAT,19086,2567fcd143168cc5f19afe3b5776fbaa57a656ec72107886ab6fee2ea8d3e378
2026,2026-05-18,007_SALES_DATA_NNME_18052026.DAT,C:\Users\jonat\PycharmProjects\NSWpropertyData\RawData\DAT\2026\20260518\007_SALES_DATA_NNME_18052026.DAT,2035,cc51df4bb3eb99e982ea4e426d12bd012f729a14c4b3d08c41b6de96ab302a05
2026,2026-05-18,008_SALES_DATA_NNME_18052026.DAT,C:\Users\jonat\PycharmProjects\NSWpropertyData\RawData\DAT\2026\20260518\008_SALES_DATA_NNME_18052026.DAT,27253,1d89295bc2de6b3903760a650541e79b5defad961a42d79a6562ec4e0be93041
2026,2026-05-18,010_SALES_DATA_NNME_18052026.DAT,C:\Users\jonat\PycharmProjects\NSWpropertyData\RawData\DAT\2026\20260518\010_SALES_DATA_NNME_18052026.DAT,11929,a85d538559a7084f92f2edd86aed3aa6e8e10fea53d627c89f20d559cd80ef85
2026,2026-05-18,012_SALES_DATA_NNME_18052026.DAT,C:\Users\jonat\PycharmProjects\NSWpropertyData\RawData\DAT\2026\20260518\012_SALES_DATA_NNME_18052026.DAT,3167,814bfb62e9cdeae4a45f2ce1be68e2603eac4806402735acf85c31db2036c756
2026,2026-05-18,018_SALES_DATA_NNME_18052026.DAT,C:\Users\jonat\PycharmProjects\NSWpropertyData\RawData\DAT\2026\20260518\018_SALES_DATA_NNME_18052026.DAT,9049,1c7e96fbcccc92d2247d9bb8b7e0d029be3c2770b9e061b92f284f51d83b6d18
2026,2026-05-18,042_SALES_DATA_NNME_18052026.DAT,C:\Users\jonat\PycharmProjects\NSWpropertyData\RawData\DAT\2026\20260518\042_SALES_DATA_NNME_18052026.DAT,850,7746020eded26eb45ce19154847c7141d2552e0a7d511543de380e7d18a05dd6
2026,2026-05-18,043_SALES_DATA_NNME_18052026.DAT,C:\Users\jonat\PycharmProjects\NSWpropertyData\RawData\DAT\2026\20260518\043_SALES_DATA_NNME_18052026.DAT,1172,42efe46876acb160e726d3eb7aa259381f93273b1c238fd29bae471d0ab0b0c3
2026,2026-05-18,050_SALES_DATA_NNME_18052026.DAT,C:\Users\jonat\PycharmProjects\NSWpropertyData\RawData\DAT\2026\20260518\050_SALES_DATA_NNME_18052026.DAT,7709,84e5c38a84d170f7f09558c5bd1c934b3a22aad2768180d32c0ccc6545b0c0bb
2026,2026-05-18,051_SALES_DATA_NNME_18052026.DAT,C:\Users\jonat\PycharmProjects\NSWpropertyData\RawData\DAT\2026\20260518\051_SALES_DATA_NNME_18052026.DAT,1483,809d4f94a4a0e386b58b4bfc148ec9e575db7886b5290d9a352962b911375cf7
2026,2026-05-18,052_SALES_DATA_NNME_18052026.DAT,C:\Users\jonat\PycharmProjects\NSWpropertyData\RawData\DAT\2026\20260518\052_SALES_DATA_NNME_18052026.DAT,909,2d714e512218ce554caedc26ed11de59c36c4d100bc29faec5a6fd738716ccc1
2026,2026-05-18,054_SALES_DATA_NNME_18052026.DAT,C:\Users\jonat\PycharmProjects\NSWpropertyData\RawData\DAT\2026\20260518\054_SALES_DATA_NNME_18052026.DAT,2057,b26c9caeb018fe81a93b81143415196e1ae30f03b7b32fbe7e4ed00bdabc2916
2026,2026-05-18,061_SALES_DATA_NNME_18052026.DAT,C:\Users\jonat\PycharmProjects\NSWpropertyData\RawData\DAT\2026\20260518\061_SALES_DATA_NNME_18052026.DAT,885,6b1226dcec50583a5849ec147a136e690b5bcfc7bd3c3b2a6a2174841be5dd40
2026,2026-05-18,065_SALES_DATA_NNME_18052026.DAT,C:\Users\jonat\PycharmProjects\NSWpropertyData\RawData\DAT\2026\20260518\065_SALES_DATA_NNME_18052026.DAT,1206,92cb26e0f4f757515b4c3cf83ec23ee8db1c0f952e5393134a13b41ffa816775
2026,2026-05-18,066_SALES_DATA_NNME_18052026.DAT,C:\Users\jonat\PycharmProjects\NSWpropertyData\RawData\DAT\2026\20260518\066_SALES_DATA_NNME_18052026.DAT,938,459f200faaff64d1f8524718db97143b20233327be558384423e7d6bf25a805c
2026,2026-05-18,070_SALES_DATA_NNME_18052026.DAT,C:\Users\jonat\PycharmProjects\NSWpropertyData\RawData\DAT\2026\20260518\070_SALES_DATA_NNME_18052026.DAT,1222,60029c768188051948a0604cc4e1f18feca8d9504c1c79b72e8edb915e3be305
2026,2026-05-18,074_SALES_DATA_NNME_18052026.DAT,C:\Users\jonat\PycharmProjects\NSWpropertyData\RawData\DAT\2026\20260518\074_SALES_DATA_NNME_18052026.DAT,3650,d8348f3a9d189c8b10116a1ae5f5fbf9f6813fbbbb8825c2f9d0fe8cb4d9729d
2026,2026-05-18,081_SALES_DATA_NNME_18052026.DAT,C:\Users\jonat\PycharmProjects\NSWpropertyData\RawData\DAT\2026\20260518\081_SALES_DATA_NNME_18052026.DAT,26369,48e79f7797a296ea2ca7211ff8b192a3af7b823dbb9b0450ea59bb4d0a211659
2026,2026-05-18,082_SALES_DATA_NNME_18052026.DAT,C:\Users\jonat\PycharmProjects\NSWpropertyData\RawData\DAT\2026\20260518\082_SALES_DATA_NNME_18052026.DAT,14190,fd244a4db80af6af164c1fbe896afda605abda677b59712828f09c73da30650f
2026,2026-05-18,083_SALES_DATA_NNME_18052026.DAT,C:\Users\jonat\PycharmProjects\NSWpropertyData\RawData\DAT\2026\20260518\083_SALES_DATA_NNME_18052026.DAT,1990,1fe5ae7b7da2c9229d31eb4648399501711af5f7394957fccaa08170309147dd
2026,2026-05-18,084_SALES_DATA_NNME_18052026.DAT,C:\Users\jonat\PycharmProjects\NSWpropertyData\RawData\DAT\2026\20260518\084_SALES_DATA_NNME_18052026.DAT,14765,54f5395f63cf2c480be3614b3f01d89d080d826f528486737b5da04a2dfdbf60
2026,2026-05-18,085_SALES_DATA_NNME_18052026.DAT,C:\Users\jonat\PycharmProjects\NSWpropertyData\RawData\DAT\2026\20260518\085_SALES_DATA_NNME_18052026.DAT,6807,473c1e00d99d132a9f7c8e7c62a955cf1667b8853eb184af533e6c84bdfaceef
2026,2026-05-18,087_SALES_DATA_NNME_18052026.DAT,C:\Users\jonat\PycharmProjects\NSWpropertyData\RawData\DAT\2026\20260518\087_SALES_DATA_NNME_18052026.DAT,4630,e98e78936859c9bca62c4b030ed7ef08c685a909bf89d30381f982b909c16c9d
2026,2026-05-18,088_SALES_DATA_NNME_18052026.DAT,C:\Users\jonat\PycharmProjects\NSWpropertyData\RawData\DAT\2026\20260518\088_SALES_DATA_NNME_18052026.DAT,11960,2c41103f350d1bc13264b09f6d40f2576e12d38c0958ae13fe5b66112f570bc8
2026,2026-05-18,090_SALES_DATA_NNME_18052026.DAT,C:\Users\jonat\PycharmProjects\NSWpropertyData\RawData\DAT\2026\20260518\090_SALES_DATA_NNME_18052026.DAT,18460,6ec85c6a6a0906e7ea7e1fea0a27dc3c0a93db0696f331d2995b36c66407df2c
2026,2026-05-18,092_SALES_DATA_NNME_18052026.DAT,C:\Users\jonat\PycharmProjects\NSWpropertyData\RawData\DAT\2026\20260518\092_SALES_DATA_NNME_18052026.DAT,10205,9bc1389de1383d5297c2607dca836f16b51b56e69e96931069bfee2cccd2208a
2026,2026-05-18,097_SALES_DATA_NNME_18052026.DAT,C:\Users\jonat\PycharmProjects\NSWpropertyData\RawData\DAT\2026\20260518\097_SALES_DATA_NNME_18052026.DAT,6696,90fce6055a7a0768c9ebbd15ee1166a6a65328f9e5e9030422172781048421b8
2026,2026-05-18,098_SALES_DATA_NNME_18052026.DAT,C:\Users\jonat\PycharmProjects\NSWpropertyData\RawData\DAT\2026\20260518\098_SALES_DATA_NNME_18052026.DAT,1844,f41e4765cb3a0bc4d8501ad0bff9365fc100637e127d12eee7d07940b18f7b23
2026,2026-05-18,100_SALES_DATA_NNME_18052026.DAT,C:\Users\jonat\PycharmProjects\NSWpropertyData\RawData\DAT\2026\20260518\100_SALES_DATA_NNME_18052026.DAT,13727,61596b7b14c681afc40be496591ad14a28a297bc8b2b0c3a2594c222ebe86b47
2026,2026-05-18,101_SALES_DATA_NNME_18052026.DAT,C:\Users\jonat\PycharmProjects\NSWpropertyData\RawData\DAT\2026\20260518\101_SALES_DATA_NNME_18052026.DAT,23624,70319ee46b676da956f1e5e20e3ec650b57cc18d25511c42017a1e6ad1eee015
2026,2026-05-18,102_SALES_DATA_NNME_18052026.DAT,C:\Users\jonat\PycharmProjects\NSWpropertyData\RawData\DAT\2026\20260518\102_SALES_DATA_NNME_18052026.DAT,10952,bdecbfdce652d1ea26291551c9bbec4bf58dd3dd0fe0dea2b9cb0e33ac808834
2026,2026-05-18,103_SALES_DATA_NNME_18052026.DAT,C:\Users\jonat\PycharmProjects\NSWpropertyData\RawData\DAT\2026\20260518\103_SALES_DATA_NNME_18052026.DAT,34193,e44fcdd7036ff89f4480fe0e3f8ebcac4691b235ed8a9f7467e25fb363a8900c
2026,2026-05-18,109_SALES_DATA_NNME_18052026.DAT,C:\Users\jonat\PycharmProjects\NSWpropertyData\RawData\DAT\2026\20260518\109_SALES_DATA_NNME_18052026.DAT,2662,ba7bf34f43d912f69198448d354b4907e8d872756be97d968b361e9adf824861
2026,2026-05-18,116_SALES_DATA_NNME_18052026.DAT,C:\Users\jonat\PycharmProjects\NSWpropertyData\RawData\DAT\2026\20260518\116_SALES_DATA_NNME_18052026.DAT,2707,446eaa60da4ea87fcf8fdb3425f2f7be0d492763ab4cb8103d2c09ccc567c700
2026,2026-05-18,117_SALES_DATA_NNME_18052026.DAT,C:\Users\jonat\PycharmProjects\NSWpropertyData\RawData\DAT\2026\20260518\117_SALES_DATA_NNME_18052026.DAT,1548,74db00704205d6fb08c683d3af2eee4ba8b82220e1871b078cd3ad64e736c891
2026,2026-05-18,118_SALES_DATA_NNME_18052026.DAT,C:\Users\jonat\PycharmProjects\NSWpropertyData\RawData\DAT\2026\20260518\118_SALES_DATA_NNME_18052026.DAT,827,0076a1d750b71f0d0335e659589607c4e4c47d7c0aea6efefa00650f42a30bfa
2026,2026-05-18,123_SALES_DATA_NNME_18052026.DAT,C:\Users\jonat\PycharmProjects\NSWpropertyData\RawData\DAT\2026\20260518\123_SALES_DATA_NNME_18052026.DAT,1543,fa1e79e2a57cc6d48275cf389cbaaee45459ee135cc7efbed4dd01e79def20a8
2026,2026-05-18,124_SALES_DATA_NNME_18052026.DAT,C:\Users\jonat\PycharmProjects\NSWpropertyData\RawData\DAT\2026\20260518\124_SALES_DATA_NNME_18052026.DAT,9286,11279f0fed50f87f7df7b150e63247506b0368fb14045b97afebae445c239948
2026,2026-05-18,137_SALES_DATA_NNME_18052026.DAT,C:\Users\jonat\PycharmProjects\NSWpropertyData\RawData\DAT\2026\20260518\137_SALES_DATA_NNME_18052026.DAT,4058,b1d8d9d4beda902f844ebdd24ed0425c16e0540b323a862b9c3f71d29182dd0d
2026,2026-05-18,139_SALES_DATA_NNME_18052026.DAT,C:\Users\jonat\PycharmProjects\NSWpropertyData\RawData\DAT\2026\20260518\139_SALES_DATA_NNME_18052026.DAT,10439,b75319efd8b24b7d2900826248c9b3abc3ef40e377fa8c5150242ccd60a7255e
2026,2026-05-18,143_SALES_DATA_NNME_18052026.DAT,C:\Users\jonat\PycharmProjects\NSWpropertyData\RawData\DAT\2026\20260518\143_SALES_DATA_NNME_18052026.DAT,5509,bb5248886f68476b45cba8a67924a712d4328df8f836a64fb68faa4296cd7bd7
2026,2026-05-18,144_SALES_DATA_NNME_18052026.DAT,C:\Users\jonat\PycharmProjects\NSWpropertyData\RawData\DAT\2026\20260518\144_SALES_DATA_NNME_18052026.DAT,34127,a3711f5ad210972e1f779ac38d706ddb949ef058cfcf1c5f9409da43681596b4
2026,2026-05-18,148_SALES_DATA_NNME_18052026.DAT,C:\Users\jonat\PycharmProjects\NSWpropertyData\RawData\DAT\2026\20260518\148_SALES_DATA_NNME_18052026.DAT,6763,76f53bf727bbfd9c119d5f957ad1b042076af667728d62b957a283f127351ad0
2026,2026-05-18,149_SALES_DATA_NNME_18052026.DAT,C:\Users\jonat\PycharmProjects\NSWpropertyData\RawData\DAT\2026\20260518\149_SALES_DATA_NNME_18052026.DAT,2952,14fde527f11a9c9199805bb974e49cd702b9668a6ad283e47a2cf1b12a063861
2026,2026-05-18,150_SALES_DATA_NNME_18052026.DAT,C:\Users\jonat\PycharmProjects\NSWpropertyData\RawData\DAT\2026\20260518\150_SALES_DATA_NNME_18052026.DAT,5093,08cb5571e3799aa64359bb48eb5b97d2f73fd69da9306d59821cc55526a27671
2026,2026-05-18,151_SALES_DATA_NNME_18052026.DAT,C:\Users\jonat\PycharmProjects\NSWpropertyData\RawData\DAT\2026\20260518\151_SALES_DATA_NNME_18052026.DAT,4275,a9d61d327ee1ed5b5750022252d27f0585b3248bf5e2f667096fc49dd9d07d4a
2026,2026-05-18,152_SALES_DATA_NNME_18052026.DAT,C:\Users\jonat\PycharmProjects\NSWpropertyData\RawData\DAT\2026\20260518\152_SALES_DATA_NNME_18052026.DAT,6914,7401f1c29ec848b6ae4a6afc8104326e37deeb702eb863ed286578d86e27c24b
2026,2026-05-18,157_SALES_DATA_NNME_18052026.DAT,C:\Users\jonat\PycharmProjects\NSWpropertyData\RawData\DAT\2026\20260518\157_SALES_DATA_NNME_18052026.DAT,5687,bcde659fdacf59332162ac39fa7abeffa1bda15848ca35befd2daca6f765f3d4
2026,2026-05-18,158_SALES_DATA_NNME_18052026.DAT,C:\Users\jonat\PycharmProjects\NSWpropertyData\RawData\DAT\2026\20260518\158_SALES_DATA_NNME_18052026.DAT,1817,bf0bad4eeffbc5d38ad65732b376e48d49ff08c613a0bffc2d5c985ba3d44bf9
2026,2026-05-18,159_SALES_DATA_NNME_18052026.DAT,C:\Users\jonat\PycharmProjects\NSWpropertyData\RawData\DAT\2026\20260518\159_SALES_DATA_NNME_18052026.DAT,9192,341aeda41f5e26f5f08acd6108c18f1402b2a2f1df60a0c6fb113e26eb8c5cbe
2026,2026-05-18,164_SALES_DATA_NNME_18052026.DAT,C:\Users\jonat\PycharmProjects\NSWpropertyData\RawData\DAT\2026\20260518\164_SALES_DATA_NNME_18052026.DAT,2273,1ec22318525557b07d8c31bf7d2befa76d6841ac0e50ecbfa4ce41983b27a51e
2026,2026-05-18,171_SALES_DATA_NNME_18052026.DAT,C:\Users\jonat\PycharmProjects\NSWpropertyData\RawData\DAT\2026\20260518\171_SALES_DATA_NNME_18052026.DAT,13536,4bd7437fee1424364d1457b7cb655f1eacbc7cbca1411e09df447306bf9f6884
2026,2026-05-18,187_SALES_DATA_NNME_18052026.DAT,C:\Users\jonat\PycharmProjects\NSWpropertyData\RawData\DAT\2026\20260518\187_SALES_DATA_NNME_18052026.DAT,1679,5cf68df9c8e8f6b5385ab31ee229797497c3306ffc0c76d9fbda63b1a4f0c233
2026,2026-05-18,188_SALES_DATA_NNME_18052026.DAT,C:\Users\jonat\PycharmProjects\NSWpropertyData\RawData\DAT\2026\20260518\188_SALES_DATA_NNME_18052026.DAT,2418,7b510e4d148fe62dd1a250f2972fdb574c317c6865aab01be2ad729b7554474f
2026,2026-05-18,192_SALES_DATA_NNME_18052026.DAT,C:\Users\jonat\PycharmProjects\NSWpropertyData\RawData\DAT\2026\20260518\192_SALES_DATA_NNME_18052026.DAT,4610,c25b84a3f5b61251a9666318a5c7be9a0a265495f431973e886d5369acf969e1
2026,2026-05-18,199_SALES_DATA_NNME_18052026.DAT,C:\Users\jonat\PycharmProjects\NSWpropertyData\RawData\DAT\2026\20260518\199_SALES_DATA_NNME_18052026.DAT,1956,85dfe519095593682ba737295719aced0087a77af620de846156191a88940685
2026,2026-05-18,207_SALES_DATA_NNME_18052026.DAT,C:\Users\jonat\PycharmProjects\NSWpropertyData\RawData\DAT\2026\20260518\207_SALES_DATA_NNME_18052026.DAT,17216,0fe3b770658bd4b73af22bd6dc4ca26a9841fd1c7d8d9d2a77f6ad55945b982c
2026,2026-05-18,209_SALES_DATA_NNME_18052026.DAT,C:\Users\jonat\PycharmProjects\NSWpropertyData\RawData\DAT\2026\20260518\209_SALES_DATA_NNME_18052026.DAT,8651,10ce6df90b2db028f2f7f7b43027b98244bd655adfa74ce5f2645d002c832bd8
2026,2026-05-18,210_SALES_DATA_NNME_18052026.DAT,C:\Users\jonat\PycharmProjects\NSWpropertyData\RawData\DAT\2026\20260518\210_SALES_DATA_NNME_18052026.DAT,10311,d689164f1ec37d3ec1c38570aaa1c0494a7bfc8423a44dc5d240cbbccffd8b91
2026,2026-05-18,214_SALES_DATA_NNME_18052026.DAT,C:\Users\jonat\PycharmProjects\NSWpropertyData\RawData\DAT\2026\20260518\214_SALES_DATA_NNME_18052026.DAT,82994,3a37143fe92644c435167417150f13869330aeb5c8abe3b7c6d7fd85f99a599f
2026,2026-05-18,216_SALES_DATA_NNME_18052026.DAT,C:\Users\jonat\PycharmProjects\NSWpropertyData\RawData\DAT\2026\20260518\216_SALES_DATA_NNME_18052026.DAT,9401,21700dcc404e0b6f96f8a4765cf0d9d4cfca0e7fea9c325a8b26df691ff570dd
2026,2026-05-18,217_SALES_DATA_NNME_18052026.DAT,C:\Users\jonat\PycharmProjects\NSWpropertyData\RawData\DAT\2026\20260518\217_SALES_DATA_NNME_18052026.DAT,16823,f496281b8b3654057f710dd617a1b619dffd0c5d79b6e60f82f0805d991b6dca
2026,2026-05-18,218_SALES_DATA_NNME_18052026.DAT,C:\Users\jonat\PycharmProjects\NSWpropertyData\RawData\DAT\2026\20260518\218_SALES_DATA_NNME_18052026.DAT,19990,662eb0f8de27f52cc97cb1803d4003442432b382e7d4a38b71eb0f0e7549a3ed
2026,2026-05-18,219_SALES_DATA_NNME_18052026.DAT,C:\Users\jonat\PycharmProjects\NSWpropertyData\RawData\DAT\2026\20260518\219_SALES_DATA_NNME_18052026.DAT,9128,e8e075544b405e065b7f61f8fa0df657c476e2b346b0e88c1c20eb0739f33b77
2026,2026-05-18,220_SALES_DATA_NNME_18052026.DAT,C:\Users\jonat\PycharmProjects\NSWpropertyData\RawData\DAT\2026\20260518\220_SALES_DATA_NNME_18052026.DAT,17939,70001c838e45ea0736c541a12583f4e6c190bed2992d4d3cfc2d96c319ca74b7
2026,2026-05-18,222_SALES_DATA_NNME_18052026.DAT,C:\Users\jonat\PycharmProjects\NSWpropertyData\RawData\DAT\2026\20260518\222_SALES_DATA_NNME_18052026.DAT,2033,814b2e8bc8da236dcc7eff65b81018bb9c1cf8b03b077a940973e95ce1f823f1
2026,2026-05-18,223_SALES_DATA_NNME_18052026.DAT,C:\Users\jonat\PycharmProjects\NSWpropertyData\RawData\DAT\2026\20260518\223_SALES_DATA_NNME_18052026.DAT,30491,733d88faad55ec20dbbcad68d6313245867dc3cfe9e155600f2ceeb614ab6ad8
2026,2026-05-18,224_SALES_DATA_NNME_18052026.DAT,C:\Users\jonat\PycharmProjects\NSWpropertyData\RawData\DAT\2026\20260518\224_SALES_DATA_NNME_18052026.DAT,19155,71142d2c8b77422872671314562792ae72060b72bccb76a360f84912523caad3
2026,2026-05-18,226_SALES_DATA_NNME_18052026.DAT,C:\Users\jonat\PycharmProjects\NSWpropertyData\RawData\DAT\2026\20260518\226_SALES_DATA_NNME_18052026.DAT,14156,203072781f0ef4a209021ef424306bc90ed7a0d1b76875176bae0d04bdfcb495
2026,2026-05-18,230_SALES_DATA_NNME_18052026.DAT,C:\Users\jonat\PycharmProjects\NSWpropertyData\RawData\DAT\2026\20260518\230_SALES_DATA_NNME_18052026.DAT,537,40b4550fb54797b5bd8e0026d47b266721aa5fdf3a7873cc91aac8821c11242a
2026,2026-05-18,231_SALES_DATA_NNME_18052026.DAT,C:\Users\jonat\PycharmProjects\NSWpropertyData\RawData\DAT\2026\20260518\231_SALES_DATA_NNME_18052026.DAT,2834,90e298460bf58f327f158f3f2e95468698ea01eb47eca6ecd40dbeb72a29bd86
2026,2026-05-18,232_SALES_DATA_NNME_18052026.DAT,C:\Users\jonat\PycharmProjects\NSWpropertyData\RawData\DAT\2026\20260518\232_SALES_DATA_NNME_18052026.DAT,699,8a10eae44bfd770fbdc49482caf63434e54faf26864e8d7ce74ab91dc3acbeb1
2026,2026-05-18,233_SALES_DATA_NNME_18052026.DAT,C:\Users\jonat\PycharmProjects\NSWpropertyData\RawData\DAT\2026\20260518\233_SALES_DATA_NNME_18052026.DAT,300,4f0c50f67a59f3d89a0d91a8bb5acbe026b9ac6a3063fdf2cdb9fd71186ab71a
2026,2026-05-18,234_SALES_DATA_NNME_18052026.DAT,C:\Users\jonat\PycharmProjects\NSWpropertyData\RawData\DAT\2026\20260518\234_SALES_DATA_NNME_18052026.DAT,2793,bf7a65c73e0be540b72300d268a793d892848d321d0af15ba4da59cf79576493
2026,2026-05-18,235_SALES_DATA_NNME_18052026.DAT,C:\Users\jonat\PycharmProjects\NSWpropertyData\RawData\DAT\2026\20260518\235_SALES_DATA_NNME_18052026.DAT,333,799ae3b0e59becdab9e0b3ccc951fa32e1372ffe0a02c05c47ba2900f5574d52
2026,2026-05-18,236_SALES_DATA_NNME_18052026.DAT,C:\Users\jonat\PycharmProjects\NSWpropertyData\RawData\DAT\2026\20260518\236_SALES_DATA_NNME_18052026.DAT,895,e201be0538af2a3edbb9f97e66bb31bef5e279b03dfd19d4bdf016a8f1bbe119
2026,2026-05-18,238_SALES_DATA_NNME_18052026.DAT,C:\Users\jonat\PycharmProjects\NSWpropertyData\RawData\DAT\2026\20260518\238_SALES_DATA_NNME_18052026.DAT,1205,de28d52ef5d194d2a58e4fb92e6b4635513ab810808c34aa7e80248e396085df
2026,2026-05-18,239_SALES_DATA_NNME_18052026.DAT,C:\Users\jonat\PycharmProjects\NSWpropertyData\RawData\DAT\2026\20260518\239_SALES_DATA_NNME_18052026.DAT,335,7307f0625cb24b72d015c0361a03ec4349b4db7d9d1d75580e496057d3f952b7
2026,2026-05-18,244_SALES_DATA_NNME_18052026.DAT,C:\Users\jonat\PycharmProjects\NSWpropertyData\RawData\DAT\2026\20260518\244_SALES_DATA_NNME_18052026.DAT,885,79d8d4998edb92bb239a94f4491ecc153aea922ee904237276ee08c8f38a45da
2026,2026-05-18,247_SALES_DATA_NNME_18052026.DAT,C:\Users\jonat\PycharmProjects\NSWpropertyData\RawData\DAT\2026\20260518\247_SALES_DATA_NNME_18052026.DAT,1529,fb5891ee550e1ace86126f9ec8c9a1d6fb9a183db24b4059411325e1ea170e7c
2026,2026-05-18,250_SALES_DATA_NNME_18052026.DAT,C:\Users\jonat\PycharmProjects\NSWpropertyData\RawData\DAT\2026\20260518\250_SALES_DATA_NNME_18052026.DAT,2409,a907e78f0a8ad0f1267ba40e54bf08938effda08e0a0febe140b473b2899f532
2026,2026-05-18,251_SALES_DATA_NNME_18052026.DAT,C:\Users\jonat\PycharmProjects\NSWpropertyData\RawData\DAT\2026\20260518\251_SALES_DATA_NNME_18052026.DAT,1574,4cf29be664d1eea9a3f4022b0816664632d2f6c4b4bd27bd3bec545adcabe60c
2026,2026-05-18,252_SALES_DATA_NNME_18052026.DAT,C:\Users\jonat\PycharmProjects\NSWpropertyData\RawData\DAT\2026\20260518\252_SALES_DATA_NNME_18052026.DAT,1733,b60f5701cdfa344e194c77da91f6493355135db52a541b381cde34f52734125b
2026,2026-05-18,253_SALES_DATA_NNME_18052026.DAT,C:\Users\jonat\PycharmProjects\NSWpropertyData\RawData\DAT\2026\20260518\253_SALES_DATA_NNME_18052026.DAT,647,a206cd9dcd8866ac42b9b58f231bac1d30e0f1c84354ebd871cd9bc9a29dc057
2026,2026-05-18,254_SALES_DATA_NNME_18052026.DAT,C:\Users\jonat\PycharmProjects\NSWpropertyData\RawData\DAT\2026\20260518\254_SALES_DATA_NNME_18052026.DAT,617,aa8c5193421e3e9eb4c9d66a156cfdad9b01d3b8b76ccccb308cc60c23bfbe74
2026,2026-05-18,255_SALES_DATA_NNME_18052026.DAT,C:\Users\jonat\PycharmProjects\NSWpropertyData\RawData\DAT\2026\20260518\255_SALES_DATA_NNME_18052026.DAT,3703,992c1e8bd0168b44524a17f6709ab095beb4c4605034c32c81a5802591e84899
2026,2026-05-18,257_SALES_DATA_NNME_18052026.DAT,C:\Users\jonat\PycharmProjects\NSWpropertyData\RawData\DAT\2026\20260518\257_SALES_DATA_NNME_18052026.DAT,5832,3c7aba0e31fa4b80dfcbc4765f7266e73fa524f6bfb5eb9ecf1ed9d296211f68
2026,2026-05-18,258_SALES_DATA_NNME_18052026.DAT,C:\Users\jonat\PycharmProjects\NSWpropertyData\RawData\DAT\2026\20260518\258_SALES_DATA_NNME_18052026.DAT,30535,14dd6f2b039a43c26b37374d7e4714d0cb82163183adaa795dba504a914949af
2026,2026-05-18,259_SALES_DATA_NNME_18052026.DAT,C:\Users\jonat\PycharmProjects\NSWpropertyData\RawData\DAT\2026\20260518\259_SALES_DATA_NNME_18052026.DAT,42507,b803bd4929d9d7ddcb1ee26ce5718760704401acced7c938e4669f438592099b
2026,2026-05-18,260_SALES_DATA_NNME_18052026.DAT,C:\Users\jonat\PycharmProjects\NSWpropertyData\RawData\DAT\2026\20260518\260_SALES_DATA_NNME_18052026.DAT,35632,4ff36d4dff642309bb2e33c4cc554333c82916b3e609588fefcd19190db0d467
2026,2026-05-18,261_SALES_DATA_NNME_18052026.DAT,C:\Users\jonat\PycharmProjects\NSWpropertyData\RawData\DAT\2026\20260518\261_SALES_DATA_NNME_18052026.DAT,24005,26bc97a9533c2b7ae3de8e324ec6e9cd9c5cf44d73f0963a5a913afc72f74c89
2026,2026-05-18,262_SALES_DATA_NNME_18052026.DAT,C:\Users\jonat\PycharmProjects\NSWpropertyData\RawData\DAT\2026\20260518\262_SALES_DATA_NNME_18052026.DAT,4049,ca8480342ef88e7c98a0574c2f4c31d4347fa9bb33e68f6ba6e355e0b1662432
2026,2026-05-18,263_SALES_DATA_NNME_18052026.DAT,C:\Users\jonat\PycharmProjects\NSWpropertyData\RawData\DAT\2026\20260518\263_SALES_DATA_NNME_18052026.DAT,2539,54e96c5b7165fba3cd4dd2c24e862594b1dfd37b3c2a372657554a38dce9ec9f
2026,2026-05-18,264_SALES_DATA_NNME_18052026.DAT,C:\Users\jonat\PycharmProjects\NSWpropertyData\RawData\DAT\2026\20260518\264_SALES_DATA_NNME_18052026.DAT,16648,f9b425ed34e9e47f276cd7746a0f5617f7273cd47a02b522a9cd24ae85a67e1e
2026,2026-05-18,265_SALES_DATA_NNME_18052026.DAT,C:\Users\jonat\PycharmProjects\NSWpropertyData\RawData\DAT\2026\20260518\265_SALES_DATA_NNME_18052026.DAT,1411,cd75c39338c10b9911882dc022565308cbdc6863d33e85e66309d552f38489f0
2026,2026-05-18,266_SALES_DATA_NNME_18052026.DAT,C:\Users\jonat\PycharmProjects\NSWpropertyData\RawData\DAT\2026\20260518\266_SALES_DATA_NNME_18052026.DAT,2490,75de7a9c442fda8e9a2ddf1d010d839dbae3d41894caa09a265211ca4014a5ef
2026,2026-05-18,267_SALES_DATA_NNME_18052026.DAT,C:\Users\jonat\PycharmProjects\NSWpropertyData\RawData\DAT\2026\20260518\267_SALES_DATA_NNME_18052026.DAT,22538,0ef76e0b09bffe0075716f570e3011d323762f6671d752d48c3594bd25fd28b7
2026,2026-05-18,268_SALES_DATA_NNME_18052026.DAT,C:\Users\jonat\PycharmProjects\NSWpropertyData\RawData\DAT\2026\20260518\268_SALES_DATA_NNME_18052026.DAT,20373,7d88a9e48b229400052f082d08613a7a6c70808ae2b6103d9c30f51191ce4df9
2026,2026-05-18,269_SALES_DATA_NNME_18052026.DAT,C:\Users\jonat\PycharmProjects\NSWpropertyData\RawData\DAT\2026\20260518\269_SALES_DATA_NNME_18052026.DAT,3683,5c4a751c4216a4b206f3da2fde6f89f2d6c0b76d925ac778d153142e338cc139
2026,2026-05-18,270_SALES_DATA_NNME_18052026.DAT,C:\Users\jonat\PycharmProjects\NSWpropertyData\RawData\DAT\2026\20260518\270_SALES_DATA_NNME_18052026.DAT,1320,672b80a95ad7be2fda65c526ae159c315e3293ba2bf2a45b27ad7a2e6f232b82
2026,2026-05-18,271_SALES_DATA_NNME_18052026.DAT,C:\Users\jonat\PycharmProjects\NSWpropertyData\RawData\DAT\2026\20260518\271_SALES_DATA_NNME_18052026.DAT,37006,e519f3896872fad2f2c08b31e53b9e0d8459d44c862573f05b17f5dbd436dc77
2026,2026-05-18,272_SALES_DATA_NNME_18052026.DAT,C:\Users\jonat\PycharmProjects\NSWpropertyData\RawData\DAT\2026\20260518\272_SALES_DATA_NNME_18052026.DAT,7892,762a8db8b2458afca48be45d1de7f74746ae613099f6538e5d3280abd2f122f4
2026,2026-05-18,273_SALES_DATA_NNME_18052026.DAT,C:\Users\jonat\PycharmProjects\NSWpropertyData\RawData\DAT\2026\20260518\273_SALES_DATA_NNME_18052026.DAT,3814,d613b5524ceba15cbf4e2c4523bebcadf78a6650ed01953a10a8d01e9c91bfeb
2026,2026-05-18,274_SALES_DATA_NNME_18052026.DAT,C:\Users\jonat\PycharmProjects\NSWpropertyData\RawData\DAT\2026\20260518\274_SALES_DATA_NNME_18052026.DAT,5302,fa5ba20ffab3804f53a77369353c6348483e70967b4902099553633e419a1e46
2026,2026-05-18,275_SALES_DATA_NNME_18052026.DAT,C:\Users\jonat\PycharmProjects\NSWpropertyData\RawData\DAT\2026\20260518\275_SALES_DATA_NNME_18052026.DAT,12141,702a76be5f56b8d96e13dfd8a861873218bd76da5ff4f87e0dfe30f0f23a7677
2026,2026-05-18,276_SALES_DATA_NNME_18052026.DAT,C:\Users\jonat\PycharmProjects\NSWpropertyData\RawData\DAT\2026\20260518\276_SALES_DATA_NNME_18052026.DAT,23120,001cb4faea1cb6fa167c2e4f9fcff340124944a77aa6462f894c870bff20e63f
2026,2026-05-18,300_SALES_DATA_NNME_18052026.DAT,C:\Users\jonat\PycharmProjects\NSWpropertyData\RawData\DAT\2026\20260518\300_SALES_DATA_NNME_18052026.DAT,946,780e21f45acb1efe86ce5727acf842662317dc1280e33fbd947895b0937853c5
2026,2026-05-18,301_SALES_DATA_NNME_18052026.DAT,C:\Users\jonat\PycharmProjects\NSWpropertyData\RawData\DAT\2026\20260518\301_SALES_DATA_NNME_18052026.DAT,747,a2af8ee4c0aae757072edada0d582ba51857815caed33239b5a96e0423352640
2026,2026-05-18,302_SALES_DATA_NNME_18052026.DAT,C:\Users\jonat\PycharmProjects\NSWpropertyData\RawData\DAT\2026\20260518\302_SALES_DATA_NNME_18052026.DAT,2847,1584118400d320cc99d827de5ba77e6c1f940d270c426c43f56c71feb763e5e8
2026,2026-05-18,303_SALES_DATA_NNME_18052026.DAT,C:\Users\jonat\PycharmProjects\NSWpropertyData\RawData\DAT\2026\20260518\303_SALES_DATA_NNME_18052026.DAT,12489,749dc705110728576ffa2ca4743aa2277a1ff9c8ee8ac34e785d7f0e46b63dc5
2026,2026-05-18,511_SALES_DATA_NNME_18052026.DAT,C:\Users\jonat\PycharmProjects\NSWpropertyData\RawData\DAT\2026\20260518\511_SALES_DATA_NNME_18052026.DAT,3829,223c22685f84d8aeb89be6fc608f25ad5b812a91452a54f86928480e3db7bb97
2026,2026-05-18,526_SALES_DATA_NNME_18052026.DAT,C:\Users\jonat\PycharmProjects\NSWpropertyData\RawData\DAT\2026\20260518\526_SALES_DATA_NNME_18052026.DAT,2359,e500edc60ba9dd9f977f2fc3e05979fa78b84ae92ae67c4a9b95e46614fbc4a7
2026,2026-05-18,528_SALES_DATA_NNME_18052026.DAT,C:\Users\jonat\PycharmProjects\NSWpropertyData\RawData\DAT\2026\20260518\528_SALES_DATA_NNME_18052026.DAT,1173,79145f946ffd7834c3e36dd7bc77985dec0fce69b926603366688b0cd9308521
2026,2026-05-18,529_SALES_DATA_NNME_18052026.DAT,C:\Users\jonat\PycharmProjects\NSWpropertyData\RawData\DAT\2026\20260518\529_SALES_DATA_NNME_18052026.DAT,6697,dd5ab3464b7298e4d92fc6d611946b969db03baba5542925d5a3567b194939d3
2026,2026-05-18,537_SALES_DATA_NNME_18052026.DAT,C:\Users\jonat\PycharmProjects\NSWpropertyData\RawData\DAT\2026\20260518\537_SALES_DATA_NNME_18052026.DAT,1329,28650c05efaa820524ef595b6e5f930fb6d3731aec9de43ec446514c1b431111
2026,2026-05-18,538_SALES_DATA_NNME_18052026.DAT,C:\Users\jonat\PycharmProjects\NSWpropertyData\RawData\DAT\2026\20260518\538_SALES_DATA_NNME_18052026.DAT,1989,bd8907a7f815e3320319fb3ba12bc968e3c7bd8df7bb7e0948d138c801487e63
2026,2026-05-18,560_SALES_DATA_NNME_18052026.DAT,C:\Users\jonat\PycharmProjects\NSWpropertyData\RawData\DAT\2026\20260518\560_SALES_DATA_NNME_18052026.DAT,2005,547ec57699441223f986a6c9bf95a8bdb3a0f33abec400a2712241c4e1f09059
2026,2026-05-18,575_SALES_DATA_NNME_18052026.DAT,C:\Users\jonat\PycharmProjects\NSWpropertyData\RawData\DAT\2026\20260518\575_SALES_DATA_NNME_18052026.DAT,10077,d9bfc34ea27ec07dde4280a162bcfc491696b149a3a6fe45df5f87b0f021e49d
2026,2026-05-18,608_SALES_DATA_NNME_18052026.DAT,C:\Users\jonat\PycharmProjects\NSWpropertyData\RawData\DAT\2026\20260518\608_SALES_DATA_NNME_18052026.DAT,10488,cf76d8b38fe9f28e1933005c045d21fdc6b0cc58723180fb1b997558879a9069
2026,2026-05-18,620_SALES_DATA_NNME_18052026.DAT,C:\Users\jonat\PycharmProjects\NSWpropertyData\RawData\DAT\2026\20260518\620_SALES_DATA_NNME_18052026.DAT,6332,8a75f7830c2f3b29e3ffa1aeca712529caaae372a2124c85cd5826c3e8e46242
2026,2026-05-18,656_SALES_DATA_NNME_18052026.DAT,C:\Users\jonat\PycharmProjects\NSWpropertyData\RawData\DAT\2026\20260518\656_SALES_DATA_NNME_18052026.DAT,23830,309c384362cf3ca801d1247b6e39e99768962456821a69e1a1804b4711ac349d
2026,2026-05-18,666_SALES_DATA_NNME_18052026.DAT,C:\Users\jonat\PycharmProjects\NSWpropertyData\RawData\DAT\2026\20260518\666_SALES_DATA_NNME_18052026.DAT,6983,0f2e182e0b8e2d3a800ea62ecde39fa4195d7aee44095b02e5da73f786f8a611
2026,2026-05-18,708_SALES_DATA_NNME_18052026.DAT,C:\Users\jonat\PycharmProjects\NSWpropertyData\RawData\DAT\2026\20260518\708_SALES_DATA_NNME_18052026.DAT,43358,be2ef9835ba440f518abda879652ef66adf2c1ff6cf40ddac14f620d46bacfe1
2026,2026-05-25,001_SALES_DATA_NNME_25052026.DAT,C:\Users\jonat\PycharmProjects\NSWpropertyData\RawData\DAT\2026\20260525\001_SALES_DATA_NNME_25052026.DAT,8053,ac99e3d6a4ae0043f4c56997eb7d131fc1ef4ab3dcd05eb470b1ab14b0f2bad9
2026,2026-05-25,002_SALES_DATA_NNME_25052026.DAT,C:\Users\jonat\PycharmProjects\NSWpropertyData\RawData\DAT\2026\20260525\002_SALES_DATA_NNME_25052026.DAT,1202,38d7ada48790d4e92543a2bedf5bff06970030236d7d79f522e4c10236e05229
2026,2026-05-25,004_SALES_DATA_NNME_25052026.DAT,C:\Users\jonat\PycharmProjects\NSWpropertyData\RawData\DAT\2026\20260525\004_SALES_DATA_NNME_25052026.DAT,30366,be27e1944004f805c523605d970e89c797ad44948b38e8f8e66d96747bbb2537
2026,2026-05-25,005_SALES_DATA_NNME_25052026.DAT,C:\Users\jonat\PycharmProjects\NSWpropertyData\RawData\DAT\2026\20260525\005_SALES_DATA_NNME_25052026.DAT,15191,5ea4cc20037d2163e91df34a74f2b99ee1ebfbe2dbdfcd20547f2d4727392bbd
2026,2026-05-25,007_SALES_DATA_NNME_25052026.DAT,C:\Users\jonat\PycharmProjects\NSWpropertyData\RawData\DAT\2026\20260525\007_SALES_DATA_NNME_25052026.DAT,1759,70aad2618e8983a06dc9171ea4c59d40f6322f4b8f75eb5db9a9b7d95db9153c
2026,2026-05-25,008_SALES_DATA_NNME_25052026.DAT,C:\Users\jonat\PycharmProjects\NSWpropertyData\RawData\DAT\2026\20260525\008_SALES_DATA_NNME_25052026.DAT,21061,8bac305f8d09eea4df1d96013abf019568c09d02330922132428e9c772792ec7
2026,2026-05-25,010_SALES_DATA_NNME_25052026.DAT,C:\Users\jonat\PycharmProjects\NSWpropertyData\RawData\DAT\2026\20260525\010_SALES_DATA_NNME_25052026.DAT,10759,1a4cbbefe8914214d3b14f730e2baf2eee83f9201b1887cbb1e361f2894c71e2
2026,2026-05-25,012_SALES_DATA_NNME_25052026.DAT,C:\Users\jonat\PycharmProjects\NSWpropertyData\RawData\DAT\2026\20260525\012_SALES_DATA_NNME_25052026.DAT,2516,104665b251389dea2868355e84aab751eb13090644039a36cf069b6dd37e7861
2026,2026-05-25,018_SALES_DATA_NNME_25052026.DAT,C:\Users\jonat\PycharmProjects\NSWpropertyData\RawData\DAT\2026\20260525\018_SALES_DATA_NNME_25052026.DAT,5679,7a75282da3e05c09964bae5348b02577540932ac0293747ee56155c409f4efd3
2026,2026-05-25,042_SALES_DATA_NNME_25052026.DAT,C:\Users\jonat\PycharmProjects\NSWpropertyData\RawData\DAT\2026\20260525\042_SALES_DATA_NNME_25052026.DAT,765,2f753bc7fba424b0d3ee5b609a55509da790862fce7c7547b692f2ece1d24def
2026,2026-05-25,043_SALES_DATA_NNME_25052026.DAT,C:\Users\jonat\PycharmProjects\NSWpropertyData\RawData\DAT\2026\20260525\043_SALES_DATA_NNME_25052026.DAT,1017,b1a8120cb08dae914eed05ce43e7d7f96d93fa90fff1840118848381ebd44311
2026,2026-05-25,050_SALES_DATA_NNME_25052026.DAT,C:\Users\jonat\PycharmProjects\NSWpropertyData\RawData\DAT\2026\20260525\050_SALES_DATA_NNME_25052026.DAT,7404,d1c45a0e7f090f10223a8599aab46edf815ba495fdc4d9cbfa99c79d4fa751b8
2026,2026-05-25,051_SALES_DATA_NNME_25052026.DAT,C:\Users\jonat\PycharmProjects\NSWpropertyData\RawData\DAT\2026\20260525\051_SALES_DATA_NNME_25052026.DAT,577,ff39c605b85b9f2f572ea50ee8e97697a47da5c72caaea545cea80c5eaf8ba4e
2026,2026-05-25,061_SALES_DATA_NNME_25052026.DAT,C:\Users\jonat\PycharmProjects\NSWpropertyData\RawData\DAT\2026\20260525\061_SALES_DATA_NNME_25052026.DAT,859,5effd34eeaaa0ab9b376b895445e57a4747f90a7c06722873f901639b77e9bf7
2026,2026-05-25,065_SALES_DATA_NNME_25052026.DAT,C:\Users\jonat\PycharmProjects\NSWpropertyData\RawData\DAT\2026\20260525\065_SALES_DATA_NNME_25052026.DAT,3388,8d0de82e333d13a54ec482b618c91679f86fee4c3bbac0cc483ab3433b7c9835
2026,2026-05-25,066_SALES_DATA_NNME_25052026.DAT,C:\Users\jonat\PycharmProjects\NSWpropertyData\RawData\DAT\2026\20260525\066_SALES_DATA_NNME_25052026.DAT,333,f10470fe5a6af5b170b8e2646d91dae4ef1ae61cd9181ac2998b7e7e214e9a20
2026,2026-05-25,070_SALES_DATA_NNME_25052026.DAT,C:\Users\jonat\PycharmProjects\NSWpropertyData\RawData\DAT\2026\20260525\070_SALES_DATA_NNME_25052026.DAT,2457,b234f10b42f7056e773f75f4de82de42f03fbce933e1ac4957fc5fea225c5847
2026,2026-05-25,074_SALES_DATA_NNME_25052026.DAT,C:\Users\jonat\PycharmProjects\NSWpropertyData\RawData\DAT\2026\20260525\074_SALES_DATA_NNME_25052026.DAT,1400,ae2b6f1d90550cce937136ae7ba46dbdffdccab42ff065a919522a6502aa37d5
2026,2026-05-25,081_SALES_DATA_NNME_25052026.DAT,C:\Users\jonat\PycharmProjects\NSWpropertyData\RawData\DAT\2026\20260525\081_SALES_DATA_NNME_25052026.DAT,21244,8c14becfcb2797073d8531c724f851383f779e660ec461dd69301b6075014c04
2026,2026-05-25,082_SALES_DATA_NNME_25052026.DAT,C:\Users\jonat\PycharmProjects\NSWpropertyData\RawData\DAT\2026\20260525\082_SALES_DATA_NNME_25052026.DAT,13117,0f1281f2a772aa63fc63d89f641c5af3c4b68c48d323fdeaecb8b9f1bc39a1c1
2026,2026-05-25,083_SALES_DATA_NNME_25052026.DAT,C:\Users\jonat\PycharmProjects\NSWpropertyData\RawData\DAT\2026\20260525\083_SALES_DATA_NNME_25052026.DAT,541,082b5945bbe4f3240f2564d88c692540dd3bb331d590950988dc95010a441dc3
2026,2026-05-25,084_SALES_DATA_NNME_25052026.DAT,C:\Users\jonat\PycharmProjects\NSWpropertyData\RawData\DAT\2026\20260525\084_SALES_DATA_NNME_25052026.DAT,14320,11a1b38c1532e808a2a94a9bd17e806072475574f442c53a9adeacc4c02fb673
2026,2026-05-25,085_SALES_DATA_NNME_25052026.DAT,C:\Users\jonat\PycharmProjects\NSWpropertyData\RawData\DAT\2026\20260525\085_SALES_DATA_NNME_25052026.DAT,4369,d14977e7e08534f87b3094bcc7d6e607fb990cfaa085902f4d143382128fa3cf
2026,2026-05-25,087_SALES_DATA_NNME_25052026.DAT,C:\Users\jonat\PycharmProjects\NSWpropertyData\RawData\DAT\2026\20260525\087_SALES_DATA_NNME_25052026.DAT,5559,bdd6c1a752066b3d499e46315e1dec9abf1144fdd4135bd812877e48e3b2d085
2026,2026-05-25,088_SALES_DATA_NNME_25052026.DAT,C:\Users\jonat\PycharmProjects\NSWpropertyData\RawData\DAT\2026\20260525\088_SALES_DATA_NNME_25052026.DAT,9291,c41bc25b283593ae553d49ddd4ae15be2f46180188479249fb9e92bd58d19c20
2026,2026-05-25,090_SALES_DATA_NNME_25052026.DAT,C:\Users\jonat\PycharmProjects\NSWpropertyData\RawData\DAT\2026\20260525\090_SALES_DATA_NNME_25052026.DAT,12763,625b55d7f28450dfa8c1060798a2f8268f6e952056548dfae33d6536cf255831
2026,2026-05-25,092_SALES_DATA_NNME_25052026.DAT,C:\Users\jonat\PycharmProjects\NSWpropertyData\RawData\DAT\2026\20260525\092_SALES_DATA_NNME_25052026.DAT,6594,5f85745ac8fc5f790f11cf3d62c79d9597f4946fbee3208c377aaff02d4a9f28
2026,2026-05-25,097_SALES_DATA_NNME_25052026.DAT,C:\Users\jonat\PycharmProjects\NSWpropertyData\RawData\DAT\2026\20260525\097_SALES_DATA_NNME_25052026.DAT,4871,0edaddaa8120f5c74267f4d93d6fa74dd59db746f2626c0fa2b820605d16dd96
2026,2026-05-25,098_SALES_DATA_NNME_25052026.DAT,C:\Users\jonat\PycharmProjects\NSWpropertyData\RawData\DAT\2026\20260525\098_SALES_DATA_NNME_25052026.DAT,3377,1025e9ef17d29cf38ca10c0c60e89c5b34f636b38e3cb38895fd2c91a1710728
2026,2026-05-25,100_SALES_DATA_NNME_25052026.DAT,C:\Users\jonat\PycharmProjects\NSWpropertyData\RawData\DAT\2026\20260525\100_SALES_DATA_NNME_25052026.DAT,15433,58bb111fe15107641591e820589721c3463b119d96fd18361a7c13b235dc292f
2026,2026-05-25,101_SALES_DATA_NNME_25052026.DAT,C:\Users\jonat\PycharmProjects\NSWpropertyData\RawData\DAT\2026\20260525\101_SALES_DATA_NNME_25052026.DAT,13734,e1678de1e42f1c353738be592d1964844c24c78bc50b7562b02ffbc8f4ee4f8f
2026,2026-05-25,102_SALES_DATA_NNME_25052026.DAT,C:\Users\jonat\PycharmProjects\NSWpropertyData\RawData\DAT\2026\20260525\102_SALES_DATA_NNME_25052026.DAT,13332,c52ab4aa791c995fbd46de9c5a200a95138357f4cfa0f804157ab311f341223a
2026,2026-05-25,103_SALES_DATA_NNME_25052026.DAT,C:\Users\jonat\PycharmProjects\NSWpropertyData\RawData\DAT\2026\20260525\103_SALES_DATA_NNME_25052026.DAT,21215,be0025a28ab10a3b83161b5c135192aea71fc7016d93bb554f569f29ad4a24ea
2026,2026-05-25,109_SALES_DATA_NNME_25052026.DAT,C:\Users\jonat\PycharmProjects\NSWpropertyData\RawData\DAT\2026\20260525\109_SALES_DATA_NNME_25052026.DAT,1489,86ebb04d9f0d3c54b99ff4089c0f6fb7fe497e9c19f68f3ee226931b3cb9856a
2026,2026-05-25,116_SALES_DATA_NNME_25052026.DAT,C:\Users\jonat\PycharmProjects\NSWpropertyData\RawData\DAT\2026\20260525\116_SALES_DATA_NNME_25052026.DAT,1672,3d6394bd631af23c575509c54d0b7dfd1734173ffca075af0ba53d612559d11c
2026,2026-05-25,117_SALES_DATA_NNME_25052026.DAT,C:\Users\jonat\PycharmProjects\NSWpropertyData\RawData\DAT\2026\20260525\117_SALES_DATA_NNME_25052026.DAT,2161,46b1e6fd43ea37226fb083fe10683e3ecdf01e67e7fb9568208b8bb4b2dcd4fd
2026,2026-05-25,118_SALES_DATA_NNME_25052026.DAT,C:\Users\jonat\PycharmProjects\NSWpropertyData\RawData\DAT\2026\20260525\118_SALES_DATA_NNME_25052026.DAT,1176,9d18db8db0e44a37690c5570a955020889b6b2efb9db52dfd24d825f0908dbdf
2026,2026-05-25,124_SALES_DATA_NNME_25052026.DAT,C:\Users\jonat\PycharmProjects\NSWpropertyData\RawData\DAT\2026\20260525\124_SALES_DATA_NNME_25052026.DAT,6010,c0a59aa792ec378a954fb8d683fe9821f9707a0e7a1036dc036ca1209ca2618e
2026,2026-05-25,137_SALES_DATA_NNME_25052026.DAT,C:\Users\jonat\PycharmProjects\NSWpropertyData\RawData\DAT\2026\20260525\137_SALES_DATA_NNME_25052026.DAT,1581,b724a85e8c1b14848c9c6e3f5fccdd711b1d696324a020ebda36cec53fd968f4
2026,2026-05-25,139_SALES_DATA_NNME_25052026.DAT,C:\Users\jonat\PycharmProjects\NSWpropertyData\RawData\DAT\2026\20260525\139_SALES_DATA_NNME_25052026.DAT,7838,e86211f15a63fa915a2b8e63254597a501e1aa4ec9634864e93721a3e6b65c80
2026,2026-05-25,143_SALES_DATA_NNME_25052026.DAT,C:\Users\jonat\PycharmProjects\NSWpropertyData\RawData\DAT\2026\20260525\143_SALES_DATA_NNME_25052026.DAT,3141,2a4d51105ea00328132e0f36e351193bcd26a91e7a9e16250dbb37b2d290a8f2
2026,2026-05-25,144_SALES_DATA_NNME_25052026.DAT,C:\Users\jonat\PycharmProjects\NSWpropertyData\RawData\DAT\2026\20260525\144_SALES_DATA_NNME_25052026.DAT,22961,058bb0510d72d6089d0871532a00565613851ef6bc5c482479e887e33711cde0
2026,2026-05-25,148_SALES_DATA_NNME_25052026.DAT,C:\Users\jonat\PycharmProjects\NSWpropertyData\RawData\DAT\2026\20260525\148_SALES_DATA_NNME_25052026.DAT,5481,22e5dc338ad5d8306ff02d97b1e6b60bdd00c23453e27975f10bbebf65a8ccaa
2026,2026-05-25,149_SALES_DATA_NNME_25052026.DAT,C:\Users\jonat\PycharmProjects\NSWpropertyData\RawData\DAT\2026\20260525\149_SALES_DATA_NNME_25052026.DAT,3548,c87c99373b1ad536d1c15a0958840a9fac511460b08f22b09dd0bbc7be2ed097
2026,2026-05-25,150_SALES_DATA_NNME_25052026.DAT,C:\Users\jonat\PycharmProjects\NSWpropertyData\RawData\DAT\2026\20260525\150_SALES_DATA_NNME_25052026.DAT,3882,7efcc004239bd555f9137f56084049fbb0660066556987e523467deaa4c0223b
2026,2026-05-25,151_SALES_DATA_NNME_25052026.DAT,C:\Users\jonat\PycharmProjects\NSWpropertyData\RawData\DAT\2026\20260525\151_SALES_DATA_NNME_25052026.DAT,2163,081205c64d7b2a56b5c18ef7eeafd6fbd63260716f3eece7fd21b97d43bb50fe
2026,2026-05-25,152_SALES_DATA_NNME_25052026.DAT,C:\Users\jonat\PycharmProjects\NSWpropertyData\RawData\DAT\2026\20260525\152_SALES_DATA_NNME_25052026.DAT,6853,ae697f56a05c64e02f8efaa35c0de089da3efc940c3b4753dfe9eb6a81567fb2
2026,2026-05-25,157_SALES_DATA_NNME_25052026.DAT,C:\Users\jonat\PycharmProjects\NSWpropertyData\RawData\DAT\2026\20260525\157_SALES_DATA_NNME_25052026.DAT,4586,f845767d081b31849b07d58ca9eede8200832a7c28cf23a9eba5b628199563c6
2026,2026-05-25,158_SALES_DATA_NNME_25052026.DAT,C:\Users\jonat\PycharmProjects\NSWpropertyData\RawData\DAT\2026\20260525\158_SALES_DATA_NNME_25052026.DAT,1193,6ef64babbf700b59b6c17605dc07769c44e2d89ed283ed618d21878085e79294
2026,2026-05-25,159_SALES_DATA_NNME_25052026.DAT,C:\Users\jonat\PycharmProjects\NSWpropertyData\RawData\DAT\2026\20260525\159_SALES_DATA_NNME_25052026.DAT,7282,b63c2d2f060f85c6bf2b5cefb06819c67b94a2a33c06c9a00385670da5c05188
2026,2026-05-25,164_SALES_DATA_NNME_25052026.DAT,C:\Users\jonat\PycharmProjects\NSWpropertyData\RawData\DAT\2026\20260525\164_SALES_DATA_NNME_25052026.DAT,2747,cb27bb4632c19f5a12ff48f4fd3f0a9d368e918ed3d5fdad317623d8c7c542ba
2026,2026-05-25,171_SALES_DATA_NNME_25052026.DAT,C:\Users\jonat\PycharmProjects\NSWpropertyData\RawData\DAT\2026\20260525\171_SALES_DATA_NNME_25052026.DAT,13081,ea80eca3824c701dd8f862e790359d64d4a454d71da50fd07151f9d337ea0693
2026,2026-05-25,187_SALES_DATA_NNME_25052026.DAT,C:\Users\jonat\PycharmProjects\NSWpropertyData\RawData\DAT\2026\20260525\187_SALES_DATA_NNME_25052026.DAT,3939,750de1a7456049aaa60f24de31a0b66cea9a6f56d317907262598887a350899e
2026,2026-05-25,188_SALES_DATA_NNME_25052026.DAT,C:\Users\jonat\PycharmProjects\NSWpropertyData\RawData\DAT\2026\20260525\188_SALES_DATA_NNME_25052026.DAT,2550,833c494ca8c4fbb5c9150658ec43c17dc7139800f2c5377bd1566a5b4c86cc8a
2026,2026-05-25,192_SALES_DATA_NNME_25052026.DAT,C:\Users\jonat\PycharmProjects\NSWpropertyData\RawData\DAT\2026\20260525\192_SALES_DATA_NNME_25052026.DAT,1403,c83eee4cf42575feba5848a3176bfd13352b23f786843bc86981b8d98c325e4d
2026,2026-05-25,199_SALES_DATA_NNME_25052026.DAT,C:\Users\jonat\PycharmProjects\NSWpropertyData\RawData\DAT\2026\20260525\199_SALES_DATA_NNME_25052026.DAT,1479,4d6dafa6d7c4986c5d185de28be803b5ec45c167c7515249d37107223607b692
2026,2026-05-25,207_SALES_DATA_NNME_25052026.DAT,C:\Users\jonat\PycharmProjects\NSWpropertyData\RawData\DAT\2026\20260525\207_SALES_DATA_NNME_25052026.DAT,14034,9fb66320c94602c54cb4bed3ba95268bd3a88c15a97d67e70604e84d9e17b295
2026,2026-05-25,209_SALES_DATA_NNME_25052026.DAT,C:\Users\jonat\PycharmProjects\NSWpropertyData\RawData\DAT\2026\20260525\209_SALES_DATA_NNME_25052026.DAT,7878,c17f61542e0c2a9cc11df2ba79cfa9bb8b12d96d97a3508356f71fec7d3ac24a
2026,2026-05-25,210_SALES_DATA_NNME_25052026.DAT,C:\Users\jonat\PycharmProjects\NSWpropertyData\RawData\DAT\2026\20260525\210_SALES_DATA_NNME_25052026.DAT,6798,2989d31869fbbbcf84249e577647209416636ac48fb6af2781bc157922e75b15
2026,2026-05-25,214_SALES_DATA_NNME_25052026.DAT,C:\Users\jonat\PycharmProjects\NSWpropertyData\RawData\DAT\2026\20260525\214_SALES_DATA_NNME_25052026.DAT,41071,59793dfaa55834c6fd8e74cc68d38899d43789bf60359aec5bf2d125962121cc
2026,2026-05-25,216_SALES_DATA_NNME_25052026.DAT,C:\Users\jonat\PycharmProjects\NSWpropertyData\RawData\DAT\2026\20260525\216_SALES_DATA_NNME_25052026.DAT,7939,24073c49dbedc0939c73befc2fb9d09a84ba5eaf0c04eef0fe172f0ac3098bad
2026,2026-05-25,217_SALES_DATA_NNME_25052026.DAT,C:\Users\jonat\PycharmProjects\NSWpropertyData\RawData\DAT\2026\20260525\217_SALES_DATA_NNME_25052026.DAT,23969,45ddde99feddcd0a476ed4240995c0d89bc69e289eced00b7f6f163becc82dc1
2026,2026-05-25,218_SALES_DATA_NNME_25052026.DAT,C:\Users\jonat\PycharmProjects\NSWpropertyData\RawData\DAT\2026\20260525\218_SALES_DATA_NNME_25052026.DAT,23971,779627afba89a1e2871b5242c7e44e90c96ecee5749bbf507fab43de3cfef5f1
2026,2026-05-25,219_SALES_DATA_NNME_25052026.DAT,C:\Users\jonat\PycharmProjects\NSWpropertyData\RawData\DAT\2026\20260525\219_SALES_DATA_NNME_25052026.DAT,6904,dc5eb157adc3d703784ed5bb7ed61f67c45d8556930b2c9df86ca2ee3b7838b1
2026,2026-05-25,220_SALES_DATA_NNME_25052026.DAT,C:\Users\jonat\PycharmProjects\NSWpropertyData\RawData\DAT\2026\20260525\220_SALES_DATA_NNME_25052026.DAT,8116,676d95cc31195288c48a7c330f22c6743f343ed90840195a1880f5f7c12cbdae
2026,2026-05-25,222_SALES_DATA_NNME_25052026.DAT,C:\Users\jonat\PycharmProjects\NSWpropertyData\RawData\DAT\2026\20260525\222_SALES_DATA_NNME_25052026.DAT,4282,86156251dc2f37b1975285d10907cb9d4d1d4eb005e3345f16fb90cd4556b411
2026,2026-05-25,223_SALES_DATA_NNME_25052026.DAT,C:\Users\jonat\PycharmProjects\NSWpropertyData\RawData\DAT\2026\20260525\223_SALES_DATA_NNME_25052026.DAT,27927,0a7c722e497855e10a093c359e821a3f669c3103c2881ad5c811d33ce235e37d
2026,2026-05-25,224_SALES_DATA_NNME_25052026.DAT,C:\Users\jonat\PycharmProjects\NSWpropertyData\RawData\DAT\2026\20260525\224_SALES_DATA_NNME_25052026.DAT,17024,634d7d92d4290d44a9437412a98b93fd6b5fbf19e28be076ccdd666d38e4a5c5
2026,2026-05-25,226_SALES_DATA_NNME_25052026.DAT,C:\Users\jonat\PycharmProjects\NSWpropertyData\RawData\DAT\2026\20260525\226_SALES_DATA_NNME_25052026.DAT,16103,44fdc9c18db490868724ae01b01d8552e488d099492852f512eb6d8254c13fd6
2026,2026-05-25,230_SALES_DATA_NNME_25052026.DAT,C:\Users\jonat\PycharmProjects\NSWpropertyData\RawData\DAT\2026\20260525\230_SALES_DATA_NNME_25052026.DAT,306,6e501a9d486d96c2794835ed0f08ef0ac023cf3afadaad83e5398d4e1bebce42
2026,2026-05-25,231_SALES_DATA_NNME_25052026.DAT,C:\Users\jonat\PycharmProjects\NSWpropertyData\RawData\DAT\2026\20260525\231_SALES_DATA_NNME_25052026.DAT,660,0604ea9b9e7617a470d7ae9c9442ee75c68a7ca71db3f5ef504ac0fc0c62c47b
2026,2026-05-25,234_SALES_DATA_NNME_25052026.DAT,C:\Users\jonat\PycharmProjects\NSWpropertyData\RawData\DAT\2026\20260525\234_SALES_DATA_NNME_25052026.DAT,3355,7963c1c9b114c86571f45714ad9dda093eb4bf242712c168176e556bf7ca299b
2026,2026-05-25,235_SALES_DATA_NNME_25052026.DAT,C:\Users\jonat\PycharmProjects\NSWpropertyData\RawData\DAT\2026\20260525\235_SALES_DATA_NNME_25052026.DAT,580,c076c7e9ac60fe1b93944bf0efa925613b7dd3a31df6c023ec6ceac04f913063
2026,2026-05-25,236_SALES_DATA_NNME_25052026.DAT,C:\Users\jonat\PycharmProjects\NSWpropertyData\RawData\DAT\2026\20260525\236_SALES_DATA_NNME_25052026.DAT,540,447fcc08809f6a35f3b40e1ce0267ffaa52a146bbc4a6d16b3cf1975a405e5c4
2026,2026-05-25,238_SALES_DATA_NNME_25052026.DAT,C:\Users\jonat\PycharmProjects\NSWpropertyData\RawData\DAT\2026\20260525\238_SALES_DATA_NNME_25052026.DAT,1356,949453ea5e086f2e09e3dcc0fb6975a74fb3f5b241c9337679896b575570bb0f
2026,2026-05-25,240_SALES_DATA_NNME_25052026.DAT,C:\Users\jonat\PycharmProjects\NSWpropertyData\RawData\DAT\2026\20260525\240_SALES_DATA_NNME_25052026.DAT,633,c512985f8735d59529efd7d2ddd015c5a8ea98fefed57792e6f222b3df1cc6c9
2026,2026-05-25,243_SALES_DATA_NNME_25052026.DAT,C:\Users\jonat\PycharmProjects\NSWpropertyData\RawData\DAT\2026\20260525\243_SALES_DATA_NNME_25052026.DAT,297,2caa71f346590fb58f259fe27693b4f713e995352c81d6042bd60cdb06eec48f
2026,2026-05-25,244_SALES_DATA_NNME_25052026.DAT,C:\Users\jonat\PycharmProjects\NSWpropertyData\RawData\DAT\2026\20260525\244_SALES_DATA_NNME_25052026.DAT,2101,d15b839859228d50a740f0b9903b9f8ee468468f5fb0030d5b02c982edcb497e
2026,2026-05-25,247_SALES_DATA_NNME_25052026.DAT,C:\Users\jonat\PycharmProjects\NSWpropertyData\RawData\DAT\2026\20260525\247_SALES_DATA_NNME_25052026.DAT,1785,bb7c7ae0dd1adc7b9162550bde43ef0fb8f593de2b26e8003e6ce293601947b2
2026,2026-05-25,250_SALES_DATA_NNME_25052026.DAT,C:\Users\jonat\PycharmProjects\NSWpropertyData\RawData\DAT\2026\20260525\250_SALES_DATA_NNME_25052026.DAT,2697,daa1b21a84cafda685e89c656897d6033ee6fffa6c6406b13e7f6f404c93e4d5
2026,2026-05-25,251_SALES_DATA_NNME_25052026.DAT,C:\Users\jonat\PycharmProjects\NSWpropertyData\RawData\DAT\2026\20260525\251_SALES_DATA_NNME_25052026.DAT,306,6d8a7e0f79f07d321dac12a475c41cb6240e4fecad6c74b4a3c1c61e443dd9c2
2026,2026-05-25,252_SALES_DATA_NNME_25052026.DAT,C:\Users\jonat\PycharmProjects\NSWpropertyData\RawData\DAT\2026\20260525\252_SALES_DATA_NNME_25052026.DAT,753,68398a79c4030c129d1871b7fbd8339b0ae5c6efa8dbe81d321365b61619f37d
2026,2026-05-25,253_SALES_DATA_NNME_25052026.DAT,C:\Users\jonat\PycharmProjects\NSWpropertyData\RawData\DAT\2026\20260525\253_SALES_DATA_NNME_25052026.DAT,420,6d00cd3196692dd6587a2196374e0d71d8d7e7b7e0147dedaf9aa759b0cdb6a2
2026,2026-05-25,254_SALES_DATA_NNME_25052026.DAT,C:\Users\jonat\PycharmProjects\NSWpropertyData\RawData\DAT\2026\20260525\254_SALES_DATA_NNME_25052026.DAT,669,5151fbfb2cc84f46774f18c64202b396bcdaef1eb8e4fa3dc52518a3c03bdb5f
2026,2026-05-25,255_SALES_DATA_NNME_25052026.DAT,C:\Users\jonat\PycharmProjects\NSWpropertyData\RawData\DAT\2026\20260525\255_SALES_DATA_NNME_25052026.DAT,2459,dcec23763c5beeb6a3c059bcabaa917e6b220d5682506e6cb3d6e5aa04b797c9
2026,2026-05-25,257_SALES_DATA_NNME_25052026.DAT,C:\Users\jonat\PycharmProjects\NSWpropertyData\RawData\DAT\2026\20260525\257_SALES_DATA_NNME_25052026.DAT,5130,f63cab49ae2c2f19bab0ecfc80802d3ff77ce9245c5dbf61d8ad00d3588e0506
2026,2026-05-25,258_SALES_DATA_NNME_25052026.DAT,C:\Users\jonat\PycharmProjects\NSWpropertyData\RawData\DAT\2026\20260525\258_SALES_DATA_NNME_25052026.DAT,27044,866bed083572c02f6674f9f268be6bec0c4fa5162a963ee9b377f2230ae4e5be
2026,2026-05-25,259_SALES_DATA_NNME_25052026.DAT,C:\Users\jonat\PycharmProjects\NSWpropertyData\RawData\DAT\2026\20260525\259_SALES_DATA_NNME_25052026.DAT,42526,19ed84e370868ec69b851ac04db3f5cc19ec759a6e326d5b4387a9239197cb5e
2026,2026-05-25,260_SALES_DATA_NNME_25052026.DAT,C:\Users\jonat\PycharmProjects\NSWpropertyData\RawData\DAT\2026\20260525\260_SALES_DATA_NNME_25052026.DAT,30015,5c34090644be37db1dc5953496e7834b86c0d7bba8f8874ebf5c0308f829d6df
2026,2026-05-25,261_SALES_DATA_NNME_25052026.DAT,C:\Users\jonat\PycharmProjects\NSWpropertyData\RawData\DAT\2026\20260525\261_SALES_DATA_NNME_25052026.DAT,19228,5fce04ae1b4015fb06669e78c9a6533839b8ea4038f1cbaa251f71dd6a393120
2026,2026-05-25,262_SALES_DATA_NNME_25052026.DAT,C:\Users\jonat\PycharmProjects\NSWpropertyData\RawData\DAT\2026\20260525\262_SALES_DATA_NNME_25052026.DAT,1176,3850514932388b849a458cb096de1db8aac325227fd2e17c5afc7714bd203ee3
2026,2026-05-25,263_SALES_DATA_NNME_25052026.DAT,C:\Users\jonat\PycharmProjects\NSWpropertyData\RawData\DAT\2026\20260525\263_SALES_DATA_NNME_25052026.DAT,2353,e492fb9a3a62af0779e01bac930d39e1530668c4978b67c5680bf0bd8d0966ec
2026,2026-05-25,264_SALES_DATA_NNME_25052026.DAT,C:\Users\jonat\PycharmProjects\NSWpropertyData\RawData\DAT\2026\20260525\264_SALES_DATA_NNME_25052026.DAT,14244,d2f37e1f4a954ed76031c85bc4b177996b792bc83e2ba21d375e29c0057ee1a8
2026,2026-05-25,265_SALES_DATA_NNME_25052026.DAT,C:\Users\jonat\PycharmProjects\NSWpropertyData\RawData\DAT\2026\20260525\265_SALES_DATA_NNME_25052026.DAT,2192,d7881458b5493fae65b896d608f4be812d2d4e1a3bc78160810ab681fd276677
2026,2026-05-25,266_SALES_DATA_NNME_25052026.DAT,C:\Users\jonat\PycharmProjects\NSWpropertyData\RawData\DAT\2026\20260525\266_SALES_DATA_NNME_25052026.DAT,1903,73fa7cb322a5dc325962114f899b78124b82850e55476ecc621eaf40284df143
2026,2026-05-25,267_SALES_DATA_NNME_25052026.DAT,C:\Users\jonat\PycharmProjects\NSWpropertyData\RawData\DAT\2026\20260525\267_SALES_DATA_NNME_25052026.DAT,17681,86c02dc0e104cf90b211dee7316266ca15ae0b2fc2503998fe345591c2e938ab
2026,2026-05-25,268_SALES_DATA_NNME_25052026.DAT,C:\Users\jonat\PycharmProjects\NSWpropertyData\RawData\DAT\2026\20260525\268_SALES_DATA_NNME_25052026.DAT,14819,2068e33e5dcca7758f51000edd305a25deddde0fd9527cc914836a09cd3364d4
2026,2026-05-25,269_SALES_DATA_NNME_25052026.DAT,C:\Users\jonat\PycharmProjects\NSWpropertyData\RawData\DAT\2026\20260525\269_SALES_DATA_NNME_25052026.DAT,4260,14d2a44261a57f09f1de21e58bee6752e1f337fbefb03f3c31c39119734fa22f
2026,2026-05-25,270_SALES_DATA_NNME_25052026.DAT,C:\Users\jonat\PycharmProjects\NSWpropertyData\RawData\DAT\2026\20260525\270_SALES_DATA_NNME_25052026.DAT,1173,36c13f9328a4a7a457dc25661f1bb6257ba09596d624fb63dde53ca1de7e19a0
2026,2026-05-25,271_SALES_DATA_NNME_25052026.DAT,C:\Users\jonat\PycharmProjects\NSWpropertyData\RawData\DAT\2026\20260525\271_SALES_DATA_NNME_25052026.DAT,22178,2d448a444bf1f64f96391718a0f8c9574016e4f49db0fc64c4c7ca600426552d
2026,2026-05-25,272_SALES_DATA_NNME_25052026.DAT,C:\Users\jonat\PycharmProjects\NSWpropertyData\RawData\DAT\2026\20260525\272_SALES_DATA_NNME_25052026.DAT,8843,359e0a7368cc31ac16bc01d14702c13a74c75d593fbdcfd1aa9d86e25330d3ab
2026,2026-05-25,273_SALES_DATA_NNME_25052026.DAT,C:\Users\jonat\PycharmProjects\NSWpropertyData\RawData\DAT\2026\20260525\273_SALES_DATA_NNME_25052026.DAT,3709,a4bac0f18e4bb8f4bd9b706f52f76dc10a8dc1c079748634f74a984f0e78834b
2026,2026-05-25,274_SALES_DATA_NNME_25052026.DAT,C:\Users\jonat\PycharmProjects\NSWpropertyData\RawData\DAT\2026\20260525\274_SALES_DATA_NNME_25052026.DAT,935,01d75167be99b2685176dda9fa94317399299525b441aa094d3ef587038bcffc
2026,2026-05-25,275_SALES_DATA_NNME_25052026.DAT,C:\Users\jonat\PycharmProjects\NSWpropertyData\RawData\DAT\2026\20260525\275_SALES_DATA_NNME_25052026.DAT,7758,c8c2c5776da4f5980e0c9e7b3c7100caea9c416acd09b45e530bfb67d566ee35
2026,2026-05-25,276_SALES_DATA_NNME_25052026.DAT,C:\Users\jonat\PycharmProjects\NSWpropertyData\RawData\DAT\2026\20260525\276_SALES_DATA_NNME_25052026.DAT,11961,e7c0fa2951d94640a3a38d062b79d9e1f851726b1ecf0835c84fbd0c86e36c31
2026,2026-05-25,300_SALES_DATA_NNME_25052026.DAT,C:\Users\jonat\PycharmProjects\NSWpropertyData\RawData\DAT\2026\20260525\300_SALES_DATA_NNME_25052026.DAT,1261,5fb474478ff0a800f3a140bff78a5e1fc5c38d0d5f9c41e2644634f4d2589d4e
2026,2026-05-25,301_SALES_DATA_NNME_25052026.DAT,C:\Users\jonat\PycharmProjects\NSWpropertyData\RawData\DAT\2026\20260525\301_SALES_DATA_NNME_25052026.DAT,1129,e8e83a8812c0919dbb897f7d607d67dadcce657c37d1138af7bee6cab5c187b8
2026,2026-05-25,302_SALES_DATA_NNME_25052026.DAT,C:\Users\jonat\PycharmProjects\NSWpropertyData\RawData\DAT\2026\20260525\302_SALES_DATA_NNME_25052026.DAT,948,2ef4501d2809d1fa1694878dfa865b281bd25e125f41a83955ad9875e44761c2
2026,2026-05-25,303_SALES_DATA_NNME_25052026.DAT,C:\Users\jonat\PycharmProjects\NSWpropertyData\RawData\DAT\2026\20260525\303_SALES_DATA_NNME_25052026.DAT,8266,d216bbba3991a20a1eb05a40d6c6de2a6c2e8f9113ab7c5c7d53374caa681b6f
2026,2026-05-25,511_SALES_DATA_NNME_25052026.DAT,C:\Users\jonat\PycharmProjects\NSWpropertyData\RawData\DAT\2026\20260525\511_SALES_DATA_NNME_25052026.DAT,1877,5fb5f7742e18f6ae17c3e55ffe1044ca96ab407758ce9400bfa8e46cf794eee9
2026,2026-05-25,526_SALES_DATA_NNME_25052026.DAT,C:\Users\jonat\PycharmProjects\NSWpropertyData\RawData\DAT\2026\20260525\526_SALES_DATA_NNME_25052026.DAT,2777,95fa184742a510eda17a2b52d7603735cbcd44fb5e2bfcc90fcf8289752fc27b
2026,2026-05-25,528_SALES_DATA_NNME_25052026.DAT,C:\Users\jonat\PycharmProjects\NSWpropertyData\RawData\DAT\2026\20260525\528_SALES_DATA_NNME_25052026.DAT,2092,80f6fc42b739034acbc40545ffab2847eaf329e1eb14f5227037ee4d37b5f58c
2026,2026-05-25,529_SALES_DATA_NNME_25052026.DAT,C:\Users\jonat\PycharmProjects\NSWpropertyData\RawData\DAT\2026\20260525\529_SALES_DATA_NNME_25052026.DAT,4976,2543b5830e549aecd7b979363479e07bf146552942d3d7b4b9c64761f4be7e51
2026,2026-05-25,537_SALES_DATA_NNME_25052026.DAT,C:\Users\jonat\PycharmProjects\NSWpropertyData\RawData\DAT\2026\20260525\537_SALES_DATA_NNME_25052026.DAT,2090,f9c975b04ec7113e4c8eaacf190d013b5eb3e6eb8c8c6f2ce10c65155591ddea
2026,2026-05-25,538_SALES_DATA_NNME_25052026.DAT,C:\Users\jonat\PycharmProjects\NSWpropertyData\RawData\DAT\2026\20260525\538_SALES_DATA_NNME_25052026.DAT,1811,7688b7ccff61426ee672496bbe1e92fb050809d506d9a267af2d7bed730dc2dd
2026,2026-05-25,560_SALES_DATA_NNME_25052026.DAT,C:\Users\jonat\PycharmProjects\NSWpropertyData\RawData\DAT\2026\20260525\560_SALES_DATA_NNME_25052026.DAT,2790,337412503e2dc0cf4ef5834f9e1aebccbd9ae9236c5228b2a5eb0b7732bbe0a9
2026,2026-05-25,575_SALES_DATA_NNME_25052026.DAT,C:\Users\jonat\PycharmProjects\NSWpropertyData\RawData\DAT\2026\20260525\575_SALES_DATA_NNME_25052026.DAT,9563,5da8a3d3a0e8c4e66a5b9d425fd352cce62ed2eb07760d18673081c0cd79cd0f
2026,2026-05-25,608_SALES_DATA_NNME_25052026.DAT,C:\Users\jonat\PycharmProjects\NSWpropertyData\RawData\DAT\2026\20260525\608_SALES_DATA_NNME_25052026.DAT,5881,8a0bd7a8dcdf36c7310a4fd228d5e83545f1a24205cda5079651767a4d433996
2026,2026-05-25,620_SALES_DATA_NNME_25052026.DAT,C:\Users\jonat\PycharmProjects\NSWpropertyData\RawData\DAT\2026\20260525\620_SALES_DATA_NNME_25052026.DAT,3507,a21879b0caa31b45187fca8c74f67a26706dfcb92669f468384964a01ac093cc
2026,2026-05-25,656_SALES_DATA_NNME_25052026.DAT,C:\Users\jonat\PycharmProjects\NSWpropertyData\RawData\DAT\2026\20260525\656_SALES_DATA_NNME_25052026.DAT,16306,8a75bca407bfbdb60658bdea61690a6e9b637a5280fdac7554d93eab632e5d60
2026,2026-05-25,666_SALES_DATA_NNME_25052026.DAT,C:\Users\jonat\PycharmProjects\NSWpropertyData\RawData\DAT\2026\20260525\666_SALES_DATA_NNME_25052026.DAT,6847,6f340359aafb0fbe9e0797b58bfd328cd1e458bfe8525631e042fe0a832a6441
2026,2026-05-25,708_SALES_DATA_NNME_25052026.DAT,C:\Users\jonat\PycharmProjects\NSWpropertyData\RawData\DAT\2026\20260525\708_SALES_DATA_NNME_25052026.DAT,30372,0929bd7f58132e22f80af1e98a65cd7c7cfbd1323e2cda9330d7ecd2949406d1
2026,2026-06-01,001_SALES_DATA_NNME_01062026.DAT,C:\Users\jonat\PycharmProjects\NSWpropertyData\RawData\DAT\2026\20260601\001_SALES_DATA_NNME_01062026.DAT,10638,a513d193eeee2c9218ffc39443f3423ccec00a6214676e2729e5eccc579b9c59
2026,2026-06-01,002_SALES_DATA_NNME_01062026.DAT,C:\Users\jonat\PycharmProjects\NSWpropertyData\RawData\DAT\2026\20260601\002_SALES_DATA_NNME_01062026.DAT,946,6a8ba6bdceb3d6b595b657318d3d28bad45fcaf1daf188bc88eb4c0546d01136
2026,2026-06-01,004_SALES_DATA_NNME_01062026.DAT,C:\Users\jonat\PycharmProjects\NSWpropertyData\RawData\DAT\2026\20260601\004_SALES_DATA_NNME_01062026.DAT,36487,4e76af328e4a91848b4f5a89e0ae8f08880ea98ecacca374d9064a2cab32f8a8
2026,2026-06-01,005_SALES_DATA_NNME_01062026.DAT,C:\Users\jonat\PycharmProjects\NSWpropertyData\RawData\DAT\2026\20260601\005_SALES_DATA_NNME_01062026.DAT,20096,4c6e9bb8912406308c5a939d187d13d6003b7595420692c409f725660913510c
2026,2026-06-01,007_SALES_DATA_NNME_01062026.DAT,C:\Users\jonat\PycharmProjects\NSWpropertyData\RawData\DAT\2026\20260601\007_SALES_DATA_NNME_01062026.DAT,2813,4d391f942be22d95edb788397b3be0850f9c0ad3e272b844d60a3e1c439a73cd
2026,2026-06-01,008_SALES_DATA_NNME_01062026.DAT,C:\Users\jonat\PycharmProjects\NSWpropertyData\RawData\DAT\2026\20260601\008_SALES_DATA_NNME_01062026.DAT,22589,d032f950a866cf8f1ba470674d8193376b2954fdb1fc73bf445c2d698b4721bc
2026,2026-06-01,010_SALES_DATA_NNME_01062026.DAT,C:\Users\jonat\PycharmProjects\NSWpropertyData\RawData\DAT\2026\20260601\010_SALES_DATA_NNME_01062026.DAT,9765,8ce6169429752c56b61e802d75ba266fac9f819a4428ecbf000ca66c7f3d46f6
2026,2026-06-01,012_SALES_DATA_NNME_01062026.DAT,C:\Users\jonat\PycharmProjects\NSWpropertyData\RawData\DAT\2026\20260601\012_SALES_DATA_NNME_01062026.DAT,2427,ce9150e7a4cca05928425e151db09444dc2d0f3d4315a67d134c3c081e28bfcd
2026,2026-06-01,018_SALES_DATA_NNME_01062026.DAT,C:\Users\jonat\PycharmProjects\NSWpropertyData\RawData\DAT\2026\20260601\018_SALES_DATA_NNME_01062026.DAT,3809,9e9c91db99607741e28608fd9f6ba4c98512eacfe24f06d9356b7b5efb924d75
2026,2026-06-01,042_SALES_DATA_NNME_01062026.DAT,C:\Users\jonat\PycharmProjects\NSWpropertyData\RawData\DAT\2026\20260601\042_SALES_DATA_NNME_01062026.DAT,3045,cab35bfcfcc2eea7b88adbe4d369465cfd7f4003eb7013d005273202acefd0d8
2026,2026-06-01,043_SALES_DATA_NNME_01062026.DAT,C:\Users\jonat\PycharmProjects\NSWpropertyData\RawData\DAT\2026\20260601\043_SALES_DATA_NNME_01062026.DAT,573,b94d73550852f2c8cc8ddd4ec34d62b411db5d4b0260c93a0f33adade6415adb
2026,2026-06-01,050_SALES_DATA_NNME_01062026.DAT,C:\Users\jonat\PycharmProjects\NSWpropertyData\RawData\DAT\2026\20260601\050_SALES_DATA_NNME_01062026.DAT,11275,34841c318b8b297fc2425b15d48e6d59f891f5def4e045036dbfa8c523ba0314
2026,2026-06-01,051_SALES_DATA_NNME_01062026.DAT,C:\Users\jonat\PycharmProjects\NSWpropertyData\RawData\DAT\2026\20260601\051_SALES_DATA_NNME_01062026.DAT,1495,deaa1e4f774e5f469d37462c5555cb446610c743267fed08ed38cde62bc430e2
2026,2026-06-01,052_SALES_DATA_NNME_01062026.DAT,C:\Users\jonat\PycharmProjects\NSWpropertyData\RawData\DAT\2026\20260601\052_SALES_DATA_NNME_01062026.DAT,655,94c1addde0ad435f7d7011f6e9a9bd331c7894294b46e831356a0af0293f5590
2026,2026-06-01,054_SALES_DATA_NNME_01062026.DAT,C:\Users\jonat\PycharmProjects\NSWpropertyData\RawData\DAT\2026\20260601\054_SALES_DATA_NNME_01062026.DAT,1051,6dba244fe602693b2d743b37e782d5785b9098282d79a5f0e8110403aaa9ff81
2026,2026-06-01,061_SALES_DATA_NNME_01062026.DAT,C:\Users\jonat\PycharmProjects\NSWpropertyData\RawData\DAT\2026\20260601\061_SALES_DATA_NNME_01062026.DAT,1410,f2f6afd5c5330f558d0478d59ad35d1eb80887f59e3f74fed864e74361cfbf1a
2026,2026-06-01,065_SALES_DATA_NNME_01062026.DAT,C:\Users\jonat\PycharmProjects\NSWpropertyData\RawData\DAT\2026\20260601\065_SALES_DATA_NNME_01062026.DAT,2298,6c89506b308a1d3e843e84c90dd954dee1604d86ed7f1ab100d07650544a32f5
2026,2026-06-01,066_SALES_DATA_NNME_01062026.DAT,C:\Users\jonat\PycharmProjects\NSWpropertyData\RawData\DAT\2026\20260601\066_SALES_DATA_NNME_01062026.DAT,1793,675096f4a1a99b693b20046247509b6f053d9d80d2712c1d0e201c2c574b8887
2026,2026-06-01,070_SALES_DATA_NNME_01062026.DAT,C:\Users\jonat\PycharmProjects\NSWpropertyData\RawData\DAT\2026\20260601\070_SALES_DATA_NNME_01062026.DAT,1595,03915809b96c7a731944e483dd96c5b221aa4dc19361c48968fa90c7028e4a69
2026,2026-06-01,074_SALES_DATA_NNME_01062026.DAT,C:\Users\jonat\PycharmProjects\NSWpropertyData\RawData\DAT\2026\20260601\074_SALES_DATA_NNME_01062026.DAT,4949,cb9010b0c5982f2abb8a37d5d624cee8578f28b9e08e445a9c5e0138cba522ff
2026,2026-06-01,081_SALES_DATA_NNME_01062026.DAT,C:\Users\jonat\PycharmProjects\NSWpropertyData\RawData\DAT\2026\20260601\081_SALES_DATA_NNME_01062026.DAT,28867,6ee6906ea15b4b408f18aa3b9c75f218a482ffaa385df0824726a8ae8bccf709
2026,2026-06-01,082_SALES_DATA_NNME_01062026.DAT,C:\Users\jonat\PycharmProjects\NSWpropertyData\RawData\DAT\2026\20260601\082_SALES_DATA_NNME_01062026.DAT,13683,cfdfecf57f335ad7bf6844aa372870c82e997ca33d07ef276355dfa8fb382972
2026,2026-06-01,083_SALES_DATA_NNME_01062026.DAT,C:\Users\jonat\PycharmProjects\NSWpropertyData\RawData\DAT\2026\20260601\083_SALES_DATA_NNME_01062026.DAT,1582,5d30ca683033bd03cb64d85cfa2538da0e5fbcd9e35fdabeacd219f8049660f7
2026,2026-06-01,084_SALES_DATA_NNME_01062026.DAT,C:\Users\jonat\PycharmProjects\NSWpropertyData\RawData\DAT\2026\20260601\084_SALES_DATA_NNME_01062026.DAT,18207,a108afd2ab57c3f5736d9f15de5b018d37098b8ece7be5478484d58c9e6fc171
2026,2026-06-01,085_SALES_DATA_NNME_01062026.DAT,C:\Users\jonat\PycharmProjects\NSWpropertyData\RawData\DAT\2026\20260601\085_SALES_DATA_NNME_01062026.DAT,4527,9718f98ef89cee68367a80e90e871a6f6780a66e1cb565dd7a53bb39c814a419
2026,2026-06-01,087_SALES_DATA_NNME_01062026.DAT,C:\Users\jonat\PycharmProjects\NSWpropertyData\RawData\DAT\2026\20260601\087_SALES_DATA_NNME_01062026.DAT,3835,23024cd0a832682c1796c812706160a3d7db2a35643cf264c60cba5713221c33
2026,2026-06-01,088_SALES_DATA_NNME_01062026.DAT,C:\Users\jonat\PycharmProjects\NSWpropertyData\RawData\DAT\2026\20260601\088_SALES_DATA_NNME_01062026.DAT,12211,263ddb0f5af38461a75bd44b8c4d192d0fad31aa96f27ceb3f374a42aa7f118d
2026,2026-06-01,090_SALES_DATA_NNME_01062026.DAT,C:\Users\jonat\PycharmProjects\NSWpropertyData\RawData\DAT\2026\20260601\090_SALES_DATA_NNME_01062026.DAT,21280,7dfdb9c9762ebc45ad7ab45cce246f6f1bd19da701cafed0485ba374c5e2a2af
2026,2026-06-01,092_SALES_DATA_NNME_01062026.DAT,C:\Users\jonat\PycharmProjects\NSWpropertyData\RawData\DAT\2026\20260601\092_SALES_DATA_NNME_01062026.DAT,5902,11ed214a7e2226208013ca52f9154670bc50c1c862b9ed9909266ac3696f8d4f
2026,2026-06-01,097_SALES_DATA_NNME_01062026.DAT,C:\Users\jonat\PycharmProjects\NSWpropertyData\RawData\DAT\2026\20260601\097_SALES_DATA_NNME_01062026.DAT,8824,fea1f67f0f046b8e534ec435c69277b88c12ef848d1c82e1f8e2442b4119d67c
2026,2026-06-01,098_SALES_DATA_NNME_01062026.DAT,C:\Users\jonat\PycharmProjects\NSWpropertyData\RawData\DAT\2026\20260601\098_SALES_DATA_NNME_01062026.DAT,2090,bdbe2101d91d98ff4acfe3c3e0294c6c5ef24a7e1d98d7427c5c222d6cf0b12a
2026,2026-06-01,100_SALES_DATA_NNME_01062026.DAT,C:\Users\jonat\PycharmProjects\NSWpropertyData\RawData\DAT\2026\20260601\100_SALES_DATA_NNME_01062026.DAT,11764,c94f240f35db803eaf867b9e9f5270b997d8cd3648a4e169d71f77de2d32c6fb
2026,2026-06-01,101_SALES_DATA_NNME_01062026.DAT,C:\Users\jonat\PycharmProjects\NSWpropertyData\RawData\DAT\2026\20260601\101_SALES_DATA_NNME_01062026.DAT,15764,61705b2943671a4133ec98474b7a9252d421c69d624ef62a7ae0397a7591bf85
2026,2026-06-01,102_SALES_DATA_NNME_01062026.DAT,C:\Users\jonat\PycharmProjects\NSWpropertyData\RawData\DAT\2026\20260601\102_SALES_DATA_NNME_01062026.DAT,11338,1fa46f6142317ae2dcc6cff381577897aa06dc7f658af59b3c651b409ea1ece2
2026,2026-06-01,103_SALES_DATA_NNME_01062026.DAT,C:\Users\jonat\PycharmProjects\NSWpropertyData\RawData\DAT\2026\20260601\103_SALES_DATA_NNME_01062026.DAT,21456,5c8b3d13272f4241888e1a00c2961bab035b0014906f84b54cfbadc1fb2e28ff
2026,2026-06-01,109_SALES_DATA_NNME_01062026.DAT,C:\Users\jonat\PycharmProjects\NSWpropertyData\RawData\DAT\2026\20260601\109_SALES_DATA_NNME_01062026.DAT,992,fe2f1bfee8809ea379116133e0656c5275643892e1c41cf893de49fc130a84ef
2026,2026-06-01,116_SALES_DATA_NNME_01062026.DAT,C:\Users\jonat\PycharmProjects\NSWpropertyData\RawData\DAT\2026\20260601\116_SALES_DATA_NNME_01062026.DAT,3463,31d370b005d03d9689f216a4457c40189d42619ecd5aaa4e3562e1cdf24a9478
2026,2026-06-01,117_SALES_DATA_NNME_01062026.DAT,C:\Users\jonat\PycharmProjects\NSWpropertyData\RawData\DAT\2026\20260601\117_SALES_DATA_NNME_01062026.DAT,807,750573a8ccb42843b4b6bb00876722e9b2f8ff28433fe10eba1764dac4a56623
2026,2026-06-01,118_SALES_DATA_NNME_01062026.DAT,C:\Users\jonat\PycharmProjects\NSWpropertyData\RawData\DAT\2026\20260601\118_SALES_DATA_NNME_01062026.DAT,811,0aeea2c1a73beae63534ae113559669214af2656d415fc5d1f0a7cf54feae548
2026,2026-06-01,123_SALES_DATA_NNME_01062026.DAT,C:\Users\jonat\PycharmProjects\NSWpropertyData\RawData\DAT\2026\20260601\123_SALES_DATA_NNME_01062026.DAT,1373,6b059258307ee737524952bad44a3bee0a1e8676a33eb49e3cd2fd1ddd59b863
2026,2026-06-01,124_SALES_DATA_NNME_01062026.DAT,C:\Users\jonat\PycharmProjects\NSWpropertyData\RawData\DAT\2026\20260601\124_SALES_DATA_NNME_01062026.DAT,6220,4485a91111ffe424d456fd0cf6e3c2d82a12a83f33c93941138f2175a0ef1dad
2026,2026-06-01,137_SALES_DATA_NNME_01062026.DAT,C:\Users\jonat\PycharmProjects\NSWpropertyData\RawData\DAT\2026\20260601\137_SALES_DATA_NNME_01062026.DAT,4136,97f3016f3af541467706bcf2e6abb42ce313631482bf6c19da5739e7157ae76c
2026,2026-06-01,139_SALES_DATA_NNME_01062026.DAT,C:\Users\jonat\PycharmProjects\NSWpropertyData\RawData\DAT\2026\20260601\139_SALES_DATA_NNME_01062026.DAT,12239,3a2925fb35b9c70e0b7d71ab34443988e7fb1c0f1124452221a65de2f2c603f6
2026,2026-06-01,143_SALES_DATA_NNME_01062026.DAT,C:\Users\jonat\PycharmProjects\NSWpropertyData\RawData\DAT\2026\20260601\143_SALES_DATA_NNME_01062026.DAT,5403,c151911abb6a17e3d59261b553be8dfc0a09999f6e68f00e88cba0636d376cdb
2026,2026-06-01,144_SALES_DATA_NNME_01062026.DAT,C:\Users\jonat\PycharmProjects\NSWpropertyData\RawData\DAT\2026\20260601\144_SALES_DATA_NNME_01062026.DAT,31758,d11dd670abe62e991b8cb92fd4924e2d7da14a1df6f5bc619a94b70c4d97a66a
2026,2026-06-01,148_SALES_DATA_NNME_01062026.DAT,C:\Users\jonat\PycharmProjects\NSWpropertyData\RawData\DAT\2026\20260601\148_SALES_DATA_NNME_01062026.DAT,8010,551b94713430a320f0dee209b592b7af17c054667b01f8d736d02a8630948009
2026,2026-06-01,149_SALES_DATA_NNME_01062026.DAT,C:\Users\jonat\PycharmProjects\NSWpropertyData\RawData\DAT\2026\20260601\149_SALES_DATA_NNME_01062026.DAT,2563,157b6b7bb17545c64afaa82ffb3edeb70c85c89e54f675fcaabff11925976f59
2026,2026-06-01,150_SALES_DATA_NNME_01062026.DAT,C:\Users\jonat\PycharmProjects\NSWpropertyData\RawData\DAT\2026\20260601\150_SALES_DATA_NNME_01062026.DAT,3813,3b7b516e8cca4d5f9c39fd4ceda5ba1767b5037f34f9394927ac1e82cd45b3d3
2026,2026-06-01,151_SALES_DATA_NNME_01062026.DAT,C:\Users\jonat\PycharmProjects\NSWpropertyData\RawData\DAT\2026\20260601\151_SALES_DATA_NNME_01062026.DAT,3370,4192ce888535652056e2dddb23f60d0cd11ba22bb2dc6e633e933fd9058567c1
2026,2026-06-01,152_SALES_DATA_NNME_01062026.DAT,C:\Users\jonat\PycharmProjects\NSWpropertyData\RawData\DAT\2026\20260601\152_SALES_DATA_NNME_01062026.DAT,11340,b8184f9de0fb4a372aae43a74df5a023b0dc6fecd6ea93f4f27ad6528bc40cf5
2026,2026-06-01,157_SALES_DATA_NNME_01062026.DAT,C:\Users\jonat\PycharmProjects\NSWpropertyData\RawData\DAT\2026\20260601\157_SALES_DATA_NNME_01062026.DAT,7633,aa0153f140e6c7de20c47a1f7d61ec1547f7e7b8bc2f7be49f79505d835d13e7
2026,2026-06-01,158_SALES_DATA_NNME_01062026.DAT,C:\Users\jonat\PycharmProjects\NSWpropertyData\RawData\DAT\2026\20260601\158_SALES_DATA_NNME_01062026.DAT,859,6fde6d8f81b5274ea992ff5f5538802f15ebfce01d3c1ea4ab18e3f0a7b4a9fe
2026,2026-06-01,159_SALES_DATA_NNME_01062026.DAT,C:\Users\jonat\PycharmProjects\NSWpropertyData\RawData\DAT\2026\20260601\159_SALES_DATA_NNME_01062026.DAT,8320,6923920c7dfbc2fc28caee8bab4d87fe0bba44036bfdbc7ccd758ee40b6a339f
2026,2026-06-01,164_SALES_DATA_NNME_01062026.DAT,C:\Users\jonat\PycharmProjects\NSWpropertyData\RawData\DAT\2026\20260601\164_SALES_DATA_NNME_01062026.DAT,5648,767928e1177ca6278d4b3007b04bf3269be70e4cf81829c70ba25f8d1b3e8724
2026,2026-06-01,171_SALES_DATA_NNME_01062026.DAT,C:\Users\jonat\PycharmProjects\NSWpropertyData\RawData\DAT\2026\20260601\171_SALES_DATA_NNME_01062026.DAT,13914,232baa359ab8f40d3e0e4792e6da38e8a053b0012c74435094fbe6fce07ed13f
2026,2026-06-01,187_SALES_DATA_NNME_01062026.DAT,C:\Users\jonat\PycharmProjects\NSWpropertyData\RawData\DAT\2026\20260601\187_SALES_DATA_NNME_01062026.DAT,4520,9332a82ef9608630ef8e327978ba3f82b0c86e4a356aacd8d0743c001667fd5d
2026,2026-06-01,188_SALES_DATA_NNME_01062026.DAT,C:\Users\jonat\PycharmProjects\NSWpropertyData\RawData\DAT\2026\20260601\188_SALES_DATA_NNME_01062026.DAT,4253,bfffdbff42ec9e0cda711db174b7ff088c0e5c2efab91fa218935ef1041873e9
2026,2026-06-01,192_SALES_DATA_NNME_01062026.DAT,C:\Users\jonat\PycharmProjects\NSWpropertyData\RawData\DAT\2026\20260601\192_SALES_DATA_NNME_01062026.DAT,2266,4b92b44c5b974f7eea8386c63079326e99f3d32295f8c23928aa57cbbcc1668d
2026,2026-06-01,199_SALES_DATA_NNME_01062026.DAT,C:\Users\jonat\PycharmProjects\NSWpropertyData\RawData\DAT\2026\20260601\199_SALES_DATA_NNME_01062026.DAT,896,687bd602612e3ee121d883005a6e3346904221f3c5d4f7daa45beac835a26af2
2026,2026-06-01,207_SALES_DATA_NNME_01062026.DAT,C:\Users\jonat\PycharmProjects\NSWpropertyData\RawData\DAT\2026\20260601\207_SALES_DATA_NNME_01062026.DAT,31938,e7d0dc2bd1b773d11126032f8d7c0d717a1f30613eb10b54bd34b9e19eb76e4f
2026,2026-06-01,209_SALES_DATA_NNME_01062026.DAT,C:\Users\jonat\PycharmProjects\NSWpropertyData\RawData\DAT\2026\20260601\209_SALES_DATA_NNME_01062026.DAT,11937,0edb012ba5133858036d59ad242b6bbe8a8f448cd956248875adbf407a36304d
2026,2026-06-01,210_SALES_DATA_NNME_01062026.DAT,C:\Users\jonat\PycharmProjects\NSWpropertyData\RawData\DAT\2026\20260601\210_SALES_DATA_NNME_01062026.DAT,6928,d89edf332046ee14f1f95d2511b9e08f52b504adbfb29b87f983c0197a81d8ed
2026,2026-06-01,214_SALES_DATA_NNME_01062026.DAT,C:\Users\jonat\PycharmProjects\NSWpropertyData\RawData\DAT\2026\20260601\214_SALES_DATA_NNME_01062026.DAT,47361,d02c547c6edc17ccd586ca1d512007fa342908c32994f9fd94aef2d3d620b514
2026,2026-06-01,216_SALES_DATA_NNME_01062026.DAT,C:\Users\jonat\PycharmProjects\NSWpropertyData\RawData\DAT\2026\20260601\216_SALES_DATA_NNME_01062026.DAT,11506,93382265d2307edff3c4333747b7c41661c63a136463a53546c50b8666f15bf4
2026,2026-06-01,217_SALES_DATA_NNME_01062026.DAT,C:\Users\jonat\PycharmProjects\NSWpropertyData\RawData\DAT\2026\20260601\217_SALES_DATA_NNME_01062026.DAT,22790,3781a793df0c16abcab81b6c828d01eb7d66eda704c193405058324357ea5ead
2026,2026-06-01,218_SALES_DATA_NNME_01062026.DAT,C:\Users\jonat\PycharmProjects\NSWpropertyData\RawData\DAT\2026\20260601\218_SALES_DATA_NNME_01062026.DAT,28088,1534a763cb358e5bef7933f4736a8a3ab4479c4ea348d59deff576231edccfcc
2026,2026-06-01,219_SALES_DATA_NNME_01062026.DAT,C:\Users\jonat\PycharmProjects\NSWpropertyData\RawData\DAT\2026\20260601\219_SALES_DATA_NNME_01062026.DAT,10586,f1950a79741fe7ea705f81a6ae809a9ee2c399db49940fcab33b149015d79397
2026,2026-06-01,220_SALES_DATA_NNME_01062026.DAT,C:\Users\jonat\PycharmProjects\NSWpropertyData\RawData\DAT\2026\20260601\220_SALES_DATA_NNME_01062026.DAT,13168,aba62f83b65b645989f535609c72c8e445b4ab718a3d94ee41db680a6609885f
2026,2026-06-01,222_SALES_DATA_NNME_01062026.DAT,C:\Users\jonat\PycharmProjects\NSWpropertyData\RawData\DAT\2026\20260601\222_SALES_DATA_NNME_01062026.DAT,2620,39727c562642ba87b19e9412d0181371cb8329b4f0fe8dd28c6f3c45d06e3776
2026,2026-06-01,223_SALES_DATA_NNME_01062026.DAT,C:\Users\jonat\PycharmProjects\NSWpropertyData\RawData\DAT\2026\20260601\223_SALES_DATA_NNME_01062026.DAT,34878,c88b8dda8b61307a26a67a50fa8ee67f0a8d3931ae7d669f79ccbc8daa741153
2026,2026-06-01,224_SALES_DATA_NNME_01062026.DAT,C:\Users\jonat\PycharmProjects\NSWpropertyData\RawData\DAT\2026\20260601\224_SALES_DATA_NNME_01062026.DAT,28326,fbef476a81b40cf93e5f0dbbf2bc52dc571fa7a2bf7de05b95058af8ea5a55ac
2026,2026-06-01,226_SALES_DATA_NNME_01062026.DAT,C:\Users\jonat\PycharmProjects\NSWpropertyData\RawData\DAT\2026\20260601\226_SALES_DATA_NNME_01062026.DAT,17296,2b46cc8b50f90d5a4ace115e74f6a4ee0e400dfeed4abc88c04ce5dbfe5a3670
2026,2026-06-01,232_SALES_DATA_NNME_01062026.DAT,C:\Users\jonat\PycharmProjects\NSWpropertyData\RawData\DAT\2026\20260601\232_SALES_DATA_NNME_01062026.DAT,291,0bff3f43e2200de0c5ea4720ab1a0257d8760fc8d3273e662a364b5e0a6460a7
2026,2026-06-01,233_SALES_DATA_NNME_01062026.DAT,C:\Users\jonat\PycharmProjects\NSWpropertyData\RawData\DAT\2026\20260601\233_SALES_DATA_NNME_01062026.DAT,623,a24638e36f57f130684611c41d58200ed3f62b7aa51c7d7aa390bd82ec7fc1ba
2026,2026-06-01,234_SALES_DATA_NNME_01062026.DAT,C:\Users\jonat\PycharmProjects\NSWpropertyData\RawData\DAT\2026\20260601\234_SALES_DATA_NNME_01062026.DAT,3509,5d61fbb03e2ee8c50cd1150ac63ed699582135df7403f59c365c52b72b24f0e8
2026,2026-06-01,235_SALES_DATA_NNME_01062026.DAT,C:\Users\jonat\PycharmProjects\NSWpropertyData\RawData\DAT\2026\20260601\235_SALES_DATA_NNME_01062026.DAT,2579,1ea4f17e4c63c7f771d59213dd89fbfbd914bd731ad6457b13505bde31e45943
2026,2026-06-01,236_SALES_DATA_NNME_01062026.DAT,C:\Users\jonat\PycharmProjects\NSWpropertyData\RawData\DAT\2026\20260601\236_SALES_DATA_NNME_01062026.DAT,2513,9673ccd9383f9a47ce91b373b51c556cc33da75d427e6177ce45e20432137b45
2026,2026-06-01,238_SALES_DATA_NNME_01062026.DAT,C:\Users\jonat\PycharmProjects\NSWpropertyData\RawData\DAT\2026\20260601\238_SALES_DATA_NNME_01062026.DAT,744,5642ff22f6bd4079f36199ee2d5a5bf32b326e0a695087f58d3e48b9664a9f8f
2026,2026-06-01,239_SALES_DATA_NNME_01062026.DAT,C:\Users\jonat\PycharmProjects\NSWpropertyData\RawData\DAT\2026\20260601\239_SALES_DATA_NNME_01062026.DAT,299,22ee77e37c2f5d28ecdaf0eed564e28a2bb657213ce594c5ed9e20535457a552
2026,2026-06-01,240_SALES_DATA_NNME_01062026.DAT,C:\Users\jonat\PycharmProjects\NSWpropertyData\RawData\DAT\2026\20260601\240_SALES_DATA_NNME_01062026.DAT,1830,fe9c690788c3b9d22f7ab5b52d11d5c17951749d3b704cbe8cbbef594960b42e
2026,2026-06-01,244_SALES_DATA_NNME_01062026.DAT,C:\Users\jonat\PycharmProjects\NSWpropertyData\RawData\DAT\2026\20260601\244_SALES_DATA_NNME_01062026.DAT,377,6af03e3be5988c0ae9ea75618b2a47736145a5ea5195980566da2db069b3f9a1
2026,2026-06-01,247_SALES_DATA_NNME_01062026.DAT,C:\Users\jonat\PycharmProjects\NSWpropertyData\RawData\DAT\2026\20260601\247_SALES_DATA_NNME_01062026.DAT,1970,829138a9dfc2e0dc022ebebe662aee9ef643abd4fc7f808dae4656dce0fa46d7
2026,2026-06-01,250_SALES_DATA_NNME_01062026.DAT,C:\Users\jonat\PycharmProjects\NSWpropertyData\RawData\DAT\2026\20260601\250_SALES_DATA_NNME_01062026.DAT,3874,f4c34c37dca59ab5803315ba240615bb61cd9ca32bfc405a55a26df1460e910b
2026,2026-06-01,251_SALES_DATA_NNME_01062026.DAT,C:\Users\jonat\PycharmProjects\NSWpropertyData\RawData\DAT\2026\20260601\251_SALES_DATA_NNME_01062026.DAT,360,cf80a93ce8629f2ef6db71f9279c1350fe6bf78ca3658d4d83ca8f09f6bf75d0
2026,2026-06-01,252_SALES_DATA_NNME_01062026.DAT,C:\Users\jonat\PycharmProjects\NSWpropertyData\RawData\DAT\2026\20260601\252_SALES_DATA_NNME_01062026.DAT,335,08e3786a94f2ed924ae13f04254b2ae67f1f70b025429074a364ceb01f4fb840
2026,2026-06-01,253_SALES_DATA_NNME_01062026.DAT,C:\Users\jonat\PycharmProjects\NSWpropertyData\RawData\DAT\2026\20260601\253_SALES_DATA_NNME_01062026.DAT,2632,340efa3fb769d52592407b3324f7836f0d3f7a0e50bf1a07a61a41b64d3e0745
2026,2026-06-01,254_SALES_DATA_NNME_01062026.DAT,C:\Users\jonat\PycharmProjects\NSWpropertyData\RawData\DAT\2026\20260601\254_SALES_DATA_NNME_01062026.DAT,868,9d19a5c901fadd4e12d9ef59913468fdccb9ab31c00caff107b6904d79c4e364
2026,2026-06-01,255_SALES_DATA_NNME_01062026.DAT,C:\Users\jonat\PycharmProjects\NSWpropertyData\RawData\DAT\2026\20260601\255_SALES_DATA_NNME_01062026.DAT,1766,31f3cb5bc27a87692a81f84f5507f3d6f721d9dadd3544a826a4425219d45b0c
2026,2026-06-01,257_SALES_DATA_NNME_01062026.DAT,C:\Users\jonat\PycharmProjects\NSWpropertyData\RawData\DAT\2026\20260601\257_SALES_DATA_NNME_01062026.DAT,4959,e0dde2b0be9bfafa91d43c24a312eebaa82d80b08784056f643025c921057d5b
2026,2026-06-01,258_SALES_DATA_NNME_01062026.DAT,C:\Users\jonat\PycharmProjects\NSWpropertyData\RawData\DAT\2026\20260601\258_SALES_DATA_NNME_01062026.DAT,35715,c35592cdf56be0058dc0b794783d830c79cd1f582289babc3cb08a292af45b31
2026,2026-06-01,259_SALES_DATA_NNME_01062026.DAT,C:\Users\jonat\PycharmProjects\NSWpropertyData\RawData\DAT\2026\20260601\259_SALES_DATA_NNME_01062026.DAT,44451,339be34110e5e9f958859c7753cff985cf9ccd62f925aa7400c4001ba8915e49
2026,2026-06-01,260_SALES_DATA_NNME_01062026.DAT,C:\Users\jonat\PycharmProjects\NSWpropertyData\RawData\DAT\2026\20260601\260_SALES_DATA_NNME_01062026.DAT,37900,486fdfcad9a8f7f645f3711a37ee1c99f8710cd0e493c70baac60084e7615751
2026,2026-06-01,261_SALES_DATA_NNME_01062026.DAT,C:\Users\jonat\PycharmProjects\NSWpropertyData\RawData\DAT\2026\20260601\261_SALES_DATA_NNME_01062026.DAT,25208,1cae55d19db1475f787e791a8cdaf564e8c89fe3244d63026ed67270b1170f7c
2026,2026-06-01,262_SALES_DATA_NNME_01062026.DAT,C:\Users\jonat\PycharmProjects\NSWpropertyData\RawData\DAT\2026\20260601\262_SALES_DATA_NNME_01062026.DAT,1689,148af28e9a907b5bcbf9feea2c02b84c5c518e76f5e1e3342e458dc1039ee6cf
2026,2026-06-01,263_SALES_DATA_NNME_01062026.DAT,C:\Users\jonat\PycharmProjects\NSWpropertyData\RawData\DAT\2026\20260601\263_SALES_DATA_NNME_01062026.DAT,2239,81e53d170171618fa60820e8279c12c0593294da6c3c5ddbf13b719833787358
2026,2026-06-01,264_SALES_DATA_NNME_01062026.DAT,C:\Users\jonat\PycharmProjects\NSWpropertyData\RawData\DAT\2026\20260601\264_SALES_DATA_NNME_01062026.DAT,14009,8644eebcb7c63f8ace866b002a2065a98162073d8453432646817e3bc011eb71
2026,2026-06-01,265_SALES_DATA_NNME_01062026.DAT,C:\Users\jonat\PycharmProjects\NSWpropertyData\RawData\DAT\2026\20260601\265_SALES_DATA_NNME_01062026.DAT,3065,07e95ab358d1fb384b75a1b0727682f20f46ee593e8c06005c7efa7d09b5df77
2026,2026-06-01,266_SALES_DATA_NNME_01062026.DAT,C:\Users\jonat\PycharmProjects\NSWpropertyData\RawData\DAT\2026\20260601\266_SALES_DATA_NNME_01062026.DAT,4905,2b43d4551b47c57741d39d01906007591ca117488d89bc8befb6575eec7e32ff
2026,2026-06-01,267_SALES_DATA_NNME_01062026.DAT,C:\Users\jonat\PycharmProjects\NSWpropertyData\RawData\DAT\2026\20260601\267_SALES_DATA_NNME_01062026.DAT,24644,2a7054e1533a034aa2449c893df57ebb22cdd736b04f937574350bc088435117
2026,2026-06-01,268_SALES_DATA_NNME_01062026.DAT,C:\Users\jonat\PycharmProjects\NSWpropertyData\RawData\DAT\2026\20260601\268_SALES_DATA_NNME_01062026.DAT,19889,ff4b95e519e2dd70e3b6e0190be0aebe502d9d8415236be3aad1be611f04ea2d
2026,2026-06-01,269_SALES_DATA_NNME_01062026.DAT,C:\Users\jonat\PycharmProjects\NSWpropertyData\RawData\DAT\2026\20260601\269_SALES_DATA_NNME_01062026.DAT,3971,8f11660a7377ebc7b827de1db9d59003fd3fd1574141e5b0fe4b462ceaac6230
2026,2026-06-01,270_SALES_DATA_NNME_01062026.DAT,C:\Users\jonat\PycharmProjects\NSWpropertyData\RawData\DAT\2026\20260601\270_SALES_DATA_NNME_01062026.DAT,339,ff7828ec972ba1ad0898310f15cc71a4bf9811511a8c79f612cda690adaa9ed4
2026,2026-06-01,271_SALES_DATA_NNME_01062026.DAT,C:\Users\jonat\PycharmProjects\NSWpropertyData\RawData\DAT\2026\20260601\271_SALES_DATA_NNME_01062026.DAT,30009,cc6fde2eff8c3ace180468eaf3703e39863794335c638bc37cdeb71f865f99f9
2026,2026-06-01,272_SALES_DATA_NNME_01062026.DAT,C:\Users\jonat\PycharmProjects\NSWpropertyData\RawData\DAT\2026\20260601\272_SALES_DATA_NNME_01062026.DAT,17966,8233037576fca3f56f859773ba1c4cfff833091343f02297e838cc585909ae5f
2026,2026-06-01,273_SALES_DATA_NNME_01062026.DAT,C:\Users\jonat\PycharmProjects\NSWpropertyData\RawData\DAT\2026\20260601\273_SALES_DATA_NNME_01062026.DAT,4994,a2df1d4b21001162cd39157938c0b58d6df5936b489d44c3a53ee52f6fd38d31
2026,2026-06-01,274_SALES_DATA_NNME_01062026.DAT,C:\Users\jonat\PycharmProjects\NSWpropertyData\RawData\DAT\2026\20260601\274_SALES_DATA_NNME_01062026.DAT,1283,6d7852dc6f0bbf87665df79db956fd6b78b50e76fa2d67b329aacef61faba47b
2026,2026-06-01,275_SALES_DATA_NNME_01062026.DAT,C:\Users\jonat\PycharmProjects\NSWpropertyData\RawData\DAT\2026\20260601\275_SALES_DATA_NNME_01062026.DAT,9215,bdce114e27d41283aed46bef51c6b06c7f622b6f95b35babe695651fd62c922a
2026,2026-06-01,276_SALES_DATA_NNME_01062026.DAT,C:\Users\jonat\PycharmProjects\NSWpropertyData\RawData\DAT\2026\20260601\276_SALES_DATA_NNME_01062026.DAT,26503,8544b9ed72f5479ad6ec7fdd00c089adaa2eba1240a7adb210130d3c6d40bf61
2026,2026-06-01,300_SALES_DATA_NNME_01062026.DAT,C:\Users\jonat\PycharmProjects\NSWpropertyData\RawData\DAT\2026\20260601\300_SALES_DATA_NNME_01062026.DAT,660,69369128a85a4e09856a65712c5acac656f2e08d119b562a4657a804b1f39294
2026,2026-06-01,301_SALES_DATA_NNME_01062026.DAT,C:\Users\jonat\PycharmProjects\NSWpropertyData\RawData\DAT\2026\20260601\301_SALES_DATA_NNME_01062026.DAT,2245,fe0b4bbf757b88b5c418ccc600d6f69157a6dbd8e61f39417acc84b7d1eea3e4
2026,2026-06-01,302_SALES_DATA_NNME_01062026.DAT,C:\Users\jonat\PycharmProjects\NSWpropertyData\RawData\DAT\2026\20260601\302_SALES_DATA_NNME_01062026.DAT,1400,6c4563f5bddfd9cc3a77e143f6f9541847832dbce587f95de679582a8e6656d9
2026,2026-06-01,303_SALES_DATA_NNME_01062026.DAT,C:\Users\jonat\PycharmProjects\NSWpropertyData\RawData\DAT\2026\20260601\303_SALES_DATA_NNME_01062026.DAT,7135,e52f29b5299a5df2245907d37248e2d42941ebd67d1a72712758dfad8acad752
2026,2026-06-01,511_SALES_DATA_NNME_01062026.DAT,C:\Users\jonat\PycharmProjects\NSWpropertyData\RawData\DAT\2026\20260601\511_SALES_DATA_NNME_01062026.DAT,1390,2fd732106fa9cb171f826ba45f5e2decfd39bb9edfe206fa627b234d097b1378
2026,2026-06-01,526_SALES_DATA_NNME_01062026.DAT,C:\Users\jonat\PycharmProjects\NSWpropertyData\RawData\DAT\2026\20260601\526_SALES_DATA_NNME_01062026.DAT,2029,0931b59f7c2a3fa3c0265a559371748dca11fb1f0cb83d8029dcf8fb5afd2f8c
2026,2026-06-01,528_SALES_DATA_NNME_01062026.DAT,C:\Users\jonat\PycharmProjects\NSWpropertyData\RawData\DAT\2026\20260601\528_SALES_DATA_NNME_01062026.DAT,4218,072a01161f68ef6da884ba9764955a8266ee4ab5bf053bf791abf84cce4eb09a
2026,2026-06-01,529_SALES_DATA_NNME_01062026.DAT,C:\Users\jonat\PycharmProjects\NSWpropertyData\RawData\DAT\2026\20260601\529_SALES_DATA_NNME_01062026.DAT,6470,f89f3548f47fa763ebcca7c3ad3d07231c64ce510deaccec4e62f7f04571b805
2026,2026-06-01,537_SALES_DATA_NNME_01062026.DAT,C:\Users\jonat\PycharmProjects\NSWpropertyData\RawData\DAT\2026\20260601\537_SALES_DATA_NNME_01062026.DAT,2425,186492105081779ab4125684af6ddd516eb3e58e5a78742a5d6c12f7e5a4d319
2026,2026-06-01,538_SALES_DATA_NNME_01062026.DAT,C:\Users\jonat\PycharmProjects\NSWpropertyData\RawData\DAT\2026\20260601\538_SALES_DATA_NNME_01062026.DAT,944,852c25817f95876bceb2eda3d5aab6b748ecfe80f9481f0a3de504ec98224e6c
2026,2026-06-01,560_SALES_DATA_NNME_01062026.DAT,C:\Users\jonat\PycharmProjects\NSWpropertyData\RawData\DAT\2026\20260601\560_SALES_DATA_NNME_01062026.DAT,4239,b23db4c0256005d4d571097f513735c3f189ad64c743bd7fb6837398378bd5dd
2026,2026-06-01,575_SALES_DATA_NNME_01062026.DAT,C:\Users\jonat\PycharmProjects\NSWpropertyData\RawData\DAT\2026\20260601\575_SALES_DATA_NNME_01062026.DAT,12236,0901343195773f2f75f62628a1425660014f1eef953f37664416d6a021ddd13d
2026,2026-06-01,608_SALES_DATA_NNME_01062026.DAT,C:\Users\jonat\PycharmProjects\NSWpropertyData\RawData\DAT\2026\20260601\608_SALES_DATA_NNME_01062026.DAT,7787,59a5d1a243cfa753cbe7d7d3c7be4207c079a3a4c6ad1c26acc2035c11fe6264
2026,2026-06-01,620_SALES_DATA_NNME_01062026.DAT,C:\Users\jonat\PycharmProjects\NSWpropertyData\RawData\DAT\2026\20260601\620_SALES_DATA_NNME_01062026.DAT,4346,60f3665f4e39534f3630aade71a9c5c4d1892b40c4ccca336ca8d086b1619db2
2026,2026-06-01,656_SALES_DATA_NNME_01062026.DAT,C:\Users\jonat\PycharmProjects\NSWpropertyData\RawData\DAT\2026\20260601\656_SALES_DATA_NNME_01062026.DAT,13656,3feb23ed484c6095d9b8e9bce0f47129e1fb1d69159a8fdf115d8edd9643708e
2026,2026-06-01,666_SALES_DATA_NNME_01062026.DAT,C:\Users\jonat\PycharmProjects\NSWpropertyData\RawData\DAT\2026\20260601\666_SALES_DATA_NNME_01062026.DAT,11171,5fd0138649313f6acb24f40f15ed3544b7266e7b5f43aabf1a8e5aa567b97284
2026,2026-06-01,708_SALES_DATA_NNME_01062026.DAT,C:\Users\jonat\PycharmProjects\NSWpropertyData\RawData\DAT\2026\20260601\708_SALES_DATA_NNME_01062026.DAT,37839,6e09eee3adbbd348230c8867804f6d1a7a7a96a32df770a887c78810ab1159c1
2026,2026-06-01,902_SALES_DATA_NNME_01062026.DAT,C:\Users\jonat\PycharmProjects\NSWpropertyData\RawData\DAT\2026\20260601\902_SALES_DATA_NNME_01062026.DAT,556,83b1869ae7df1a7a7b4a70e951546346b6c3ca4005b6a1f9f3bdee11c1c998e3
2026,2026-06-08,001_SALES_DATA_NNME_08062026.DAT,C:\Users\jonat\PycharmProjects\NSWpropertyData\RawData\DAT\2026\20260608\001_SALES_DATA_NNME_08062026.DAT,12274,09d1af06ec43411663308d113c4657efcfa419966bcc12368778acc907c3216f
2026,2026-06-08,002_SALES_DATA_NNME_08062026.DAT,C:\Users\jonat\PycharmProjects\NSWpropertyData\RawData\DAT\2026\20260608\002_SALES_DATA_NNME_08062026.DAT,1458,7b8bc1b2990f36d6aaf417c99d0a447aea81ecdbd2bd114538d58b8d791bd42d
2026,2026-06-08,004_SALES_DATA_NNME_08062026.DAT,C:\Users\jonat\PycharmProjects\NSWpropertyData\RawData\DAT\2026\20260608\004_SALES_DATA_NNME_08062026.DAT,39167,65652c1bfa0e66b1e6b4119b2549b97545e8e06c4011ad7a44f47a027c1e3dd1
2026,2026-06-08,005_SALES_DATA_NNME_08062026.DAT,C:\Users\jonat\PycharmProjects\NSWpropertyData\RawData\DAT\2026\20260608\005_SALES_DATA_NNME_08062026.DAT,13732,5ca3b3328340933b861b940ae2678512ce54b34fd789095a23cadd3bdd71ef97
2026,2026-06-08,007_SALES_DATA_NNME_08062026.DAT,C:\Users\jonat\PycharmProjects\NSWpropertyData\RawData\DAT\2026\20260608\007_SALES_DATA_NNME_08062026.DAT,4885,e34954c39197ec2c043c90f0b058f52f1643425a6b7646207483a1dbf2f4f468
2026,2026-06-08,008_SALES_DATA_NNME_08062026.DAT,C:\Users\jonat\PycharmProjects\NSWpropertyData\RawData\DAT\2026\20260608\008_SALES_DATA_NNME_08062026.DAT,29567,5ae00968dd9bf2c44afe3631b96e12beb50ebce0e498432bb79bfce6c474433f
2026,2026-06-08,010_SALES_DATA_NNME_08062026.DAT,C:\Users\jonat\PycharmProjects\NSWpropertyData\RawData\DAT\2026\20260608\010_SALES_DATA_NNME_08062026.DAT,14137,bf4c79c6a954b14753cf3e8bd53b781e0971f9685008b5bacfa2d658fb13daf5
2026,2026-06-08,012_SALES_DATA_NNME_08062026.DAT,C:\Users\jonat\PycharmProjects\NSWpropertyData\RawData\DAT\2026\20260608\012_SALES_DATA_NNME_08062026.DAT,2669,15bac02096cc039a09c1ad913f320a95005a0588015ba2d951299442991b0cff
2026,2026-06-08,018_SALES_DATA_NNME_08062026.DAT,C:\Users\jonat\PycharmProjects\NSWpropertyData\RawData\DAT\2026\20260608\018_SALES_DATA_NNME_08062026.DAT,8565,3b5c4cf143cadc364a6c6bcb88fb71a34b9699ca72e6d4b168f3938595a8ad75
2026,2026-06-08,042_SALES_DATA_NNME_08062026.DAT,C:\Users\jonat\PycharmProjects\NSWpropertyData\RawData\DAT\2026\20260608\042_SALES_DATA_NNME_08062026.DAT,2688,af1b3a0b2fcee838d682a1cfe5960cad30eb2749296da45d66cf8f249ff30d76
2026,2026-06-08,043_SALES_DATA_NNME_08062026.DAT,C:\Users\jonat\PycharmProjects\NSWpropertyData\RawData\DAT\2026\20260608\043_SALES_DATA_NNME_08062026.DAT,2513,0e0b2bc976acd780e42581bfffe7cd51d6c52903877fd4e0eaee8b24b42f4873
2026,2026-06-08,050_SALES_DATA_NNME_08062026.DAT,C:\Users\jonat\PycharmProjects\NSWpropertyData\RawData\DAT\2026\20260608\050_SALES_DATA_NNME_08062026.DAT,12410,2bef774ab61c6307ed9fd09eeeab928193fce7cd1f59a61f687e03da50cd2a7c
2026,2026-06-08,051_SALES_DATA_NNME_08062026.DAT,C:\Users\jonat\PycharmProjects\NSWpropertyData\RawData\DAT\2026\20260608\051_SALES_DATA_NNME_08062026.DAT,2359,10221b5477e7f9eedbdc633f1fd353f6e2b975a3a0c3624933da024f6cf83375
2026,2026-06-08,052_SALES_DATA_NNME_08062026.DAT,C:\Users\jonat\PycharmProjects\NSWpropertyData\RawData\DAT\2026\20260608\052_SALES_DATA_NNME_08062026.DAT,2512,b2900be189ded547e3f6493f12b913df571dd3f4f12137db310fe0ad7f3357b9
2026,2026-06-08,054_SALES_DATA_NNME_08062026.DAT,C:\Users\jonat\PycharmProjects\NSWpropertyData\RawData\DAT\2026\20260608\054_SALES_DATA_NNME_08062026.DAT,1123,9624f81960999e2f978b41d18455abaab08765b5dce58a62c878e53c2fcc84ec
2026,2026-06-08,061_SALES_DATA_NNME_08062026.DAT,C:\Users\jonat\PycharmProjects\NSWpropertyData\RawData\DAT\2026\20260608\061_SALES_DATA_NNME_08062026.DAT,1792,8939a0d20a25b56102ce46f37a58b4b2fcf0906b01da4921603057915d3537e0
2026,2026-06-08,065_SALES_DATA_NNME_08062026.DAT,C:\Users\jonat\PycharmProjects\NSWpropertyData\RawData\DAT\2026\20260608\065_SALES_DATA_NNME_08062026.DAT,1445,fb4dc191126f7503a1d11d2d76d65b74a9860f2376276a9379131d8dd6fa348f
2026,2026-06-08,066_SALES_DATA_NNME_08062026.DAT,C:\Users\jonat\PycharmProjects\NSWpropertyData\RawData\DAT\2026\20260608\066_SALES_DATA_NNME_08062026.DAT,895,10636fec76ef4cc5510ec8d5a972767a5060949ce01a976d44eba5baac5129ed
2026,2026-06-08,070_SALES_DATA_NNME_08062026.DAT,C:\Users\jonat\PycharmProjects\NSWpropertyData\RawData\DAT\2026\20260608\070_SALES_DATA_NNME_08062026.DAT,1014,5854f8052f9744933d2861e9b75c3ae8c33eb007f423c2ccab6b51a6df4003e3
2026,2026-06-08,074_SALES_DATA_NNME_08062026.DAT,C:\Users\jonat\PycharmProjects\NSWpropertyData\RawData\DAT\2026\20260608\074_SALES_DATA_NNME_08062026.DAT,2679,e8ebe3e88566fa4921101b435d272497913349e3b2dfe0b94b3df5f2fa443a3c
2026,2026-06-08,081_SALES_DATA_NNME_08062026.DAT,C:\Users\jonat\PycharmProjects\NSWpropertyData\RawData\DAT\2026\20260608\081_SALES_DATA_NNME_08062026.DAT,37262,aa6a9a78d594e315f02eab7c3403fcaf6d12a0888ecfbecb4834b1ba44e57b5a
2026,2026-06-08,082_SALES_DATA_NNME_08062026.DAT,C:\Users\jonat\PycharmProjects\NSWpropertyData\RawData\DAT\2026\20260608\082_SALES_DATA_NNME_08062026.DAT,15205,9e1dabf41c83ff7fe81c40d5cdebc158b624837813ffbbc09d21872351dd7eb2
2026,2026-06-08,083_SALES_DATA_NNME_08062026.DAT,C:\Users\jonat\PycharmProjects\NSWpropertyData\RawData\DAT\2026\20260608\083_SALES_DATA_NNME_08062026.DAT,873,736253875514132ebd489d1c5088ea2bac942469f2433a77066a97555ef46c52
2026,2026-06-08,084_SALES_DATA_NNME_08062026.DAT,C:\Users\jonat\PycharmProjects\NSWpropertyData\RawData\DAT\2026\20260608\084_SALES_DATA_NNME_08062026.DAT,18594,d8bafd89df48c2701be7c2b4272113c629b1a7ad208e807907178212a4cc03cb
2026,2026-06-08,085_SALES_DATA_NNME_08062026.DAT,C:\Users\jonat\PycharmProjects\NSWpropertyData\RawData\DAT\2026\20260608\085_SALES_DATA_NNME_08062026.DAT,5918,33596e5e0aff3dee21cf39ec1afce9728ef26415bd1bb593a5a45dd49f58dec3
2026,2026-06-08,087_SALES_DATA_NNME_08062026.DAT,C:\Users\jonat\PycharmProjects\NSWpropertyData\RawData\DAT\2026\20260608\087_SALES_DATA_NNME_08062026.DAT,3594,98498599e16cccdac0f12cce058d6b79c3aaff82cc5522888c3d177428c1e230
2026,2026-06-08,088_SALES_DATA_NNME_08062026.DAT,C:\Users\jonat\PycharmProjects\NSWpropertyData\RawData\DAT\2026\20260608\088_SALES_DATA_NNME_08062026.DAT,14021,34671389786101aceb6a431ee4ea3f2be057034547d314651f2a521b5d984a0c
2026,2026-06-08,090_SALES_DATA_NNME_08062026.DAT,C:\Users\jonat\PycharmProjects\NSWpropertyData\RawData\DAT\2026\20260608\090_SALES_DATA_NNME_08062026.DAT,17018,921a9805703fa9c53de37f8c9185bb3ac1de47350886e0c32a803013507a7e2c
2026,2026-06-08,092_SALES_DATA_NNME_08062026.DAT,C:\Users\jonat\PycharmProjects\NSWpropertyData\RawData\DAT\2026\20260608\092_SALES_DATA_NNME_08062026.DAT,7142,58a86030f93279b7e98ccd1298393217d37adeee3d0203e13a0ee2e54ba22930
2026,2026-06-08,097_SALES_DATA_NNME_08062026.DAT,C:\Users\jonat\PycharmProjects\NSWpropertyData\RawData\DAT\2026\20260608\097_SALES_DATA_NNME_08062026.DAT,9460,7537652e7b5274227a634336f0160581b0b423a66f5ae23edfad59ad5af961ef
2026,2026-06-08,098_SALES_DATA_NNME_08062026.DAT,C:\Users\jonat\PycharmProjects\NSWpropertyData\RawData\DAT\2026\20260608\098_SALES_DATA_NNME_08062026.DAT,5405,6c3a4394a2534246a12f34062aa95cf35aef7d67abc9484c4b790764887777fd
2026,2026-06-08,100_SALES_DATA_NNME_08062026.DAT,C:\Users\jonat\PycharmProjects\NSWpropertyData\RawData\DAT\2026\20260608\100_SALES_DATA_NNME_08062026.DAT,13680,fff49019adc42fd353eec1dfc1b15d53fa77bc8f1fddf900bac2c34533d55af3
2026,2026-06-08,101_SALES_DATA_NNME_08062026.DAT,C:\Users\jonat\PycharmProjects\NSWpropertyData\RawData\DAT\2026\20260608\101_SALES_DATA_NNME_08062026.DAT,17387,20ed1233b358a58f69e5702767aa16fa0182100daed0184d2d9379fc49733cf0
2026,2026-06-08,102_SALES_DATA_NNME_08062026.DAT,C:\Users\jonat\PycharmProjects\NSWpropertyData\RawData\DAT\2026\20260608\102_SALES_DATA_NNME_08062026.DAT,11783,f6e4b284a36203bb1a1dcccf1ff80ddc26d07b4866f101a9967ab6e3b75cfccd
2026,2026-06-08,103_SALES_DATA_NNME_08062026.DAT,C:\Users\jonat\PycharmProjects\NSWpropertyData\RawData\DAT\2026\20260608\103_SALES_DATA_NNME_08062026.DAT,32975,65713784401a46efe4c45cf95907be9c3291d98e583426394d1c58d34f920634
2026,2026-06-08,109_SALES_DATA_NNME_08062026.DAT,C:\Users\jonat\PycharmProjects\NSWpropertyData\RawData\DAT\2026\20260608\109_SALES_DATA_NNME_08062026.DAT,2637,f5bc9a4bbfddcd6a444639c9b69a509c70e614f3a479dc53405ced8bad9e8f90
2026,2026-06-08,116_SALES_DATA_NNME_08062026.DAT,C:\Users\jonat\PycharmProjects\NSWpropertyData\RawData\DAT\2026\20260608\116_SALES_DATA_NNME_08062026.DAT,5541,2a5d38cc7c5816f29a4eef738d1bc9be49e33b73fe2f794b9aadf1cc3dff99e3
2026,2026-06-08,117_SALES_DATA_NNME_08062026.DAT,C:\Users\jonat\PycharmProjects\NSWpropertyData\RawData\DAT\2026\20260608\117_SALES_DATA_NNME_08062026.DAT,902,54e32217ecd0a4e860b6272ea7721cc9f9f86641f9f5dcd8355eb1aecb63c8ae
2026,2026-06-08,118_SALES_DATA_NNME_08062026.DAT,C:\Users\jonat\PycharmProjects\NSWpropertyData\RawData\DAT\2026\20260608\118_SALES_DATA_NNME_08062026.DAT,1729,5dde2dceca408578bb5de0a343ec926e2551647269ca9cd50c227f0468207ebd
2026,2026-06-08,123_SALES_DATA_NNME_08062026.DAT,C:\Users\jonat\PycharmProjects\NSWpropertyData\RawData\DAT\2026\20260608\123_SALES_DATA_NNME_08062026.DAT,641,d80f5948426519710d33788ead1d5bfbb126e4978faaf6804ce5bf8b15f82254
2026,2026-06-08,124_SALES_DATA_NNME_08062026.DAT,C:\Users\jonat\PycharmProjects\NSWpropertyData\RawData\DAT\2026\20260608\124_SALES_DATA_NNME_08062026.DAT,10059,ded98223c48896fb7840ab858613856973a6d4dd0c9cf8407245200833603157
2026,2026-06-08,137_SALES_DATA_NNME_08062026.DAT,C:\Users\jonat\PycharmProjects\NSWpropertyData\RawData\DAT\2026\20260608\137_SALES_DATA_NNME_08062026.DAT,3538,c7345890d87d26ddf9cfc83705832a5b7a3d0deadfd24ea34e94a8f5275d866a
2026,2026-06-08,139_SALES_DATA_NNME_08062026.DAT,C:\Users\jonat\PycharmProjects\NSWpropertyData\RawData\DAT\2026\20260608\139_SALES_DATA_NNME_08062026.DAT,11550,2a99fc43c07438c327d4cfa23fb89b76d985f37d81d2ad31ec16640d1c6a1bb2
2026,2026-06-08,143_SALES_DATA_NNME_08062026.DAT,C:\Users\jonat\PycharmProjects\NSWpropertyData\RawData\DAT\2026\20260608\143_SALES_DATA_NNME_08062026.DAT,4655,d4a236a8f00fd4e8894a59310044c7d91e0bb3bb4ed112758553ed09bc29a1be
2026,2026-06-08,144_SALES_DATA_NNME_08062026.DAT,C:\Users\jonat\PycharmProjects\NSWpropertyData\RawData\DAT\2026\20260608\144_SALES_DATA_NNME_08062026.DAT,30776,c2e3342c6e61e1b93a720bdb4f2f7c9b354d294a95ebaa5e9c3ad3b9557f66dd
2026,2026-06-08,148_SALES_DATA_NNME_08062026.DAT,C:\Users\jonat\PycharmProjects\NSWpropertyData\RawData\DAT\2026\20260608\148_SALES_DATA_NNME_08062026.DAT,7162,340b18e3b562d5204774d448086da415cbe3f24dcbd350e59194336a9886e2ad
2026,2026-06-08,149_SALES_DATA_NNME_08062026.DAT,C:\Users\jonat\PycharmProjects\NSWpropertyData\RawData\DAT\2026\20260608\149_SALES_DATA_NNME_08062026.DAT,1531,43913005e4b67b16d9af4faad0c3e3f023d92423ca5739847de72165ac4d3eb6
2026,2026-06-08,150_SALES_DATA_NNME_08062026.DAT,C:\Users\jonat\PycharmProjects\NSWpropertyData\RawData\DAT\2026\20260608\150_SALES_DATA_NNME_08062026.DAT,4693,b87a4ecdf91b8126a2acb964e0468b73943b158512ffde35ee9b96dbd47635f1
2026,2026-06-08,151_SALES_DATA_NNME_08062026.DAT,C:\Users\jonat\PycharmProjects\NSWpropertyData\RawData\DAT\2026\20260608\151_SALES_DATA_NNME_08062026.DAT,2877,e8c119c7d2a41732be5384c1c986abce1705eec305aaca05e570fee60038e8f9
2026,2026-06-08,152_SALES_DATA_NNME_08062026.DAT,C:\Users\jonat\PycharmProjects\NSWpropertyData\RawData\DAT\2026\20260608\152_SALES_DATA_NNME_08062026.DAT,13640,f8a43327b2384754949c292469575a351a749560b62ef1e98430a27b0beeba4b
2026,2026-06-08,157_SALES_DATA_NNME_08062026.DAT,C:\Users\jonat\PycharmProjects\NSWpropertyData\RawData\DAT\2026\20260608\157_SALES_DATA_NNME_08062026.DAT,4215,1bb2967f0b58e9f941b59ecfb0066c2b358bd4202a6957b6936188003f61d804
2026,2026-06-08,158_SALES_DATA_NNME_08062026.DAT,C:\Users\jonat\PycharmProjects\NSWpropertyData\RawData\DAT\2026\20260608\158_SALES_DATA_NNME_08062026.DAT,2144,346a4fd490b60198e5af6e41fe1a796ae5a1defb4d68067a0070003d66028ac4
2026,2026-06-08,159_SALES_DATA_NNME_08062026.DAT,C:\Users\jonat\PycharmProjects\NSWpropertyData\RawData\DAT\2026\20260608\159_SALES_DATA_NNME_08062026.DAT,7598,12a3dbb8764427244a9019e6da66e1e7543ec17b1eda5035c98759f203b4cf6c
2026,2026-06-08,164_SALES_DATA_NNME_08062026.DAT,C:\Users\jonat\PycharmProjects\NSWpropertyData\RawData\DAT\2026\20260608\164_SALES_DATA_NNME_08062026.DAT,4166,311a92d634f36c15a15434d8923690a6473bfcc9f55997ea6fb8eeec7eda8bab
2026,2026-06-08,171_SALES_DATA_NNME_08062026.DAT,C:\Users\jonat\PycharmProjects\NSWpropertyData\RawData\DAT\2026\20260608\171_SALES_DATA_NNME_08062026.DAT,36786,8b684e58db4a73b68f38b5d2326e91fcc0602e581c781494afd04c4e1b2d3f0c
2026,2026-06-08,187_SALES_DATA_NNME_08062026.DAT,C:\Users\jonat\PycharmProjects\NSWpropertyData\RawData\DAT\2026\20260608\187_SALES_DATA_NNME_08062026.DAT,2310,8d199f9108a3fcddcc774212351a7d76a23bb81fb1a9c2e49761a27a39ac50dd
2026,2026-06-08,188_SALES_DATA_NNME_08062026.DAT,C:\Users\jonat\PycharmProjects\NSWpropertyData\RawData\DAT\2026\20260608\188_SALES_DATA_NNME_08062026.DAT,2244,7903264d07360a7225ce2eeff302d8628aae6c3cbfe5a552e37c7e84f233b5c5
2026,2026-06-08,192_SALES_DATA_NNME_08062026.DAT,C:\Users\jonat\PycharmProjects\NSWpropertyData\RawData\DAT\2026\20260608\192_SALES_DATA_NNME_08062026.DAT,2621,683e0c33d31e066eba52fd7c8d10602a23a79ff1c7b3d83aef40853bbac9dc01
2026,2026-06-08,199_SALES_DATA_NNME_08062026.DAT,C:\Users\jonat\PycharmProjects\NSWpropertyData\RawData\DAT\2026\20260608\199_SALES_DATA_NNME_08062026.DAT,1216,f0fa79b334f91241d87b1274936542c11f008ea9bf01c7ff21fcb7aa59ce9bac
2026,2026-06-08,207_SALES_DATA_NNME_08062026.DAT,C:\Users\jonat\PycharmProjects\NSWpropertyData\RawData\DAT\2026\20260608\207_SALES_DATA_NNME_08062026.DAT,31640,c339f2b7da130eec3ef37084f389057e839d30a99cf1e4a2dc9a65c542d89e11
2026,2026-06-08,209_SALES_DATA_NNME_08062026.DAT,C:\Users\jonat\PycharmProjects\NSWpropertyData\RawData\DAT\2026\20260608\209_SALES_DATA_NNME_08062026.DAT,5677,54a87a7440afbe278983a072ba11856e07aba44bcbb60a712bff1a8b323cbf9e
2026,2026-06-08,210_SALES_DATA_NNME_08062026.DAT,C:\Users\jonat\PycharmProjects\NSWpropertyData\RawData\DAT\2026\20260608\210_SALES_DATA_NNME_08062026.DAT,7790,9f0363166ed8902e686fca56b3fb4e64e96de04dbfca41a664769535ed39c073
2026,2026-06-08,214_SALES_DATA_NNME_08062026.DAT,C:\Users\jonat\PycharmProjects\NSWpropertyData\RawData\DAT\2026\20260608\214_SALES_DATA_NNME_08062026.DAT,46035,59967fb1c08d239344c0becedf1a6203eae957dd4e60fd3f37abca0c4c8e4561
2026,2026-06-08,216_SALES_DATA_NNME_08062026.DAT,C:\Users\jonat\PycharmProjects\NSWpropertyData\RawData\DAT\2026\20260608\216_SALES_DATA_NNME_08062026.DAT,9463,be29d8976b36cd20f6f1c3404d562ce39e8f1185d8a6787a117bb2ccbf3c3699
2026,2026-06-08,217_SALES_DATA_NNME_08062026.DAT,C:\Users\jonat\PycharmProjects\NSWpropertyData\RawData\DAT\2026\20260608\217_SALES_DATA_NNME_08062026.DAT,26662,79fb0ba41c80489533a1be3f83a2031aebb18f21d930495690ec5dcf9b691880
2026,2026-06-08,218_SALES_DATA_NNME_08062026.DAT,C:\Users\jonat\PycharmProjects\NSWpropertyData\RawData\DAT\2026\20260608\218_SALES_DATA_NNME_08062026.DAT,27415,34bf192ce58b13ee14dc1df48d76b5ad2738a1ac5c4945ca60c78ceab3f5439f
2026,2026-06-08,219_SALES_DATA_NNME_08062026.DAT,C:\Users\jonat\PycharmProjects\NSWpropertyData\RawData\DAT\2026\20260608\219_SALES_DATA_NNME_08062026.DAT,9988,7769912ca0a0a13b47ba9c2d21f4ba29251a67f2cdf80fdc7231d20b3859fb62
2026,2026-06-08,220_SALES_DATA_NNME_08062026.DAT,C:\Users\jonat\PycharmProjects\NSWpropertyData\RawData\DAT\2026\20260608\220_SALES_DATA_NNME_08062026.DAT,9755,2e93b494d71d485ee4c069c145e74c61fc43de5cdef3b631bc1713b430aeb466
2026,2026-06-08,222_SALES_DATA_NNME_08062026.DAT,C:\Users\jonat\PycharmProjects\NSWpropertyData\RawData\DAT\2026\20260608\222_SALES_DATA_NNME_08062026.DAT,2296,e2c14a6862fc72010b998520ffc5f53d7558ee4ecbf8542857e5ca5ad2d56e7c
2026,2026-06-08,223_SALES_DATA_NNME_08062026.DAT,C:\Users\jonat\PycharmProjects\NSWpropertyData\RawData\DAT\2026\20260608\223_SALES_DATA_NNME_08062026.DAT,28521,e08316d1a7fed3476ef4a244ec70785701ce28b5e0795ba4a78fc20184bf1d0f
2026,2026-06-08,224_SALES_DATA_NNME_08062026.DAT,C:\Users\jonat\PycharmProjects\NSWpropertyData\RawData\DAT\2026\20260608\224_SALES_DATA_NNME_08062026.DAT,21536,34a14e131079673e18dbbc2566ae0272731a4b612a54c8410cfeb38cdc96eae6
2026,2026-06-08,226_SALES_DATA_NNME_08062026.DAT,C:\Users\jonat\PycharmProjects\NSWpropertyData\RawData\DAT\2026\20260608\226_SALES_DATA_NNME_08062026.DAT,15182,b4b08933863e4259b4961dba26ce427bf7cfc67ed1f9013bead71bd9e01442ae
2026,2026-06-08,230_SALES_DATA_NNME_08062026.DAT,C:\Users\jonat\PycharmProjects\NSWpropertyData\RawData\DAT\2026\20260608\230_SALES_DATA_NNME_08062026.DAT,342,d20d6876a890cdd3cf43c623f91afbcc1a4b794fe92c810bfc18a13232cff4ae
2026,2026-06-08,231_SALES_DATA_NNME_08062026.DAT,C:\Users\jonat\PycharmProjects\NSWpropertyData\RawData\DAT\2026\20260608\231_SALES_DATA_NNME_08062026.DAT,937,87d589430074440126f711856ecec436a240bece41013e071d7db76730d97e25
2026,2026-06-08,232_SALES_DATA_NNME_08062026.DAT,C:\Users\jonat\PycharmProjects\NSWpropertyData\RawData\DAT\2026\20260608\232_SALES_DATA_NNME_08062026.DAT,375,4a1a4cfea20e76485a061d8da8d3cfde540610ccc790351e782b1d56a5608f98
2026,2026-06-08,233_SALES_DATA_NNME_08062026.DAT,C:\Users\jonat\PycharmProjects\NSWpropertyData\RawData\DAT\2026\20260608\233_SALES_DATA_NNME_08062026.DAT,339,866361aebde5f2bc97b61e2c23f6fff4d1e54025d07d53cea8754389287c7b2a
2026,2026-06-08,234_SALES_DATA_NNME_08062026.DAT,C:\Users\jonat\PycharmProjects\NSWpropertyData\RawData\DAT\2026\20260608\234_SALES_DATA_NNME_08062026.DAT,4905,843641459a46000d59c5a0cc06cd662c53b73c35dfc5f14468fc9e6504bd1053
2026,2026-06-08,235_SALES_DATA_NNME_08062026.DAT,C:\Users\jonat\PycharmProjects\NSWpropertyData\RawData\DAT\2026\20260608\235_SALES_DATA_NNME_08062026.DAT,368,a54491c883730135e0a914840f54b44f6d9c74e8bc3c6b58678e13c6b56720b0
2026,2026-06-08,236_SALES_DATA_NNME_08062026.DAT,C:\Users\jonat\PycharmProjects\NSWpropertyData\RawData\DAT\2026\20260608\236_SALES_DATA_NNME_08062026.DAT,372,47bcdefcdc222886b4c6243324d916febd15253c9bd8f2c63049ec942b3d4cf8
2026,2026-06-08,238_SALES_DATA_NNME_08062026.DAT,C:\Users\jonat\PycharmProjects\NSWpropertyData\RawData\DAT\2026\20260608\238_SALES_DATA_NNME_08062026.DAT,907,9bd7d336ef1c8063e61b300b1b9e68b6d147f94e6959960598a0c00bfa8fc55f
2026,2026-06-08,240_SALES_DATA_NNME_08062026.DAT,C:\Users\jonat\PycharmProjects\NSWpropertyData\RawData\DAT\2026\20260608\240_SALES_DATA_NNME_08062026.DAT,1420,8d742f99a5662051f1f011fcf3c680ee6487bd5a9986ba2636cb666847197a78
2026,2026-06-08,243_SALES_DATA_NNME_08062026.DAT,C:\Users\jonat\PycharmProjects\NSWpropertyData\RawData\DAT\2026\20260608\243_SALES_DATA_NNME_08062026.DAT,581,3c844d25a99e1920f75863c0eca58c4432ede401083e26bdd7ad36304368ba5a
2026,2026-06-08,244_SALES_DATA_NNME_08062026.DAT,C:\Users\jonat\PycharmProjects\NSWpropertyData\RawData\DAT\2026\20260608\244_SALES_DATA_NNME_08062026.DAT,1937,a00ac447bd482027abbcbf72c5025b2a7076020e447f7970e20389f5abc5a2ba
2026,2026-06-08,247_SALES_DATA_NNME_08062026.DAT,C:\Users\jonat\PycharmProjects\NSWpropertyData\RawData\DAT\2026\20260608\247_SALES_DATA_NNME_08062026.DAT,1904,d962271024a19a644e2b17841083d9a3662e66c0dc1357a19dab37bb0b61192e
2026,2026-06-08,250_SALES_DATA_NNME_08062026.DAT,C:\Users\jonat\PycharmProjects\NSWpropertyData\RawData\DAT\2026\20260608\250_SALES_DATA_NNME_08062026.DAT,2981,143b257157dfada58e37b3f8285a132db547fd7250c9ade16090b458304b259b
2026,2026-06-08,251_SALES_DATA_NNME_08062026.DAT,C:\Users\jonat\PycharmProjects\NSWpropertyData\RawData\DAT\2026\20260608\251_SALES_DATA_NNME_08062026.DAT,1009,19ebc708af7e81896f9cc1d6a5c604841aae9075106546ff5316285e0988c34a
2026,2026-06-08,253_SALES_DATA_NNME_08062026.DAT,C:\Users\jonat\PycharmProjects\NSWpropertyData\RawData\DAT\2026\20260608\253_SALES_DATA_NNME_08062026.DAT,634,b08ffe737a7b8d91d8c5f9b734607fc95aa4ae1324e38d5d562077ba26c330ce
2026,2026-06-08,254_SALES_DATA_NNME_08062026.DAT,C:\Users\jonat\PycharmProjects\NSWpropertyData\RawData\DAT\2026\20260608\254_SALES_DATA_NNME_08062026.DAT,331,c06982269879cedfbe98aaf83ca176dc272ee9d7ecbc1b2954a6c8d69fe5c217
2026,2026-06-08,255_SALES_DATA_NNME_08062026.DAT,C:\Users\jonat\PycharmProjects\NSWpropertyData\RawData\DAT\2026\20260608\255_SALES_DATA_NNME_08062026.DAT,1384,814ab4434067da232e5db2441e25dd01dfcabb3c7ede70903d5c3339f0b4500a
2026,2026-06-08,257_SALES_DATA_NNME_08062026.DAT,C:\Users\jonat\PycharmProjects\NSWpropertyData\RawData\DAT\2026\20260608\257_SALES_DATA_NNME_08062026.DAT,5693,76875645fffc8a24c64231b8431bc32a3b64e7e2f26c81c18a6116f2d9b1ac3e
2026,2026-06-08,258_SALES_DATA_NNME_08062026.DAT,C:\Users\jonat\PycharmProjects\NSWpropertyData\RawData\DAT\2026\20260608\258_SALES_DATA_NNME_08062026.DAT,35087,2ed7fa49707ca725283da473583a9f46e137f3ebbfc8573ad397215eb307aee9
2026,2026-06-08,259_SALES_DATA_NNME_08062026.DAT,C:\Users\jonat\PycharmProjects\NSWpropertyData\RawData\DAT\2026\20260608\259_SALES_DATA_NNME_08062026.DAT,60489,94a8d1893153e8836942e5fc6c519c560de97d172eea35242eab07124748ac55
2026,2026-06-08,260_SALES_DATA_NNME_08062026.DAT,C:\Users\jonat\PycharmProjects\NSWpropertyData\RawData\DAT\2026\20260608\260_SALES_DATA_NNME_08062026.DAT,50831,c4649672e704d30e815ab16353eda62d5cd05450942bed728e8a7ec1096d9a2c
2026,2026-06-08,261_SALES_DATA_NNME_08062026.DAT,C:\Users\jonat\PycharmProjects\NSWpropertyData\RawData\DAT\2026\20260608\261_SALES_DATA_NNME_08062026.DAT,19223,0a700a6fa5f0f212cf8727c7ce5ec5b680e3238afbf68d37db7fe0b87ec36045
2026,2026-06-08,262_SALES_DATA_NNME_08062026.DAT,C:\Users\jonat\PycharmProjects\NSWpropertyData\RawData\DAT\2026\20260608\262_SALES_DATA_NNME_08062026.DAT,1340,8bb5a0a6b875c394ceea47fdb5ac83cedaf9844248e0189711a16dd43ca88f44
2026,2026-06-08,263_SALES_DATA_NNME_08062026.DAT,C:\Users\jonat\PycharmProjects\NSWpropertyData\RawData\DAT\2026\20260608\263_SALES_DATA_NNME_08062026.DAT,2052,b596b2852b43fd7b6583ec57d236606cccce5ef62e0b8b9b01e76e179ba6f4b6
2026,2026-06-08,264_SALES_DATA_NNME_08062026.DAT,C:\Users\jonat\PycharmProjects\NSWpropertyData\RawData\DAT\2026\20260608\264_SALES_DATA_NNME_08062026.DAT,12769,7873b4d69afc7233c93b7d2c042d3bfcfaf461e7f8008cc7160ddd15523d2b7a
2026,2026-06-08,265_SALES_DATA_NNME_08062026.DAT,C:\Users\jonat\PycharmProjects\NSWpropertyData\RawData\DAT\2026\20260608\265_SALES_DATA_NNME_08062026.DAT,2050,ebc4f5025086a49475fc8b51aba9bc378ac34dc375ffd7f7213381198ec81a4a
2026,2026-06-08,266_SALES_DATA_NNME_08062026.DAT,C:\Users\jonat\PycharmProjects\NSWpropertyData\RawData\DAT\2026\20260608\266_SALES_DATA_NNME_08062026.DAT,4385,4d288f0086e6507a51c62d04b603c21bf8145d9fd0947488ec839a18875c6817
2026,2026-06-08,267_SALES_DATA_NNME_08062026.DAT,C:\Users\jonat\PycharmProjects\NSWpropertyData\RawData\DAT\2026\20260608\267_SALES_DATA_NNME_08062026.DAT,28876,ee437a47188d608b2f89f5dbb755f0fc4ca9d1dccb9fc7103013a287a11b0a60
2026,2026-06-08,268_SALES_DATA_NNME_08062026.DAT,C:\Users\jonat\PycharmProjects\NSWpropertyData\RawData\DAT\2026\20260608\268_SALES_DATA_NNME_08062026.DAT,20816,09cbc24569b2d42e344280b4bce17c2784ec5158442381b2d1aaa5425c1e5089
2026,2026-06-08,269_SALES_DATA_NNME_08062026.DAT,C:\Users\jonat\PycharmProjects\NSWpropertyData\RawData\DAT\2026\20260608\269_SALES_DATA_NNME_08062026.DAT,3453,0d86b9114c20969015ab90743b815f3cde9ba8be59ad31d4130b99d594dbfad2
2026,2026-06-08,270_SALES_DATA_NNME_08062026.DAT,C:\Users\jonat\PycharmProjects\NSWpropertyData\RawData\DAT\2026\20260608\270_SALES_DATA_NNME_08062026.DAT,295,a09e9a4f53b0a5146693ac9d3c211e50db2191ad7ec0badbd5757028b0832bab
2026,2026-06-08,271_SALES_DATA_NNME_08062026.DAT,C:\Users\jonat\PycharmProjects\NSWpropertyData\RawData\DAT\2026\20260608\271_SALES_DATA_NNME_08062026.DAT,32450,f76c7cf56d5f9e7872cc07519bba5f348bb508c75d9fd4a98b0424e1e08e54ae
2026,2026-06-08,272_SALES_DATA_NNME_08062026.DAT,C:\Users\jonat\PycharmProjects\NSWpropertyData\RawData\DAT\2026\20260608\272_SALES_DATA_NNME_08062026.DAT,13558,8e7730e607ad438eb051c27945e0754019b320026274aeb7b06e9b36353b9b0a
2026,2026-06-08,273_SALES_DATA_NNME_08062026.DAT,C:\Users\jonat\PycharmProjects\NSWpropertyData\RawData\DAT\2026\20260608\273_SALES_DATA_NNME_08062026.DAT,2988,d834a56072f494872443104f4081eed2809c8b550c0b9896fdf5b4e39fce5690
2026,2026-06-08,274_SALES_DATA_NNME_08062026.DAT,C:\Users\jonat\PycharmProjects\NSWpropertyData\RawData\DAT\2026\20260608\274_SALES_DATA_NNME_08062026.DAT,2319,d56a9a46030e4106df2b79e7d4491b5f1488ac665a2a2d16a811f7963b318f25
2026,2026-06-08,275_SALES_DATA_NNME_08062026.DAT,C:\Users\jonat\PycharmProjects\NSWpropertyData\RawData\DAT\2026\20260608\275_SALES_DATA_NNME_08062026.DAT,8850,6dfbcbf36e69814056e115960cb5c2d8807ad8a194f341edab2923b63c9eb3df
2026,2026-06-08,276_SALES_DATA_NNME_08062026.DAT,C:\Users\jonat\PycharmProjects\NSWpropertyData\RawData\DAT\2026\20260608\276_SALES_DATA_NNME_08062026.DAT,23565,6d4178dafdb0869e270d138cf63156bb04325ade5ca254f833619cda5b4ece89
2026,2026-06-08,300_SALES_DATA_NNME_08062026.DAT,C:\Users\jonat\PycharmProjects\NSWpropertyData\RawData\DAT\2026\20260608\300_SALES_DATA_NNME_08062026.DAT,747,b0b5d82f88bfc4de468f07428a576cd5df29132b22364b7c2edeac65a94d201a
2026,2026-06-08,301_SALES_DATA_NNME_08062026.DAT,C:\Users\jonat\PycharmProjects\NSWpropertyData\RawData\DAT\2026\20260608\301_SALES_DATA_NNME_08062026.DAT,1817,79f558ca16d144d648c18a1695311466bee1875cc8c96d0570b7a8d9ae1b8de2
2026,2026-06-08,302_SALES_DATA_NNME_08062026.DAT,C:\Users\jonat\PycharmProjects\NSWpropertyData\RawData\DAT\2026\20260608\302_SALES_DATA_NNME_08062026.DAT,876,fb422848081f01ccd5792606deed8989a7ed7dd489d493fe467115ed0ec2cd65
2026,2026-06-08,303_SALES_DATA_NNME_08062026.DAT,C:\Users\jonat\PycharmProjects\NSWpropertyData\RawData\DAT\2026\20260608\303_SALES_DATA_NNME_08062026.DAT,8765,98acdd75b8792bd364f468ab4fcba43c034106cab5db2b4e370225037998be1d
2026,2026-06-08,511_SALES_DATA_NNME_08062026.DAT,C:\Users\jonat\PycharmProjects\NSWpropertyData\RawData\DAT\2026\20260608\511_SALES_DATA_NNME_08062026.DAT,3218,e99e1a59b0e3431441fad490fcaffbc759d03420a7924b85da4699530d7c872b
2026,2026-06-08,526_SALES_DATA_NNME_08062026.DAT,C:\Users\jonat\PycharmProjects\NSWpropertyData\RawData\DAT\2026\20260608\526_SALES_DATA_NNME_08062026.DAT,1495,368cb27d1c9dac7c05ee502ca4956b6bceba7d5d9c9538348d1af527fe8f24ed
2026,2026-06-08,528_SALES_DATA_NNME_08062026.DAT,C:\Users\jonat\PycharmProjects\NSWpropertyData\RawData\DAT\2026\20260608\528_SALES_DATA_NNME_08062026.DAT,2435,c5d7c6f76f54dff268283f3b6763ed7f928e5f0cb50eb98e52362ce623d0fb8e
2026,2026-06-08,529_SALES_DATA_NNME_08062026.DAT,C:\Users\jonat\PycharmProjects\NSWpropertyData\RawData\DAT\2026\20260608\529_SALES_DATA_NNME_08062026.DAT,5608,a047768bbc0d7d1f2d7acb0ff163e4f2542e44a99aefd5511d3373efba2cf828
2026,2026-06-08,537_SALES_DATA_NNME_08062026.DAT,C:\Users\jonat\PycharmProjects\NSWpropertyData\RawData\DAT\2026\20260608\537_SALES_DATA_NNME_08062026.DAT,1458,a67aed3da6306235bed0ad6d12aaada55d4b7d39661d9e7f700135b8fd73729e
2026,2026-06-08,538_SALES_DATA_NNME_08062026.DAT,C:\Users\jonat\PycharmProjects\NSWpropertyData\RawData\DAT\2026\20260608\538_SALES_DATA_NNME_08062026.DAT,862,7107d6c37d07ed778ec4668a69a2df15e3e5ead3e8253b19a8c08aee2c7a8aad
2026,2026-06-08,560_SALES_DATA_NNME_08062026.DAT,C:\Users\jonat\PycharmProjects\NSWpropertyData\RawData\DAT\2026\20260608\560_SALES_DATA_NNME_08062026.DAT,4568,030b7fc44e753678911b3c8bbd2251034cf583b0f153dbefa396d6264b3ae171
2026,2026-06-08,575_SALES_DATA_NNME_08062026.DAT,C:\Users\jonat\PycharmProjects\NSWpropertyData\RawData\DAT\2026\20260608\575_SALES_DATA_NNME_08062026.DAT,13854,7280ac9b821ac825e915e9188814feb87c22b8a4a267dbe5733be9dcfc478b52
2026,2026-06-08,608_SALES_DATA_NNME_08062026.DAT,C:\Users\jonat\PycharmProjects\NSWpropertyData\RawData\DAT\2026\20260608\608_SALES_DATA_NNME_08062026.DAT,6858,ad5df605164c1c02aae12ce00535f8c56bfd0ca31fca3da38b8d0dede6dc3255
2026,2026-06-08,620_SALES_DATA_NNME_08062026.DAT,C:\Users\jonat\PycharmProjects\NSWpropertyData\RawData\DAT\2026\20260608\620_SALES_DATA_NNME_08062026.DAT,3750,22eeb2abba103b8a22d313a68f7bd9cd0afcb5549faf6c6906cf374fad150006
2026,2026-06-08,656_SALES_DATA_NNME_08062026.DAT,C:\Users\jonat\PycharmProjects\NSWpropertyData\RawData\DAT\2026\20260608\656_SALES_DATA_NNME_08062026.DAT,11420,ed4b41e6b6397ee9ace4978f437782b0830edef48c75d9fffb36c6e3cc53aa32
2026,2026-06-08,666_SALES_DATA_NNME_08062026.DAT,C:\Users\jonat\PycharmProjects\NSWpropertyData\RawData\DAT\2026\20260608\666_SALES_DATA_NNME_08062026.DAT,13178,adf87c8a40aed01b52e190dbbeb40927747260378d53fb0452a97bb76260ef24
2026,2026-06-08,708_SALES_DATA_NNME_08062026.DAT,C:\Users\jonat\PycharmProjects\NSWpropertyData\RawData\DAT\2026\20260608\708_SALES_DATA_NNME_08062026.DAT,39818,cd8facb0daba916fc9c50d81a09f150647c290583b5bd07de03abaff7038edf2
2026,2026-06-15,001_SALES_DATA_NNME_15062026.DAT,C:\Users\jonat\PycharmProjects\NSWpropertyData\RawData\DAT\2026\20260615\001_SALES_DATA_NNME_15062026.DAT,13949,1ca5842427ae007a14bbe9fbb554c92a876c7fe5ab711f7c100b8197d859bbe8
2026,2026-06-15,002_SALES_DATA_NNME_15062026.DAT,C:\Users\jonat\PycharmProjects\NSWpropertyData\RawData\DAT\2026\20260615\002_SALES_DATA_NNME_15062026.DAT,2124,7812dbe6a40d9a6d31eb43f1868731476b8b28dd1a588776009a569748640fce
2026,2026-06-15,004_SALES_DATA_NNME_15062026.DAT,C:\Users\jonat\PycharmProjects\NSWpropertyData\RawData\DAT\2026\20260615\004_SALES_DATA_NNME_15062026.DAT,27724,29603ed294001aa86ecd8bb6df2420e713e15079ea3fef8a7f2865fb597960e2
2026,2026-06-15,005_SALES_DATA_NNME_15062026.DAT,C:\Users\jonat\PycharmProjects\NSWpropertyData\RawData\DAT\2026\20260615\005_SALES_DATA_NNME_15062026.DAT,18322,c99778ba331b8d01058d6790c0d3839d9bcf99cf6233a85708d543622e11bfda
2026,2026-06-15,007_SALES_DATA_NNME_15062026.DAT,C:\Users\jonat\PycharmProjects\NSWpropertyData\RawData\DAT\2026\20260615\007_SALES_DATA_NNME_15062026.DAT,1735,db696b436632f5c636d20be78e8e5aa51dbde8529ed5fcfff32705258a564ec7
2026,2026-06-15,008_SALES_DATA_NNME_15062026.DAT,C:\Users\jonat\PycharmProjects\NSWpropertyData\RawData\DAT\2026\20260615\008_SALES_DATA_NNME_15062026.DAT,27348,9823a2861e48498a4552acbbb4b1598ac047d0e17cdd93691dc86f7d974db088
2026,2026-06-15,010_SALES_DATA_NNME_15062026.DAT,C:\Users\jonat\PycharmProjects\NSWpropertyData\RawData\DAT\2026\20260615\010_SALES_DATA_NNME_15062026.DAT,14340,0eb690357e96f12b582e925f5b3b5fa38bc00f87f1264d24218639d27a61866b
2026,2026-06-15,012_SALES_DATA_NNME_15062026.DAT,C:\Users\jonat\PycharmProjects\NSWpropertyData\RawData\DAT\2026\20260615\012_SALES_DATA_NNME_15062026.DAT,3066,37b0248bdd5e42900da5fb7f005bad86c0a91d77fec02c8ae96c38cce9f63dde
2026,2026-06-15,018_SALES_DATA_NNME_15062026.DAT,C:\Users\jonat\PycharmProjects\NSWpropertyData\RawData\DAT\2026\20260615\018_SALES_DATA_NNME_15062026.DAT,6159,51512c26b9ff877652d30f74afc5864934653bf96c8b66c6d8dc078b548e9e78
2026,2026-06-15,042_SALES_DATA_NNME_15062026.DAT,C:\Users\jonat\PycharmProjects\NSWpropertyData\RawData\DAT\2026\20260615\042_SALES_DATA_NNME_15062026.DAT,1985,a724ba6aed435f6ac9c3de64ead2318d7920af8700a040f785ae59015c211999
2026,2026-06-15,043_SALES_DATA_NNME_15062026.DAT,C:\Users\jonat\PycharmProjects\NSWpropertyData\RawData\DAT\2026\20260615\043_SALES_DATA_NNME_15062026.DAT,400,6dd320dbabeb9897023d554d48379455db130abb3fdf0affb61e9751ef13b506
2026,2026-06-15,050_SALES_DATA_NNME_15062026.DAT,C:\Users\jonat\PycharmProjects\NSWpropertyData\RawData\DAT\2026\20260615\050_SALES_DATA_NNME_15062026.DAT,5981,3bf6b2592c6c950340c7cef16d30b0ce7d115e98da3b1ee0cc2d710c1b2a0d9d
2026,2026-06-15,051_SALES_DATA_NNME_15062026.DAT,C:\Users\jonat\PycharmProjects\NSWpropertyData\RawData\DAT\2026\20260615\051_SALES_DATA_NNME_15062026.DAT,1099,380186727cc5de6064efec98a624eb9b1f010d3d83fdad37327290ba0f6a514a
2026,2026-06-15,052_SALES_DATA_NNME_15062026.DAT,C:\Users\jonat\PycharmProjects\NSWpropertyData\RawData\DAT\2026\20260615\052_SALES_DATA_NNME_15062026.DAT,329,a930327d58e606e9274a861c365fbe28df001703a55dc5968003fe6e90255db6
2026,2026-06-15,054_SALES_DATA_NNME_15062026.DAT,C:\Users\jonat\PycharmProjects\NSWpropertyData\RawData\DAT\2026\20260615\054_SALES_DATA_NNME_15062026.DAT,1097,2a01b1044ca891bac0e8413bdd4e505940a23891344b7d830c2ea9ef932ef681
2026,2026-06-15,061_SALES_DATA_NNME_15062026.DAT,C:\Users\jonat\PycharmProjects\NSWpropertyData\RawData\DAT\2026\20260615\061_SALES_DATA_NNME_15062026.DAT,568,354b608649fcc08f62020f9400b95c555d235deb243c191ca235de332e4e90b8
2026,2026-06-15,065_SALES_DATA_NNME_15062026.DAT,C:\Users\jonat\PycharmProjects\NSWpropertyData\RawData\DAT\2026\20260615\065_SALES_DATA_NNME_15062026.DAT,1181,4108f6ce2e08d1ba1094dc315408db032e2d3c6c63766481f86b46ad1eb8b453
2026,2026-06-15,066_SALES_DATA_NNME_15062026.DAT,C:\Users\jonat\PycharmProjects\NSWpropertyData\RawData\DAT\2026\20260615\066_SALES_DATA_NNME_15062026.DAT,333,3fc67f52e638524b347869c18f3de0c7f5ad1bef64d589f2419bd0b3af2ea104
2026,2026-06-15,070_SALES_DATA_NNME_15062026.DAT,C:\Users\jonat\PycharmProjects\NSWpropertyData\RawData\DAT\2026\20260615\070_SALES_DATA_NNME_15062026.DAT,1951,bffa030d0671fbe897e0bba67894442274fe8f87128789e3021d2e8bd05dc8b7
2026,2026-06-15,074_SALES_DATA_NNME_15062026.DAT,C:\Users\jonat\PycharmProjects\NSWpropertyData\RawData\DAT\2026\20260615\074_SALES_DATA_NNME_15062026.DAT,2003,1d45f7a6fcadd8dfd1f6ec3ed8d0c4c758773f6c13246768f9b3f9352b71657d
2026,2026-06-15,081_SALES_DATA_NNME_15062026.DAT,C:\Users\jonat\PycharmProjects\NSWpropertyData\RawData\DAT\2026\20260615\081_SALES_DATA_NNME_15062026.DAT,46394,d4617c50fb0c26b099bda8e768557a1a7eed4e97e1df6e841f6b4ddee23a69da
2026,2026-06-15,082_SALES_DATA_NNME_15062026.DAT,C:\Users\jonat\PycharmProjects\NSWpropertyData\RawData\DAT\2026\20260615\082_SALES_DATA_NNME_15062026.DAT,11810,9a4f96dea8c9fe21b609d19655a68b6b00cb21d1b2f5fe76c692e5df7e5b91c4
2026,2026-06-15,083_SALES_DATA_NNME_15062026.DAT,C:\Users\jonat\PycharmProjects\NSWpropertyData\RawData\DAT\2026\20260615\083_SALES_DATA_NNME_15062026.DAT,1349,fa7da19f8adca829a96f9ade2c9cd6859bcc93b6c7d9e50092f820ebd0b9df40
2026,2026-06-15,084_SALES_DATA_NNME_15062026.DAT,C:\Users\jonat\PycharmProjects\NSWpropertyData\RawData\DAT\2026\20260615\084_SALES_DATA_NNME_15062026.DAT,15402,a5d1b7ffeb9ed1c4564fc1b8065ba22be4436c7da2de16e71f6abca956678805
2026,2026-06-15,085_SALES_DATA_NNME_15062026.DAT,C:\Users\jonat\PycharmProjects\NSWpropertyData\RawData\DAT\2026\20260615\085_SALES_DATA_NNME_15062026.DAT,3744,45491d53ccb87d0fb25f684b6f575f95a9cbc49d69d04e15d04231a2d054d70c
2026,2026-06-15,087_SALES_DATA_NNME_15062026.DAT,C:\Users\jonat\PycharmProjects\NSWpropertyData\RawData\DAT\2026\20260615\087_SALES_DATA_NNME_15062026.DAT,2556,6674e37b3a29305fd6a6290599ef0e44f0fa33a7cf1940f92e19002e4ffd6512
2026,2026-06-15,088_SALES_DATA_NNME_15062026.DAT,C:\Users\jonat\PycharmProjects\NSWpropertyData\RawData\DAT\2026\20260615\088_SALES_DATA_NNME_15062026.DAT,12746,8b768f7d4cc2f450fd4c5475b4a9e428add27d4e1e6d692b06c9e2878c52a367
2026,2026-06-15,090_SALES_DATA_NNME_15062026.DAT,C:\Users\jonat\PycharmProjects\NSWpropertyData\RawData\DAT\2026\20260615\090_SALES_DATA_NNME_15062026.DAT,26374,44069a9686c6e4dd04d1919c8f56c3e4ad8641b6eaaf7aa4a58b64da48b4c87a
2026,2026-06-15,092_SALES_DATA_NNME_15062026.DAT,C:\Users\jonat\PycharmProjects\NSWpropertyData\RawData\DAT\2026\20260615\092_SALES_DATA_NNME_15062026.DAT,4921,efe455ebd82e24974ba13305fff0092cd9d63ca6b8a94c9c0367e4556b125b98
2026,2026-06-15,097_SALES_DATA_NNME_15062026.DAT,C:\Users\jonat\PycharmProjects\NSWpropertyData\RawData\DAT\2026\20260615\097_SALES_DATA_NNME_15062026.DAT,4058,b950ffdb83ec60d1d966bbeee4d12e06769c76643132115c8ecc9aae40c4b1de
2026,2026-06-15,098_SALES_DATA_NNME_15062026.DAT,C:\Users\jonat\PycharmProjects\NSWpropertyData\RawData\DAT\2026\20260615\098_SALES_DATA_NNME_15062026.DAT,2950,c3c795faab98e5061f5831e4bc9f28eb21d5d5b90ed0409ab32a50ae5ab2b337
2026,2026-06-15,100_SALES_DATA_NNME_15062026.DAT,C:\Users\jonat\PycharmProjects\NSWpropertyData\RawData\DAT\2026\20260615\100_SALES_DATA_NNME_15062026.DAT,11755,b477bdaff6bc63271ca8302d3237a0d4b37f70eb8466d5c8ee139e3aef82d1f4
2026,2026-06-15,101_SALES_DATA_NNME_15062026.DAT,C:\Users\jonat\PycharmProjects\NSWpropertyData\RawData\DAT\2026\20260615\101_SALES_DATA_NNME_15062026.DAT,19792,392895170c6fb1aba19d045b3022827596e7aa678a46d15e48b3444ec5b3e6b8
2026,2026-06-15,102_SALES_DATA_NNME_15062026.DAT,C:\Users\jonat\PycharmProjects\NSWpropertyData\RawData\DAT\2026\20260615\102_SALES_DATA_NNME_15062026.DAT,7923,7875dfa2f84bb9b24bcc113a72c4061aac8e686264704e73777e06f63085754a
2026,2026-06-15,103_SALES_DATA_NNME_15062026.DAT,C:\Users\jonat\PycharmProjects\NSWpropertyData\RawData\DAT\2026\20260615\103_SALES_DATA_NNME_15062026.DAT,23786,f1adc93b77c51a92a5c4dc31b775e1deaeb750afa7daf67e1ade7e23ae54d392
2026,2026-06-15,109_SALES_DATA_NNME_15062026.DAT,C:\Users\jonat\PycharmProjects\NSWpropertyData\RawData\DAT\2026\20260615\109_SALES_DATA_NNME_15062026.DAT,1469,5ec0cdf3ad6be8ec814904b94d10114c64611ee62b515a1b1a4f5e59803955f8
2026,2026-06-15,116_SALES_DATA_NNME_15062026.DAT,C:\Users\jonat\PycharmProjects\NSWpropertyData\RawData\DAT\2026\20260615\116_SALES_DATA_NNME_15062026.DAT,5050,c9f332c35fe2cbe01b217bfe9db02d38d6ded03e8555c6983eeacedbc90940c1
2026,2026-06-15,117_SALES_DATA_NNME_15062026.DAT,C:\Users\jonat\PycharmProjects\NSWpropertyData\RawData\DAT\2026\20260615\117_SALES_DATA_NNME_15062026.DAT,3065,bdb882b46e9d76dce3ed25faae84fd1ea657f36949e84e2fc573cc16c30ab9d1
2026,2026-06-15,118_SALES_DATA_NNME_15062026.DAT,C:\Users\jonat\PycharmProjects\NSWpropertyData\RawData\DAT\2026\20260615\118_SALES_DATA_NNME_15062026.DAT,1397,f46e6469f0c4a3a27a5834ce011520dcd3c94a8b2214cdd6d116e15253eb028d
2026,2026-06-15,124_SALES_DATA_NNME_15062026.DAT,C:\Users\jonat\PycharmProjects\NSWpropertyData\RawData\DAT\2026\20260615\124_SALES_DATA_NNME_15062026.DAT,7315,6ca3fc374ba26718b0d27d9cb575abf890d02a95a51a414c26f1b412f5d0d651
2026,2026-06-15,137_SALES_DATA_NNME_15062026.DAT,C:\Users\jonat\PycharmProjects\NSWpropertyData\RawData\DAT\2026\20260615\137_SALES_DATA_NNME_15062026.DAT,2613,394d71f7243ff7584594289a2e2a0057cffb74aa18ca40a13b3c9481a58fe281
2026,2026-06-15,139_SALES_DATA_NNME_15062026.DAT,C:\Users\jonat\PycharmProjects\NSWpropertyData\RawData\DAT\2026\20260615\139_SALES_DATA_NNME_15062026.DAT,11702,d4fa5d3f587a98fee9058cb1f34674e20d56f96cd304e86117efb757c30849d7
2026,2026-06-15,143_SALES_DATA_NNME_15062026.DAT,C:\Users\jonat\PycharmProjects\NSWpropertyData\RawData\DAT\2026\20260615\143_SALES_DATA_NNME_15062026.DAT,5136,1354c25adb5abd822e6c328f9633783fa54ed30fb75626bd97ce02d5071501d0
2026,2026-06-15,144_SALES_DATA_NNME_15062026.DAT,C:\Users\jonat\PycharmProjects\NSWpropertyData\RawData\DAT\2026\20260615\144_SALES_DATA_NNME_15062026.DAT,26157,71d39c38dcb255559975f8b60073b5a3b4f37ad0bc8e87400299ed8df7f10fab
2026,2026-06-15,148_SALES_DATA_NNME_15062026.DAT,C:\Users\jonat\PycharmProjects\NSWpropertyData\RawData\DAT\2026\20260615\148_SALES_DATA_NNME_15062026.DAT,7191,47e5699178f2e93839bbe985531d71665fd3258a476d2c9e1a43b490973c15f5
2026,2026-06-15,149_SALES_DATA_NNME_15062026.DAT,C:\Users\jonat\PycharmProjects\NSWpropertyData\RawData\DAT\2026\20260615\149_SALES_DATA_NNME_15062026.DAT,370,ca9f1e56a1922c71e25f5cc1bd32ac4eb7d50967546eca01b3ddf0d1b5a82e3b
2026,2026-06-15,150_SALES_DATA_NNME_15062026.DAT,C:\Users\jonat\PycharmProjects\NSWpropertyData\RawData\DAT\2026\20260615\150_SALES_DATA_NNME_15062026.DAT,6122,2cc7451220ce6c028b364642ae27e81e25f2c1e4a8b357de00cf076ed900a326
2026,2026-06-15,151_SALES_DATA_NNME_15062026.DAT,C:\Users\jonat\PycharmProjects\NSWpropertyData\RawData\DAT\2026\20260615\151_SALES_DATA_NNME_15062026.DAT,2876,d4c3f4241f4523e8eac3e4dd21cd18c081a330064c77b965d46f34789e8a05a9
2026,2026-06-15,152_SALES_DATA_NNME_15062026.DAT,C:\Users\jonat\PycharmProjects\NSWpropertyData\RawData\DAT\2026\20260615\152_SALES_DATA_NNME_15062026.DAT,8992,333d931f5deaca8b47033a8c798c60112064896c5ecbc478a98d9ad46a493cb5
2026,2026-06-15,157_SALES_DATA_NNME_15062026.DAT,C:\Users\jonat\PycharmProjects\NSWpropertyData\RawData\DAT\2026\20260615\157_SALES_DATA_NNME_15062026.DAT,2586,134628549574575625f8a2e601b45a6e7f4533da493e14632b8ef9d9e28739f3
2026,2026-06-15,158_SALES_DATA_NNME_15062026.DAT,C:\Users\jonat\PycharmProjects\NSWpropertyData\RawData\DAT\2026\20260615\158_SALES_DATA_NNME_15062026.DAT,2570,159ef1bb7929f8730a461991ff48a92266e7c01283c0cd2ab02e28cce166b3a0
2026,2026-06-15,159_SALES_DATA_NNME_15062026.DAT,C:\Users\jonat\PycharmProjects\NSWpropertyData\RawData\DAT\2026\20260615\159_SALES_DATA_NNME_15062026.DAT,7482,62aa93b1667bbd809b63b866879c724b5480f40e4e470ed32fb7e9819a671489
2026,2026-06-15,164_SALES_DATA_NNME_15062026.DAT,C:\Users\jonat\PycharmProjects\NSWpropertyData\RawData\DAT\2026\20260615\164_SALES_DATA_NNME_15062026.DAT,3092,553f19995a110aabab2b55b05646d53a3fe659a31bcbcc3fb27ff5420d95cdc9
2026,2026-06-15,171_SALES_DATA_NNME_15062026.DAT,C:\Users\jonat\PycharmProjects\NSWpropertyData\RawData\DAT\2026\20260615\171_SALES_DATA_NNME_15062026.DAT,20598,1fceb71ebe0bcbc1d42c9fb1fc967ed4fc245b6ba853b19ed668e50ec3c2f74e
2026,2026-06-15,187_SALES_DATA_NNME_15062026.DAT,C:\Users\jonat\PycharmProjects\NSWpropertyData\RawData\DAT\2026\20260615\187_SALES_DATA_NNME_15062026.DAT,874,68075b2451440c857306c22aeb42d04a5e30a13b2a391923be5ead8a3ea8d7bd
2026,2026-06-15,188_SALES_DATA_NNME_15062026.DAT,C:\Users\jonat\PycharmProjects\NSWpropertyData\RawData\DAT\2026\20260615\188_SALES_DATA_NNME_15062026.DAT,9014,72ddd0815fdffeac4398c60bd198ea1a5b31ef1cf30f717ce773236060a39edf
2026,2026-06-15,192_SALES_DATA_NNME_15062026.DAT,C:\Users\jonat\PycharmProjects\NSWpropertyData\RawData\DAT\2026\20260615\192_SALES_DATA_NNME_15062026.DAT,1354,16c8202b8923401417156d9f954980386245c77c4ae25405b8092883b71f814f
2026,2026-06-15,199_SALES_DATA_NNME_15062026.DAT,C:\Users\jonat\PycharmProjects\NSWpropertyData\RawData\DAT\2026\20260615\199_SALES_DATA_NNME_15062026.DAT,4148,313a1912a38c37b64b0f28ef71e88ee0f001f472e803787fdfc91a4b6c026d19
2026,2026-06-15,207_SALES_DATA_NNME_15062026.DAT,C:\Users\jonat\PycharmProjects\NSWpropertyData\RawData\DAT\2026\20260615\207_SALES_DATA_NNME_15062026.DAT,14840,7e2ac5c7d130f5a1248defa263682f2e753ecaf6c5ef20e031d746d5648b22a8
2026,2026-06-15,209_SALES_DATA_NNME_15062026.DAT,C:\Users\jonat\PycharmProjects\NSWpropertyData\RawData\DAT\2026\20260615\209_SALES_DATA_NNME_15062026.DAT,8349,b33746cb81187d9971f6b5060f9d5de3a39bd033e41a7ac1d1019fc6470c0780
2026,2026-06-15,210_SALES_DATA_NNME_15062026.DAT,C:\Users\jonat\PycharmProjects\NSWpropertyData\RawData\DAT\2026\20260615\210_SALES_DATA_NNME_15062026.DAT,6760,df590809f76752475634223ee2a656ec7c88a7daca30f48dbe8d6f7d20b9146e
2026,2026-06-15,214_SALES_DATA_NNME_15062026.DAT,C:\Users\jonat\PycharmProjects\NSWpropertyData\RawData\DAT\2026\20260615\214_SALES_DATA_NNME_15062026.DAT,53996,02646b3586f6c9526e5e6c49fe08c12cce9adfc49a616c92f30dd64c6c5bbbbc
2026,2026-06-15,216_SALES_DATA_NNME_15062026.DAT,C:\Users\jonat\PycharmProjects\NSWpropertyData\RawData\DAT\2026\20260615\216_SALES_DATA_NNME_15062026.DAT,7835,ef075aceda49918fda9f27dfb461c5a07c71bacc35fb362ae45ae77ced214111
2026,2026-06-15,217_SALES_DATA_NNME_15062026.DAT,C:\Users\jonat\PycharmProjects\NSWpropertyData\RawData\DAT\2026\20260615\217_SALES_DATA_NNME_15062026.DAT,29674,dd5e8a50d5f294143081bee197ecbea28f04fad467d5b0619cc1204f3dd8a97e
2026,2026-06-15,218_SALES_DATA_NNME_15062026.DAT,C:\Users\jonat\PycharmProjects\NSWpropertyData\RawData\DAT\2026\20260615\218_SALES_DATA_NNME_15062026.DAT,36928,f28b1cf62012c861a298380a9a831b6d34c419f180eb537480f946af31c179f0
2026,2026-06-15,219_SALES_DATA_NNME_15062026.DAT,C:\Users\jonat\PycharmProjects\NSWpropertyData\RawData\DAT\2026\20260615\219_SALES_DATA_NNME_15062026.DAT,2692,edcaaf6093263e1d60a2f0cafd10e0210995b6b2e0393837e004465a8e426a68
2026,2026-06-15,220_SALES_DATA_NNME_15062026.DAT,C:\Users\jonat\PycharmProjects\NSWpropertyData\RawData\DAT\2026\20260615\220_SALES_DATA_NNME_15062026.DAT,15805,5391533b7c661ddb29d4ed97ee989c74226d35df6eb8aa68ab63029300708407
2026,2026-06-15,222_SALES_DATA_NNME_15062026.DAT,C:\Users\jonat\PycharmProjects\NSWpropertyData\RawData\DAT\2026\20260615\222_SALES_DATA_NNME_15062026.DAT,1931,1a19a79dea7a9984d02fe2f20c2c5b29ab841d31e01b6c8149a43c12ec320977
2026,2026-06-15,223_SALES_DATA_NNME_15062026.DAT,C:\Users\jonat\PycharmProjects\NSWpropertyData\RawData\DAT\2026\20260615\223_SALES_DATA_NNME_15062026.DAT,30908,fdc3f5ef50ae8169a5f41f1f586a3c66af1a235b187e3ded92cfa25c0da939a6
2026,2026-06-15,224_SALES_DATA_NNME_15062026.DAT,C:\Users\jonat\PycharmProjects\NSWpropertyData\RawData\DAT\2026\20260615\224_SALES_DATA_NNME_15062026.DAT,27010,f74484017d4867ffe9238359588683701f9b8a8109ba9244cd3f6acc5505dbb3
2026,2026-06-15,226_SALES_DATA_NNME_15062026.DAT,C:\Users\jonat\PycharmProjects\NSWpropertyData\RawData\DAT\2026\20260615\226_SALES_DATA_NNME_15062026.DAT,21659,dbae9bd475486f969921cff8af1995fe25822167ec82e468f47696230f12bfa9
2026,2026-06-15,231_SALES_DATA_NNME_15062026.DAT,C:\Users\jonat\PycharmProjects\NSWpropertyData\RawData\DAT\2026\20260615\231_SALES_DATA_NNME_15062026.DAT,910,6f52dcddbad39de7189acea5b4689b4a242fb547a86354dfd773dd2ccd560a02
2026,2026-06-15,232_SALES_DATA_NNME_15062026.DAT,C:\Users\jonat\PycharmProjects\NSWpropertyData\RawData\DAT\2026\20260615\232_SALES_DATA_NNME_15062026.DAT,366,9d4bc33c7176e19e305d3ea5fc5614a1b40934b4d33974cf55b7adf88af7bce5
2026,2026-06-15,234_SALES_DATA_NNME_15062026.DAT,C:\Users\jonat\PycharmProjects\NSWpropertyData\RawData\DAT\2026\20260615\234_SALES_DATA_NNME_15062026.DAT,3239,1c7ef925731febb1d430216675a29afa5bb8e51479dd30c250ae6d2d6cc77bb3
2026,2026-06-15,235_SALES_DATA_NNME_15062026.DAT,C:\Users\jonat\PycharmProjects\NSWpropertyData\RawData\DAT\2026\20260615\235_SALES_DATA_NNME_15062026.DAT,369,81d1f590316f76482792032e2eab3c43cd7ab9c8602a68cd5bfde247d1a69480
2026,2026-06-15,236_SALES_DATA_NNME_15062026.DAT,C:\Users\jonat\PycharmProjects\NSWpropertyData\RawData\DAT\2026\20260615\236_SALES_DATA_NNME_15062026.DAT,330,5778ee747dd693383b7063f8a87625c01566a1546743e84565501614b82ea2d4
2026,2026-06-15,238_SALES_DATA_NNME_15062026.DAT,C:\Users\jonat\PycharmProjects\NSWpropertyData\RawData\DAT\2026\20260615\238_SALES_DATA_NNME_15062026.DAT,660,fd5699bde1610999c66d35e869d49e8ab9e7b863aa1061f0270b25a9432c4633
2026,2026-06-15,240_SALES_DATA_NNME_15062026.DAT,C:\Users\jonat\PycharmProjects\NSWpropertyData\RawData\DAT\2026\20260615\240_SALES_DATA_NNME_15062026.DAT,325,958190a7452e84815d14a33d43514c146e3cd87a7bfe5e5ad5090d8acf74aa86
2026,2026-06-15,243_SALES_DATA_NNME_15062026.DAT,C:\Users\jonat\PycharmProjects\NSWpropertyData\RawData\DAT\2026\20260615\243_SALES_DATA_NNME_15062026.DAT,336,93d7f5fb37b670d22c0201e4f89c3b9912e75178c1731092ac38975274ea403b
2026,2026-06-15,244_SALES_DATA_NNME_15062026.DAT,C:\Users\jonat\PycharmProjects\NSWpropertyData\RawData\DAT\2026\20260615\244_SALES_DATA_NNME_15062026.DAT,634,c063986d318cafbcb26ee23a7be84a282102220f59bdfbba469657db6a8b801a
2026,2026-06-15,247_SALES_DATA_NNME_15062026.DAT,C:\Users\jonat\PycharmProjects\NSWpropertyData\RawData\DAT\2026\20260615\247_SALES_DATA_NNME_15062026.DAT,1556,7cecbc3f95d522252276f732d9e9b34e5f99e703079859064c78f4f1510dbfab
2026,2026-06-15,250_SALES_DATA_NNME_15062026.DAT,C:\Users\jonat\PycharmProjects\NSWpropertyData\RawData\DAT\2026\20260615\250_SALES_DATA_NNME_15062026.DAT,3157,2dc30aba68688154640573143512fe5f25f7f4d29106c603573437e62a0e45c0
2026,2026-06-15,251_SALES_DATA_NNME_15062026.DAT,C:\Users\jonat\PycharmProjects\NSWpropertyData\RawData\DAT\2026\20260615\251_SALES_DATA_NNME_15062026.DAT,1149,6bd505d76420117daf3ebc2396c2bd87465b44b2b830a2801089f75b8756d7ce
2026,2026-06-15,253_SALES_DATA_NNME_15062026.DAT,C:\Users\jonat\PycharmProjects\NSWpropertyData\RawData\DAT\2026\20260615\253_SALES_DATA_NNME_15062026.DAT,305,a46615127395d585397b813cf1d0a9a1e59f423e18eda8423abe0b800294515d
2026,2026-06-15,254_SALES_DATA_NNME_15062026.DAT,C:\Users\jonat\PycharmProjects\NSWpropertyData\RawData\DAT\2026\20260615\254_SALES_DATA_NNME_15062026.DAT,334,6b9ae7f4fcc799917c009f47d3a9aa99d83b153648552157c472ef8c1cabdb5c
2026,2026-06-15,255_SALES_DATA_NNME_15062026.DAT,C:\Users\jonat\PycharmProjects\NSWpropertyData\RawData\DAT\2026\20260615\255_SALES_DATA_NNME_15062026.DAT,1195,6e4607d35d4d17952e0b24cd38b5226cb356c4f9e43aa99b08afd1298664601a
2026,2026-06-15,257_SALES_DATA_NNME_15062026.DAT,C:\Users\jonat\PycharmProjects\NSWpropertyData\RawData\DAT\2026\20260615\257_SALES_DATA_NNME_15062026.DAT,5433,334e5cd0bb9261bc7d55d85bc6f65285f2fc12d5722e90add93f2a8af852b45f
2026,2026-06-15,258_SALES_DATA_NNME_15062026.DAT,C:\Users\jonat\PycharmProjects\NSWpropertyData\RawData\DAT\2026\20260615\258_SALES_DATA_NNME_15062026.DAT,34568,5605dd1d68b9a8fac359429b769b97dfb48447dfb0e38bbfac330115079fcf9a
2026,2026-06-15,259_SALES_DATA_NNME_15062026.DAT,C:\Users\jonat\PycharmProjects\NSWpropertyData\RawData\DAT\2026\20260615\259_SALES_DATA_NNME_15062026.DAT,60302,0004f6813b30c9ce3aa2e3680c488ab0003aa3b081d80d46ae6eba35741e11f6
2026,2026-06-15,260_SALES_DATA_NNME_15062026.DAT,C:\Users\jonat\PycharmProjects\NSWpropertyData\RawData\DAT\2026\20260615\260_SALES_DATA_NNME_15062026.DAT,58100,e25d251eff87949921dbb8ff2658d2fe10cf475c71859c704511e50bc24c4ace
2026,2026-06-15,261_SALES_DATA_NNME_15062026.DAT,C:\Users\jonat\PycharmProjects\NSWpropertyData\RawData\DAT\2026\20260615\261_SALES_DATA_NNME_15062026.DAT,23223,dbebd4f8f60dc96fffa45a2e6eb837919aa1c45e5fe2739ac229b9f20ba8b221
2026,2026-06-15,262_SALES_DATA_NNME_15062026.DAT,C:\Users\jonat\PycharmProjects\NSWpropertyData\RawData\DAT\2026\20260615\262_SALES_DATA_NNME_15062026.DAT,1745,a301bf6d293a45263ab3b775978998c6bf70936efa6e7e6f2ef575179b9049fa
2026,2026-06-15,263_SALES_DATA_NNME_15062026.DAT,C:\Users\jonat\PycharmProjects\NSWpropertyData\RawData\DAT\2026\20260615\263_SALES_DATA_NNME_15062026.DAT,2266,1581b97c46b1d2f530b6ba23877a9008ebada863fbeb66aa2f1894569efa351a
2026,2026-06-15,264_SALES_DATA_NNME_15062026.DAT,C:\Users\jonat\PycharmProjects\NSWpropertyData\RawData\DAT\2026\20260615\264_SALES_DATA_NNME_15062026.DAT,15743,a59c16adb27c6ad1a0821f2f9c700d6ec1435f92768d64e19cbb98fc5cc10e83
2026,2026-06-15,265_SALES_DATA_NNME_15062026.DAT,C:\Users\jonat\PycharmProjects\NSWpropertyData\RawData\DAT\2026\20260615\265_SALES_DATA_NNME_15062026.DAT,1515,748396eed64291dad2e05887911230b87635a71c3cd23391f9647e885d336b70
2026,2026-06-15,266_SALES_DATA_NNME_15062026.DAT,C:\Users\jonat\PycharmProjects\NSWpropertyData\RawData\DAT\2026\20260615\266_SALES_DATA_NNME_15062026.DAT,3135,3a52a856115aab3c7a6a63bc3bb5806492c54f80a29d7e00b6a4c04dfe046b7d
2026,2026-06-15,267_SALES_DATA_NNME_15062026.DAT,C:\Users\jonat\PycharmProjects\NSWpropertyData\RawData\DAT\2026\20260615\267_SALES_DATA_NNME_15062026.DAT,20098,3ffd86096d2cb9e2e98b1cd637cadd2d64988cdb2f5c3d6edbd3fb25d5794b73
2026,2026-06-15,268_SALES_DATA_NNME_15062026.DAT,C:\Users\jonat\PycharmProjects\NSWpropertyData\RawData\DAT\2026\20260615\268_SALES_DATA_NNME_15062026.DAT,21039,4724e0420a2880290e4569d71f3b9e6ab7e3f94bf696071e15fc5b90ec4c24c9
2026,2026-06-15,269_SALES_DATA_NNME_15062026.DAT,C:\Users\jonat\PycharmProjects\NSWpropertyData\RawData\DAT\2026\20260615\269_SALES_DATA_NNME_15062026.DAT,4388,c023c8d6d9dd8f0a191dac8ae15d3ac2e2dc9aa0a089862dd79057929c5ef216
2026,2026-06-15,271_SALES_DATA_NNME_15062026.DAT,C:\Users\jonat\PycharmProjects\NSWpropertyData\RawData\DAT\2026\20260615\271_SALES_DATA_NNME_15062026.DAT,35782,3646ed7ecc01ac26d6f58b145295def5cae2bc47b69d1ccec8378b8e91e9810d
2026,2026-06-15,272_SALES_DATA_NNME_15062026.DAT,C:\Users\jonat\PycharmProjects\NSWpropertyData\RawData\DAT\2026\20260615\272_SALES_DATA_NNME_15062026.DAT,12010,c387da98feb939e64215b85c2d339fe08765383703f24e048c1de0220ef61971
2026,2026-06-15,273_SALES_DATA_NNME_15062026.DAT,C:\Users\jonat\PycharmProjects\NSWpropertyData\RawData\DAT\2026\20260615\273_SALES_DATA_NNME_15062026.DAT,5230,d4e8f5fd4eb4edaa08a9ebeac36ed6674f378957e554ae8fc34d53fa720fad47
2026,2026-06-15,274_SALES_DATA_NNME_15062026.DAT,C:\Users\jonat\PycharmProjects\NSWpropertyData\RawData\DAT\2026\20260615\274_SALES_DATA_NNME_15062026.DAT,3213,3b0fac169a35c5a588b8057ca76e51e7fc7f2bc24370dc95f492d423e7a06c8b
2026,2026-06-15,275_SALES_DATA_NNME_15062026.DAT,C:\Users\jonat\PycharmProjects\NSWpropertyData\RawData\DAT\2026\20260615\275_SALES_DATA_NNME_15062026.DAT,10852,180b7bc6b20f3393e1b281835f0077c2db3edaf127bb75911442581fd627e0b9
2026,2026-06-15,276_SALES_DATA_NNME_15062026.DAT,C:\Users\jonat\PycharmProjects\NSWpropertyData\RawData\DAT\2026\20260615\276_SALES_DATA_NNME_15062026.DAT,19269,9173eb46b75ccbba1feae73e6a41b97d2d71079e96099f345d2e71e17a53fa26
2026,2026-06-15,300_SALES_DATA_NNME_15062026.DAT,C:\Users\jonat\PycharmProjects\NSWpropertyData\RawData\DAT\2026\20260615\300_SALES_DATA_NNME_15062026.DAT,859,4098733fd3cffdf057b5db15b38d1a3d7838c58dc74a39a363aff8587257197a
2026,2026-06-15,301_SALES_DATA_NNME_15062026.DAT,C:\Users\jonat\PycharmProjects\NSWpropertyData\RawData\DAT\2026\20260615\301_SALES_DATA_NNME_15062026.DAT,541,7009ea88ff03692c0aefd0efd3e4a0bda8d4971e206a88961986eea41153159b
2026,2026-06-15,302_SALES_DATA_NNME_15062026.DAT,C:\Users\jonat\PycharmProjects\NSWpropertyData\RawData\DAT\2026\20260615\302_SALES_DATA_NNME_15062026.DAT,1910,3b38307037fd3eed854ddfeff67e3e97b6ee22f4baa785412964b8e7e6dadaa2
2026,2026-06-15,303_SALES_DATA_NNME_15062026.DAT,C:\Users\jonat\PycharmProjects\NSWpropertyData\RawData\DAT\2026\20260615\303_SALES_DATA_NNME_15062026.DAT,9949,008c88d078e28fc6f10f7a9e00b3c035c1d16e276d937f509e8a59c0b6b35cbf
2026,2026-06-15,511_SALES_DATA_NNME_15062026.DAT,C:\Users\jonat\PycharmProjects\NSWpropertyData\RawData\DAT\2026\20260615\511_SALES_DATA_NNME_15062026.DAT,2866,1fddcc391d23a7a68061a51b7a65a4e5c52721287c98a3fc53fa7c3e5aeaa45c
2026,2026-06-15,526_SALES_DATA_NNME_15062026.DAT,C:\Users\jonat\PycharmProjects\NSWpropertyData\RawData\DAT\2026\20260615\526_SALES_DATA_NNME_15062026.DAT,2583,5343bd90cb428697d02e464a9af77d766daa2b164bfa4389649532dfc120c1dd
2026,2026-06-15,528_SALES_DATA_NNME_15062026.DAT,C:\Users\jonat\PycharmProjects\NSWpropertyData\RawData\DAT\2026\20260615\528_SALES_DATA_NNME_15062026.DAT,890,fececead11bfa437d2ecac09d9e30ee540ec724fef9ff4df306360173c547c45
2026,2026-06-15,529_SALES_DATA_NNME_15062026.DAT,C:\Users\jonat\PycharmProjects\NSWpropertyData\RawData\DAT\2026\20260615\529_SALES_DATA_NNME_15062026.DAT,6525,a678a75196663ae4b7479531a27f6d8f48a60604766a8e39280488fa8c8d168d
2026,2026-06-15,537_SALES_DATA_NNME_15062026.DAT,C:\Users\jonat\PycharmProjects\NSWpropertyData\RawData\DAT\2026\20260615\537_SALES_DATA_NNME_15062026.DAT,889,354096cdf519c1d2b6aeb543030c894bfc5b2e45f7966bea8dd1f656e0c7a8be
2026,2026-06-15,538_SALES_DATA_NNME_15062026.DAT,C:\Users\jonat\PycharmProjects\NSWpropertyData\RawData\DAT\2026\20260615\538_SALES_DATA_NNME_15062026.DAT,1303,4fc49ef7dc0491e588eae7b0deffe9025caa67ca124fd2941c0e24fbe82201ca
2026,2026-06-15,560_SALES_DATA_NNME_15062026.DAT,C:\Users\jonat\PycharmProjects\NSWpropertyData\RawData\DAT\2026\20260615\560_SALES_DATA_NNME_15062026.DAT,3049,ba9de04c4e401d572801d8d5c0e22594779f8898f0551e6136166e01f8a746c2
2026,2026-06-15,575_SALES_DATA_NNME_15062026.DAT,C:\Users\jonat\PycharmProjects\NSWpropertyData\RawData\DAT\2026\20260615\575_SALES_DATA_NNME_15062026.DAT,11660,89e736b0fa9ce22ec87d9e4b8ab620599dc7206c6a32cc33bfff773c16be0607
2026,2026-06-15,608_SALES_DATA_NNME_15062026.DAT,C:\Users\jonat\PycharmProjects\NSWpropertyData\RawData\DAT\2026\20260615\608_SALES_DATA_NNME_15062026.DAT,7164,2387c60a980a4911b714c71c8efc04b97372b9e7a97b450a955ea476e1de0be8
2026,2026-06-15,620_SALES_DATA_NNME_15062026.DAT,C:\Users\jonat\PycharmProjects\NSWpropertyData\RawData\DAT\2026\20260615\620_SALES_DATA_NNME_15062026.DAT,6446,e10d0e59b6f0229afbf72b7c3c7f13ddc3cfefe8d61cd7cb8d35bb711001ae46
2026,2026-06-15,656_SALES_DATA_NNME_15062026.DAT,C:\Users\jonat\PycharmProjects\NSWpropertyData\RawData\DAT\2026\20260615\656_SALES_DATA_NNME_15062026.DAT,12982,e2db32dc7d682efa0cff14fcadf9bb18044c24297de5bbabebaa5b513c79db67
2026,2026-06-15,666_SALES_DATA_NNME_15062026.DAT,C:\Users\jonat\PycharmProjects\NSWpropertyData\RawData\DAT\2026\20260615\666_SALES_DATA_NNME_15062026.DAT,12453,ddb2ef42acba4b116eb5745a25e52f083ee0390a79678793079e16bf4b516f9d
2026,2026-06-15,708_SALES_DATA_NNME_15062026.DAT,C:\Users\jonat\PycharmProjects\NSWpropertyData\RawData\DAT\2026\20260615\708_SALES_DATA_NNME_15062026.DAT,39592,4832bd0b6c60cdbefe3df7497d4d4695239df9ddf932231273c96cd00e182162
2026,2026-06-22,001_SALES_DATA_NNME_22062026.DAT,C:\Users\jonat\PycharmProjects\NSWpropertyData\RawData\DAT\2026\20260622\001_SALES_DATA_NNME_22062026.DAT,28695,21068837279bafa017ca618a0e8d2faa081dd1057910fc3de0231f168bcf5af0
2026,2026-06-22,002_SALES_DATA_NNME_22062026.DAT,C:\Users\jonat\PycharmProjects\NSWpropertyData\RawData\DAT\2026\20260622\002_SALES_DATA_NNME_22062026.DAT,2765,9a432a628e4c35bf56b6a661b2e64f735614b86c77c8237e779348fc3ad2b84b
2026,2026-06-22,004_SALES_DATA_NNME_22062026.DAT,C:\Users\jonat\PycharmProjects\NSWpropertyData\RawData\DAT\2026\20260622\004_SALES_DATA_NNME_22062026.DAT,26577,2d968dfea6b860120b27e243db289e5e6f3975d0f37c82d885acf0b03939a9ad
2026,2026-06-22,005_SALES_DATA_NNME_22062026.DAT,C:\Users\jonat\PycharmProjects\NSWpropertyData\RawData\DAT\2026\20260622\005_SALES_DATA_NNME_22062026.DAT,15642,2f2dbf463d4d2266db05b90d976ea5b4dd0886e4d09b4a89c335e77d867ae316
2026,2026-06-22,007_SALES_DATA_NNME_22062026.DAT,C:\Users\jonat\PycharmProjects\NSWpropertyData\RawData\DAT\2026\20260622\007_SALES_DATA_NNME_22062026.DAT,4814,e508aab51e2c9a3fd29f32cc2a53132036feb7175cd25992b268fd35cf197da0
2026,2026-06-22,008_SALES_DATA_NNME_22062026.DAT,C:\Users\jonat\PycharmProjects\NSWpropertyData\RawData\DAT\2026\20260622\008_SALES_DATA_NNME_22062026.DAT,25248,96e40f5ce168226c3c54b5325d0274440f4e422f9615e3a753531dde7453b88c
2026,2026-06-22,010_SALES_DATA_NNME_22062026.DAT,C:\Users\jonat\PycharmProjects\NSWpropertyData\RawData\DAT\2026\20260622\010_SALES_DATA_NNME_22062026.DAT,10030,93cb99979dcd8ec1186db1e9b3fbef37aaf00493ae29a977314fcc83c98afe1a
2026,2026-06-22,012_SALES_DATA_NNME_22062026.DAT,C:\Users\jonat\PycharmProjects\NSWpropertyData\RawData\DAT\2026\20260622\012_SALES_DATA_NNME_22062026.DAT,4571,86fe8c48b3c85cdad4710b95bae5550d4e190a64c385d5aac845dd32529e9177
2026,2026-06-22,018_SALES_DATA_NNME_22062026.DAT,C:\Users\jonat\PycharmProjects\NSWpropertyData\RawData\DAT\2026\20260622\018_SALES_DATA_NNME_22062026.DAT,4988,2210b12617555cba278debc585bdc342569c8ae17a9bd211d04740ec10a83e7c
2026,2026-06-22,042_SALES_DATA_NNME_22062026.DAT,C:\Users\jonat\PycharmProjects\NSWpropertyData\RawData\DAT\2026\20260622\042_SALES_DATA_NNME_22062026.DAT,2906,66b18f5c210c1252c58ebf21f0a3787fde3c8cccabdf399996e82b4d73e9f773
2026,2026-06-22,043_SALES_DATA_NNME_22062026.DAT,C:\Users\jonat\PycharmProjects\NSWpropertyData\RawData\DAT\2026\20260622\043_SALES_DATA_NNME_22062026.DAT,1379,acf891e84c1db421f35edbec540f78c656d77f5d7dd38937dea5c43eafe9ce35
2026,2026-06-22,050_SALES_DATA_NNME_22062026.DAT,C:\Users\jonat\PycharmProjects\NSWpropertyData\RawData\DAT\2026\20260622\050_SALES_DATA_NNME_22062026.DAT,8635,a8d04fc127727280b918defb62d93c8c0cc01043e17c8127333d2edda2ae75f2
2026,2026-06-22,051_SALES_DATA_NNME_22062026.DAT,C:\Users\jonat\PycharmProjects\NSWpropertyData\RawData\DAT\2026\20260622\051_SALES_DATA_NNME_22062026.DAT,2038,a1dcb399f7276c39b55197606869fbb084e4b6aaff62723485721279da66605b
2026,2026-06-22,052_SALES_DATA_NNME_22062026.DAT,C:\Users\jonat\PycharmProjects\NSWpropertyData\RawData\DAT\2026\20260622\052_SALES_DATA_NNME_22062026.DAT,331,852014e6ea91d6bc91072d5efb1f9bf7860bb9eebe167a605787355b9098fa9d
2026,2026-06-22,054_SALES_DATA_NNME_22062026.DAT,C:\Users\jonat\PycharmProjects\NSWpropertyData\RawData\DAT\2026\20260622\054_SALES_DATA_NNME_22062026.DAT,940,8f3b202b130ea4894a9804786be0c32935b075d5d035df112921f4e41f831411
2026,2026-06-22,061_SALES_DATA_NNME_22062026.DAT,C:\Users\jonat\PycharmProjects\NSWpropertyData\RawData\DAT\2026\20260622\061_SALES_DATA_NNME_22062026.DAT,2423,95379936896464cf2c34f205eb51086547726d8ffbd2655dcc2ad6cd35768295
2026,2026-06-22,065_SALES_DATA_NNME_22062026.DAT,C:\Users\jonat\PycharmProjects\NSWpropertyData\RawData\DAT\2026\20260622\065_SALES_DATA_NNME_22062026.DAT,2554,2dbd78d49c69f7fc47cae36f7d2016a93625112d18bb8e13da7bd5a5a2bde479
2026,2026-06-22,066_SALES_DATA_NNME_22062026.DAT,C:\Users\jonat\PycharmProjects\NSWpropertyData\RawData\DAT\2026\20260622\066_SALES_DATA_NNME_22062026.DAT,622,26a09a034675d05984f03bc7f6febca1f18d01dbf1db97b0772589ad42127c78
2026,2026-06-22,070_SALES_DATA_NNME_22062026.DAT,C:\Users\jonat\PycharmProjects\NSWpropertyData\RawData\DAT\2026\20260622\070_SALES_DATA_NNME_22062026.DAT,540,6bb0bada9afa74b2cd6688824772eaf3220bf8557a142bcd31ca5d2dee311d4b
2026,2026-06-22,074_SALES_DATA_NNME_22062026.DAT,C:\Users\jonat\PycharmProjects\NSWpropertyData\RawData\DAT\2026\20260622\074_SALES_DATA_NNME_22062026.DAT,2883,c343a1637344ad587b08dfa3aa97b0f7167e1384dbb7d65f7a3fe66564d180c9
2026,2026-06-22,081_SALES_DATA_NNME_22062026.DAT,C:\Users\jonat\PycharmProjects\NSWpropertyData\RawData\DAT\2026\20260622\081_SALES_DATA_NNME_22062026.DAT,55813,dc829b1c2f9743b9d710ad954fb069780523db3a520ec5e507b3c8662884c292
2026,2026-06-22,082_SALES_DATA_NNME_22062026.DAT,C:\Users\jonat\PycharmProjects\NSWpropertyData\RawData\DAT\2026\20260622\082_SALES_DATA_NNME_22062026.DAT,13040,614a4d2223eef7207159f1868a1f21cd04adb84dfdeca1119100d2d67b5ef02a
2026,2026-06-22,083_SALES_DATA_NNME_22062026.DAT,C:\Users\jonat\PycharmProjects\NSWpropertyData\RawData\DAT\2026\20260622\083_SALES_DATA_NNME_22062026.DAT,1333,cacc9ae9882cd2247c8e50e39d3803bc36ae47b9fabd42b821e47d43460361a4
2026,2026-06-22,084_SALES_DATA_NNME_22062026.DAT,C:\Users\jonat\PycharmProjects\NSWpropertyData\RawData\DAT\2026\20260622\084_SALES_DATA_NNME_22062026.DAT,12363,d72816b42998e665649568b26dc250ee1877913b5740cea01e56fa6c14da59d4
2026,2026-06-22,085_SALES_DATA_NNME_22062026.DAT,C:\Users\jonat\PycharmProjects\NSWpropertyData\RawData\DAT\2026\20260622\085_SALES_DATA_NNME_22062026.DAT,5224,21aa5bcf6e18cd25bcdd8c89f9591da1b0058b1761ea9b50c53d6b7a198b1b31
2026,2026-06-22,087_SALES_DATA_NNME_22062026.DAT,C:\Users\jonat\PycharmProjects\NSWpropertyData\RawData\DAT\2026\20260622\087_SALES_DATA_NNME_22062026.DAT,3510,b548654d6568097b7fc9737414da71d890522aab469e9a5676d8afc83aea2604
2026,2026-06-22,088_SALES_DATA_NNME_22062026.DAT,C:\Users\jonat\PycharmProjects\NSWpropertyData\RawData\DAT\2026\20260622\088_SALES_DATA_NNME_22062026.DAT,9784,66bd6e60f08cdc653f5bee3f70a0020301f040d61fc846911fe3f5509ac07a0d
2026,2026-06-22,090_SALES_DATA_NNME_22062026.DAT,C:\Users\jonat\PycharmProjects\NSWpropertyData\RawData\DAT\2026\20260622\090_SALES_DATA_NNME_22062026.DAT,36736,540f24db890d64e77ee79b81164d4aee624d39675ade0f9ccb85b4fb4bbc9f58
2026,2026-06-22,092_SALES_DATA_NNME_22062026.DAT,C:\Users\jonat\PycharmProjects\NSWpropertyData\RawData\DAT\2026\20260622\092_SALES_DATA_NNME_22062026.DAT,5702,8ded22dc66640e01d0bfe2b91dacb76a2c5c1be4eda11f49bee034dadae0a261
2026,2026-06-22,097_SALES_DATA_NNME_22062026.DAT,C:\Users\jonat\PycharmProjects\NSWpropertyData\RawData\DAT\2026\20260622\097_SALES_DATA_NNME_22062026.DAT,5397,ffb8ccd688bc1a0d9fd3ec234234561564b8d625c0fa917c16f4b8d529605d6c
2026,2026-06-22,098_SALES_DATA_NNME_22062026.DAT,C:\Users\jonat\PycharmProjects\NSWpropertyData\RawData\DAT\2026\20260622\098_SALES_DATA_NNME_22062026.DAT,2089,bfe64cff4c8001b55caa04b440dd44ccff624ee65c02f2d108ce45c0c1a577a9
2026,2026-06-22,100_SALES_DATA_NNME_22062026.DAT,C:\Users\jonat\PycharmProjects\NSWpropertyData\RawData\DAT\2026\20260622\100_SALES_DATA_NNME_22062026.DAT,15623,f3e6b8dd0a67294dd1a231f946651e205975538c17864da2d12a5473f1f0f97b
2026,2026-06-22,101_SALES_DATA_NNME_22062026.DAT,C:\Users\jonat\PycharmProjects\NSWpropertyData\RawData\DAT\2026\20260622\101_SALES_DATA_NNME_22062026.DAT,22223,61b756e76c405b5288586366664eb2688af8fcb5aa8b93cfe800ec24a7b7ac62
2026,2026-06-22,102_SALES_DATA_NNME_22062026.DAT,C:\Users\jonat\PycharmProjects\NSWpropertyData\RawData\DAT\2026\20260622\102_SALES_DATA_NNME_22062026.DAT,10525,8c03760b4d6dc3d062f65a9c30698cc5ad3ddf8e2cf003574c10d631e6438971
2026,2026-06-22,103_SALES_DATA_NNME_22062026.DAT,C:\Users\jonat\PycharmProjects\NSWpropertyData\RawData\DAT\2026\20260622\103_SALES_DATA_NNME_22062026.DAT,25119,4b9f349cdf03fb4e68c3d6572d5c7197072cceaeeaff04bff34b11add4ff18e9
2026,2026-06-22,109_SALES_DATA_NNME_22062026.DAT,C:\Users\jonat\PycharmProjects\NSWpropertyData\RawData\DAT\2026\20260622\109_SALES_DATA_NNME_22062026.DAT,2601,82edde72001b6f6655549b563ba469ff26a96281dba3a561009cddfa5edd8ed7
2026,2026-06-22,116_SALES_DATA_NNME_22062026.DAT,C:\Users\jonat\PycharmProjects\NSWpropertyData\RawData\DAT\2026\20260622\116_SALES_DATA_NNME_22062026.DAT,3794,fa92b426596c9a9fae411f632477a0267dbe46a15e349878e6fa570db1084d8b
2026,2026-06-22,117_SALES_DATA_NNME_22062026.DAT,C:\Users\jonat\PycharmProjects\NSWpropertyData\RawData\DAT\2026\20260622\117_SALES_DATA_NNME_22062026.DAT,2642,a784277d9952b0bea7845f0db87a54322a49675f46f52f060f67d400759228c8
2026,2026-06-22,118_SALES_DATA_NNME_22062026.DAT,C:\Users\jonat\PycharmProjects\NSWpropertyData\RawData\DAT\2026\20260622\118_SALES_DATA_NNME_22062026.DAT,369,2ec170cbd3392a91e7bfd0cde3b23450c489185aab2984b58d98e4310eb82ff7
2026,2026-06-22,124_SALES_DATA_NNME_22062026.DAT,C:\Users\jonat\PycharmProjects\NSWpropertyData\RawData\DAT\2026\20260622\124_SALES_DATA_NNME_22062026.DAT,4852,80059052bafe1424f5f085b62518bd56a334315e84561e61f95ea20ce4c94724
2026,2026-06-22,137_SALES_DATA_NNME_22062026.DAT,C:\Users\jonat\PycharmProjects\NSWpropertyData\RawData\DAT\2026\20260622\137_SALES_DATA_NNME_22062026.DAT,4204,6611e337265d987da59769062525477f9c87bef6d44040be52e01cc3c22be0d6
2026,2026-06-22,139_SALES_DATA_NNME_22062026.DAT,C:\Users\jonat\PycharmProjects\NSWpropertyData\RawData\DAT\2026\20260622\139_SALES_DATA_NNME_22062026.DAT,13672,84902c98982eba2f20bf3607e862e26fdf7011ae14d958a030f4d25cf9d92e19
2026,2026-06-22,143_SALES_DATA_NNME_22062026.DAT,C:\Users\jonat\PycharmProjects\NSWpropertyData\RawData\DAT\2026\20260622\143_SALES_DATA_NNME_22062026.DAT,4237,b301a923a5b5ee23bf71497f4e92386589a74a358fa7f1da6d7e0c680eebeb91
2026,2026-06-22,144_SALES_DATA_NNME_22062026.DAT,C:\Users\jonat\PycharmProjects\NSWpropertyData\RawData\DAT\2026\20260622\144_SALES_DATA_NNME_22062026.DAT,29062,1e49026a8fd0aab6eabd11b5343c37230e01a45d40af59b88e4d5f48ecf944c6
2026,2026-06-22,148_SALES_DATA_NNME_22062026.DAT,C:\Users\jonat\PycharmProjects\NSWpropertyData\RawData\DAT\2026\20260622\148_SALES_DATA_NNME_22062026.DAT,5634,2d85e9b507e5679dc3048126c5791dbe29aa1a9a1eb4fe7bbb1a3151432a8a99
2026,2026-06-22,149_SALES_DATA_NNME_22062026.DAT,C:\Users\jonat\PycharmProjects\NSWpropertyData\RawData\DAT\2026\20260622\149_SALES_DATA_NNME_22062026.DAT,1675,1701dae29fb69f59b0d6915c6dfbfc9ae640914ee4b866e92652acd541ab0c7d
2026,2026-06-22,150_SALES_DATA_NNME_22062026.DAT,C:\Users\jonat\PycharmProjects\NSWpropertyData\RawData\DAT\2026\20260622\150_SALES_DATA_NNME_22062026.DAT,5692,e13faffccdd9355783703f23f2cd8f48329bfe9e4ce9f96cc0180e13fe80c2d1
2026,2026-06-22,151_SALES_DATA_NNME_22062026.DAT,C:\Users\jonat\PycharmProjects\NSWpropertyData\RawData\DAT\2026\20260622\151_SALES_DATA_NNME_22062026.DAT,2985,2adf5f1b1fd157e1d40eb8164e7062d0e5b6bee176577cbdfaf05df1d05d3aee
2026,2026-06-22,152_SALES_DATA_NNME_22062026.DAT,C:\Users\jonat\PycharmProjects\NSWpropertyData\RawData\DAT\2026\20260622\152_SALES_DATA_NNME_22062026.DAT,11734,b0de22506195e6d4d43cddc3629d01818e0c695fc736ed08a96c98a534994c83
2026,2026-06-22,157_SALES_DATA_NNME_22062026.DAT,C:\Users\jonat\PycharmProjects\NSWpropertyData\RawData\DAT\2026\20260622\157_SALES_DATA_NNME_22062026.DAT,4865,b4dbebee6ef4048df45b045584b121712158a12fc156d6d5e006b3a5efc80039
2026,2026-06-22,158_SALES_DATA_NNME_22062026.DAT,C:\Users\jonat\PycharmProjects\NSWpropertyData\RawData\DAT\2026\20260622\158_SALES_DATA_NNME_22062026.DAT,3173,97aa38a16c49cc2ec3d3ab4a7e352e643e5b668d05643f898f271fbba9745f44
2026,2026-06-22,159_SALES_DATA_NNME_22062026.DAT,C:\Users\jonat\PycharmProjects\NSWpropertyData\RawData\DAT\2026\20260622\159_SALES_DATA_NNME_22062026.DAT,6375,af687aabca488caaadafbf36677568c7a4d4f64c7ee79a57de270c9ce00048e6
2026,2026-06-22,164_SALES_DATA_NNME_22062026.DAT,C:\Users\jonat\PycharmProjects\NSWpropertyData\RawData\DAT\2026\20260622\164_SALES_DATA_NNME_22062026.DAT,2587,b559c19429384260c3db22fd29411616959f8bf62f08bda52eef7064c18295b0
2026,2026-06-22,171_SALES_DATA_NNME_22062026.DAT,C:\Users\jonat\PycharmProjects\NSWpropertyData\RawData\DAT\2026\20260622\171_SALES_DATA_NNME_22062026.DAT,14366,7a3c054669df448e45c92e65c91dc206c98242eeff0f69048ee1aa3904c3e8e4
2026,2026-06-22,187_SALES_DATA_NNME_22062026.DAT,C:\Users\jonat\PycharmProjects\NSWpropertyData\RawData\DAT\2026\20260622\187_SALES_DATA_NNME_22062026.DAT,1769,52fe5c5056d8c8f30fcf2214e733427eba08817f32245a720de2edf6622581a8
2026,2026-06-22,188_SALES_DATA_NNME_22062026.DAT,C:\Users\jonat\PycharmProjects\NSWpropertyData\RawData\DAT\2026\20260622\188_SALES_DATA_NNME_22062026.DAT,5188,d3c432e95b419eb3caca60f92fe25e98a0420bf50954ca20802786294bf433eb
2026,2026-06-22,192_SALES_DATA_NNME_22062026.DAT,C:\Users\jonat\PycharmProjects\NSWpropertyData\RawData\DAT\2026\20260622\192_SALES_DATA_NNME_22062026.DAT,1352,d5242268226328e10e2a26b6a8a286466a3029368c8062136ed2f13005435a3c
2026,2026-06-22,199_SALES_DATA_NNME_22062026.DAT,C:\Users\jonat\PycharmProjects\NSWpropertyData\RawData\DAT\2026\20260622\199_SALES_DATA_NNME_22062026.DAT,967,6f55d843607ea293cac5cd179bd30fd4102b22a368b465035613c59f755b25b1
2026,2026-06-22,207_SALES_DATA_NNME_22062026.DAT,C:\Users\jonat\PycharmProjects\NSWpropertyData\RawData\DAT\2026\20260622\207_SALES_DATA_NNME_22062026.DAT,10963,95fe0464a790038edce334ad8bffa39cebd201045b4f2447666f1d8914ad9695
2026,2026-06-22,209_SALES_DATA_NNME_22062026.DAT,C:\Users\jonat\PycharmProjects\NSWpropertyData\RawData\DAT\2026\20260622\209_SALES_DATA_NNME_22062026.DAT,10341,f9582ded61c6ff8857e469f560a040e82f8d19b884777768f466d62ac90d5b92
2026,2026-06-22,210_SALES_DATA_NNME_22062026.DAT,C:\Users\jonat\PycharmProjects\NSWpropertyData\RawData\DAT\2026\20260622\210_SALES_DATA_NNME_22062026.DAT,7740,54730d857da8494c2079d4be1369448f415d5f1c3e34a14ef92af2b43cc58cc7
2026,2026-06-22,214_SALES_DATA_NNME_22062026.DAT,C:\Users\jonat\PycharmProjects\NSWpropertyData\RawData\DAT\2026\20260622\214_SALES_DATA_NNME_22062026.DAT,93326,0570de4c15fa29b581c8292be59337584b4cd855774d75eb57ce5e6a41a38040
2026,2026-06-22,216_SALES_DATA_NNME_22062026.DAT,C:\Users\jonat\PycharmProjects\NSWpropertyData\RawData\DAT\2026\20260622\216_SALES_DATA_NNME_22062026.DAT,11929,691dd1f4cc7682716921f413417b8cf759998a588b15a07126928d3e06cd9d21
2026,2026-06-22,217_SALES_DATA_NNME_22062026.DAT,C:\Users\jonat\PycharmProjects\NSWpropertyData\RawData\DAT\2026\20260622\217_SALES_DATA_NNME_22062026.DAT,38304,0ce06ae35acc490d21a109c4dc3622896167fb49a7bdb1c6e8406f5c58fbc935
2026,2026-06-22,218_SALES_DATA_NNME_22062026.DAT,C:\Users\jonat\PycharmProjects\NSWpropertyData\RawData\DAT\2026\20260622\218_SALES_DATA_NNME_22062026.DAT,33996,8cdb165e36f43254e73bf28ab6bef5db4ad9acbbe515b83e6b37609832b2bda7
2026,2026-06-22,219_SALES_DATA_NNME_22062026.DAT,C:\Users\jonat\PycharmProjects\NSWpropertyData\RawData\DAT\2026\20260622\219_SALES_DATA_NNME_22062026.DAT,9283,2b2c0a407590d54006e705f35226a819cc31068d3adec38bc2821bc9b5c279c8
2026,2026-06-22,220_SALES_DATA_NNME_22062026.DAT,C:\Users\jonat\PycharmProjects\NSWpropertyData\RawData\DAT\2026\20260622\220_SALES_DATA_NNME_22062026.DAT,13441,5b7d2bdeda09ec5ca99f159db5a4fd4b5efbb2948f5f991ff166777e72b0fdb5
2026,2026-06-22,222_SALES_DATA_NNME_22062026.DAT,C:\Users\jonat\PycharmProjects\NSWpropertyData\RawData\DAT\2026\20260622\222_SALES_DATA_NNME_22062026.DAT,3592,b53948ba6c43fb5cb6a80f1a1e93efc26c46aa6d63077ddd6727d22d8fce3055
2026,2026-06-22,223_SALES_DATA_NNME_22062026.DAT,C:\Users\jonat\PycharmProjects\NSWpropertyData\RawData\DAT\2026\20260622\223_SALES_DATA_NNME_22062026.DAT,51111,8a3adff020e19dbe39a194f0fd4bc08b135b3ec577a809ca9060a1d20d62a6cb
2026,2026-06-22,224_SALES_DATA_NNME_22062026.DAT,C:\Users\jonat\PycharmProjects\NSWpropertyData\RawData\DAT\2026\20260622\224_SALES_DATA_NNME_22062026.DAT,24542,16cb5ded0258b5ac2201d732ee2b7e30a923632858c2287e2c0a53b6cfbaa34a
2026,2026-06-22,226_SALES_DATA_NNME_22062026.DAT,C:\Users\jonat\PycharmProjects\NSWpropertyData\RawData\DAT\2026\20260622\226_SALES_DATA_NNME_22062026.DAT,29135,b4eebe40dbe48e19d04e5fb1d37757e9611878ee851a5fb08bd0d35b21764d88
2026,2026-06-22,230_SALES_DATA_NNME_22062026.DAT,C:\Users\jonat\PycharmProjects\NSWpropertyData\RawData\DAT\2026\20260622\230_SALES_DATA_NNME_22062026.DAT,338,14d6dde9e1e1f607de78c975acbfe0f9b34e443278ea9e65bc8c411e5d5462b5
2026,2026-06-22,231_SALES_DATA_NNME_22062026.DAT,C:\Users\jonat\PycharmProjects\NSWpropertyData\RawData\DAT\2026\20260622\231_SALES_DATA_NNME_22062026.DAT,586,f375774c156ac4d6397f06cec53134695e97407ed9fcf8d055d07e0e65bbd668
2026,2026-06-22,232_SALES_DATA_NNME_22062026.DAT,C:\Users\jonat\PycharmProjects\NSWpropertyData\RawData\DAT\2026\20260622\232_SALES_DATA_NNME_22062026.DAT,296,7d1dc37026d1d351b43c1142c521d41db04e46c23dc31d3ce2606a2689c08802
2026,2026-06-22,234_SALES_DATA_NNME_22062026.DAT,C:\Users\jonat\PycharmProjects\NSWpropertyData\RawData\DAT\2026\20260622\234_SALES_DATA_NNME_22062026.DAT,4786,07e86d1204ef6def0afd144e38f14e38ba9125b8da4f38656dac66a9dfae1e7e
2026,2026-06-22,235_SALES_DATA_NNME_22062026.DAT,C:\Users\jonat\PycharmProjects\NSWpropertyData\RawData\DAT\2026\20260622\235_SALES_DATA_NNME_22062026.DAT,691,9679919086f69c3d871e4548c62fc23d473ae9fe49a00bcd838f658b47abda2e
2026,2026-06-22,236_SALES_DATA_NNME_22062026.DAT,C:\Users\jonat\PycharmProjects\NSWpropertyData\RawData\DAT\2026\20260622\236_SALES_DATA_NNME_22062026.DAT,1428,20463f3d58f8db5a14ea4598893eca421e340c01736bae965a55006d06c1ed74
2026,2026-06-22,238_SALES_DATA_NNME_22062026.DAT,C:\Users\jonat\PycharmProjects\NSWpropertyData\RawData\DAT\2026\20260622\238_SALES_DATA_NNME_22062026.DAT,349,b29840d2d83ec8e00392db2219dce439516265d1d1253bd234ff956dcf7bd89e
2026,2026-06-22,240_SALES_DATA_NNME_22062026.DAT,C:\Users\jonat\PycharmProjects\NSWpropertyData\RawData\DAT\2026\20260622\240_SALES_DATA_NNME_22062026.DAT,342,098fedca3fa784d99fed28b304a79085714a49e8c0b7a5b8845720988a7e1d5f
2026,2026-06-22,244_SALES_DATA_NNME_22062026.DAT,C:\Users\jonat\PycharmProjects\NSWpropertyData\RawData\DAT\2026\20260622\244_SALES_DATA_NNME_22062026.DAT,1583,11986bdc0a001676888c92c3bef5656db28591e3bff8d9aeab8b316b5ca7e750
2026,2026-06-22,247_SALES_DATA_NNME_22062026.DAT,C:\Users\jonat\PycharmProjects\NSWpropertyData\RawData\DAT\2026\20260622\247_SALES_DATA_NNME_22062026.DAT,1507,551a249b41280c05089b4e6032f3c4e8674190280d9dbe3e3c269ce64cb8a6e4
2026,2026-06-22,250_SALES_DATA_NNME_22062026.DAT,C:\Users\jonat\PycharmProjects\NSWpropertyData\RawData\DAT\2026\20260622\250_SALES_DATA_NNME_22062026.DAT,1835,18335bae420bfc269c2a56bf574a779e12a340b2847ebb8239f761f56199c301
2026,2026-06-22,251_SALES_DATA_NNME_22062026.DAT,C:\Users\jonat\PycharmProjects\NSWpropertyData\RawData\DAT\2026\20260622\251_SALES_DATA_NNME_22062026.DAT,834,bc0ededf68ace9b564359371ae015edf1c66d197af7e662fcb9b8b97f3187c27
2026,2026-06-22,252_SALES_DATA_NNME_22062026.DAT,C:\Users\jonat\PycharmProjects\NSWpropertyData\RawData\DAT\2026\20260622\252_SALES_DATA_NNME_22062026.DAT,1862,4b434e20a25057068881c2c1fcdea97ffa13684f9a1af6437fa87651b0cd23f6
2026,2026-06-22,253_SALES_DATA_NNME_22062026.DAT,C:\Users\jonat\PycharmProjects\NSWpropertyData\RawData\DAT\2026\20260622\253_SALES_DATA_NNME_22062026.DAT,548,2aa8130f472b3b2eee55b7423a1168c6bc613079ce74a1f9ee4d5a28894128f1
2026,2026-06-22,254_SALES_DATA_NNME_22062026.DAT,C:\Users\jonat\PycharmProjects\NSWpropertyData\RawData\DAT\2026\20260622\254_SALES_DATA_NNME_22062026.DAT,291,5e33955feb8913da518141cf14b173c6a1fcad54c7adb3faaf44c6bce016021f
2026,2026-06-22,255_SALES_DATA_NNME_22062026.DAT,C:\Users\jonat\PycharmProjects\NSWpropertyData\RawData\DAT\2026\20260622\255_SALES_DATA_NNME_22062026.DAT,1651,60eac9bd1b195f536b65552889f621beeb335b11b53302d58869ec04e3cc0d7a
2026,2026-06-22,257_SALES_DATA_NNME_22062026.DAT,C:\Users\jonat\PycharmProjects\NSWpropertyData\RawData\DAT\2026\20260622\257_SALES_DATA_NNME_22062026.DAT,4638,4700ef487992faca6d31fc3bacd21f06fc1a8708c7b3a4f354203eab79273f9d
2026,2026-06-22,258_SALES_DATA_NNME_22062026.DAT,C:\Users\jonat\PycharmProjects\NSWpropertyData\RawData\DAT\2026\20260622\258_SALES_DATA_NNME_22062026.DAT,34429,9537c805d3f898b50f4d9ccacd6597b9bd99a5e601231b29a2849015659faa02
2026,2026-06-22,259_SALES_DATA_NNME_22062026.DAT,C:\Users\jonat\PycharmProjects\NSWpropertyData\RawData\DAT\2026\20260622\259_SALES_DATA_NNME_22062026.DAT,75558,44831e17402ee3de2983de68ab84aecceec68363fbd4a85dcbac183dc70c64f6
2026,2026-06-22,260_SALES_DATA_NNME_22062026.DAT,C:\Users\jonat\PycharmProjects\NSWpropertyData\RawData\DAT\2026\20260622\260_SALES_DATA_NNME_22062026.DAT,99656,4f97a50853e9c5e31c6a060ad4381a4a356de78516bcff13533188b758e8a118
2026,2026-06-22,261_SALES_DATA_NNME_22062026.DAT,C:\Users\jonat\PycharmProjects\NSWpropertyData\RawData\DAT\2026\20260622\261_SALES_DATA_NNME_22062026.DAT,29908,815025e8f42ffe4132dcc36e28311c61082ec03a1873cdabb1af10a33fa57ff1
2026,2026-06-22,262_SALES_DATA_NNME_22062026.DAT,C:\Users\jonat\PycharmProjects\NSWpropertyData\RawData\DAT\2026\20260622\262_SALES_DATA_NNME_22062026.DAT,1672,e9b76cfbddd2ed070362c445016bb7288d25bbb3edb309f8968b09fda3c03570
2026,2026-06-22,263_SALES_DATA_NNME_22062026.DAT,C:\Users\jonat\PycharmProjects\NSWpropertyData\RawData\DAT\2026\20260622\263_SALES_DATA_NNME_22062026.DAT,2536,0e3792f6321a524d62f2fe4c3674166d5cec8eaf20bbda58b8154add5cbc2120
2026,2026-06-22,264_SALES_DATA_NNME_22062026.DAT,C:\Users\jonat\PycharmProjects\NSWpropertyData\RawData\DAT\2026\20260622\264_SALES_DATA_NNME_22062026.DAT,13625,b00b11079a266a05bff0887e1d3ad679c0bdb9573dd4bf79b9654c86d910f95c
2026,2026-06-22,265_SALES_DATA_NNME_22062026.DAT,C:\Users\jonat\PycharmProjects\NSWpropertyData\RawData\DAT\2026\20260622\265_SALES_DATA_NNME_22062026.DAT,1530,fe88734ce63529fb97689cb7b705c2a8031e86c9a4897aaa7ff1741dace3a875
2026,2026-06-22,266_SALES_DATA_NNME_22062026.DAT,C:\Users\jonat\PycharmProjects\NSWpropertyData\RawData\DAT\2026\20260622\266_SALES_DATA_NNME_22062026.DAT,3535,518b88f3af2812c2973fb3c000aa60dc798e0155c69b88e93bc69ecee0f0ce0c
2026,2026-06-22,267_SALES_DATA_NNME_22062026.DAT,C:\Users\jonat\PycharmProjects\NSWpropertyData\RawData\DAT\2026\20260622\267_SALES_DATA_NNME_22062026.DAT,23619,5b01ee1dc52c2376baf2f84563b2aab4d1696b87f6e78f1904f0c5c697c82310
2026,2026-06-22,268_SALES_DATA_NNME_22062026.DAT,C:\Users\jonat\PycharmProjects\NSWpropertyData\RawData\DAT\2026\20260622\268_SALES_DATA_NNME_22062026.DAT,18452,deaaac34fb43573a4dd665cdcba33edb9cc184a76d8166320d3c4cae7cd3883b
2026,2026-06-22,269_SALES_DATA_NNME_22062026.DAT,C:\Users\jonat\PycharmProjects\NSWpropertyData\RawData\DAT\2026\20260622\269_SALES_DATA_NNME_22062026.DAT,4884,05f0d7ca253568f4fb0e3e6b3fd774b847adc8c033466136ac4f481a2c22b146
2026,2026-06-22,271_SALES_DATA_NNME_22062026.DAT,C:\Users\jonat\PycharmProjects\NSWpropertyData\RawData\DAT\2026\20260622\271_SALES_DATA_NNME_22062026.DAT,53180,1731f21c748a6e6305228d098e58307fbcc95afdf157b010d121307a346301ad
2026,2026-06-22,272_SALES_DATA_NNME_22062026.DAT,C:\Users\jonat\PycharmProjects\NSWpropertyData\RawData\DAT\2026\20260622\272_SALES_DATA_NNME_22062026.DAT,20257,1f5ce22670452e1531196546f6e56d6c2bf120a1deb4451bf3c9e98dac6fb265
2026,2026-06-22,273_SALES_DATA_NNME_22062026.DAT,C:\Users\jonat\PycharmProjects\NSWpropertyData\RawData\DAT\2026\20260622\273_SALES_DATA_NNME_22062026.DAT,5128,5ec3f57ecd98f30cd53f8ab34ea3e411dfe4844bb03fa880bb87f04a6f0b7c0b
2026,2026-06-22,274_SALES_DATA_NNME_22062026.DAT,C:\Users\jonat\PycharmProjects\NSWpropertyData\RawData\DAT\2026\20260622\274_SALES_DATA_NNME_22062026.DAT,2424,dca2bacde0c577d396848f1245ec4118b0f83cf2ee295e32eaf42eb48033e48f
2026,2026-06-22,275_SALES_DATA_NNME_22062026.DAT,C:\Users\jonat\PycharmProjects\NSWpropertyData\RawData\DAT\2026\20260622\275_SALES_DATA_NNME_22062026.DAT,12420,41e6d81832c8b3fbdd3f0a81f968baad39d8d87f00123f7ce3960b6994e1f0f5
2026,2026-06-22,276_SALES_DATA_NNME_22062026.DAT,C:\Users\jonat\PycharmProjects\NSWpropertyData\RawData\DAT\2026\20260622\276_SALES_DATA_NNME_22062026.DAT,20655,5b66329f5aec4621baca069644be3c2b402a5984735449ed6ffe0dccac3112ee
2026,2026-06-22,300_SALES_DATA_NNME_22062026.DAT,C:\Users\jonat\PycharmProjects\NSWpropertyData\RawData\DAT\2026\20260622\300_SALES_DATA_NNME_22062026.DAT,1204,65336a128bc1dcb54ef759af5108733fe42be373e36f7c854ecd221ef5ce1d67
2026,2026-06-22,301_SALES_DATA_NNME_22062026.DAT,C:\Users\jonat\PycharmProjects\NSWpropertyData\RawData\DAT\2026\20260622\301_SALES_DATA_NNME_22062026.DAT,1066,527224e278fea603e7fa7f026f4d97d9c6f47518f3b5961f803f883e20acfac5
2026,2026-06-22,302_SALES_DATA_NNME_22062026.DAT,C:\Users\jonat\PycharmProjects\NSWpropertyData\RawData\DAT\2026\20260622\302_SALES_DATA_NNME_22062026.DAT,1666,046520be6fa604f7a7c2f4dfb435f4ca76fc80c05c0c44b59f92b5c1eaf10c83
2026,2026-06-22,303_SALES_DATA_NNME_22062026.DAT,C:\Users\jonat\PycharmProjects\NSWpropertyData\RawData\DAT\2026\20260622\303_SALES_DATA_NNME_22062026.DAT,9260,b9c71dec436f858e9f5696aaec8dd72dd68fae55f66efa93137642f869541039
2026,2026-06-22,511_SALES_DATA_NNME_22062026.DAT,C:\Users\jonat\PycharmProjects\NSWpropertyData\RawData\DAT\2026\20260622\511_SALES_DATA_NNME_22062026.DAT,1136,c27400d2b3f7a1dfbfe44d96d04aaacb3e3f0245f235ce7e71204757f284ec61
2026,2026-06-22,526_SALES_DATA_NNME_22062026.DAT,C:\Users\jonat\PycharmProjects\NSWpropertyData\RawData\DAT\2026\20260622\526_SALES_DATA_NNME_22062026.DAT,1545,28d20b81e49c25b588d4480eb77d5b100e1e47bec9340ffe93383793e3f7c07c
2026,2026-06-22,528_SALES_DATA_NNME_22062026.DAT,C:\Users\jonat\PycharmProjects\NSWpropertyData\RawData\DAT\2026\20260622\528_SALES_DATA_NNME_22062026.DAT,2743,98280a1d0e9c31d22dc28c4546435b1fdc28a6de6d657ecd82c784bf89431677
2026,2026-06-22,529_SALES_DATA_NNME_22062026.DAT,C:\Users\jonat\PycharmProjects\NSWpropertyData\RawData\DAT\2026\20260622\529_SALES_DATA_NNME_22062026.DAT,7630,295edc1fad79a539a8eb7818e7a2f498940d49b25b5f568c8a5d33df6850ee9c
2026,2026-06-22,537_SALES_DATA_NNME_22062026.DAT,C:\Users\jonat\PycharmProjects\NSWpropertyData\RawData\DAT\2026\20260622\537_SALES_DATA_NNME_22062026.DAT,1425,8ed5d786b8553504a5ccb4cc2321ab57b27fc39471ba7a536b2d876ea32a65ff
2026,2026-06-22,538_SALES_DATA_NNME_22062026.DAT,C:\Users\jonat\PycharmProjects\NSWpropertyData\RawData\DAT\2026\20260622\538_SALES_DATA_NNME_22062026.DAT,335,29daf9817ef5dcccdc8a9728ba1e111af7715ad0847c4ec6f1bf4933a6e89f22
2026,2026-06-22,560_SALES_DATA_NNME_22062026.DAT,C:\Users\jonat\PycharmProjects\NSWpropertyData\RawData\DAT\2026\20260622\560_SALES_DATA_NNME_22062026.DAT,1895,8d531739afcbbeb3a8ebee63775bc00aa62795af50e44df8a2a3f5b6e82e25bc
2026,2026-06-22,575_SALES_DATA_NNME_22062026.DAT,C:\Users\jonat\PycharmProjects\NSWpropertyData\RawData\DAT\2026\20260622\575_SALES_DATA_NNME_22062026.DAT,9702,9cba4b54026000efb4d4d05046aaafe0bcca9d3d33111b1b05475c8367f7ae1b
2026,2026-06-22,608_SALES_DATA_NNME_22062026.DAT,C:\Users\jonat\PycharmProjects\NSWpropertyData\RawData\DAT\2026\20260622\608_SALES_DATA_NNME_22062026.DAT,8483,d14e9451ca5d1e2087c53931399d7f8cd9f2cb7e5b24575f03d4937276853f85
2026,2026-06-22,620_SALES_DATA_NNME_22062026.DAT,C:\Users\jonat\PycharmProjects\NSWpropertyData\RawData\DAT\2026\20260622\620_SALES_DATA_NNME_22062026.DAT,9843,6a957869074871f80b130214c78d6e8b58d9de118df00210bbeb3e4d406e0445
2026,2026-06-22,656_SALES_DATA_NNME_22062026.DAT,C:\Users\jonat\PycharmProjects\NSWpropertyData\RawData\DAT\2026\20260622\656_SALES_DATA_NNME_22062026.DAT,10944,6321302ad6a9d358aee73f858e4ceb810c3b49f2ccb949c319396261dfb36403
2026,2026-06-22,666_SALES_DATA_NNME_22062026.DAT,C:\Users\jonat\PycharmProjects\NSWpropertyData\RawData\DAT\2026\20260622\666_SALES_DATA_NNME_22062026.DAT,9737,88bd37a283b8253206fbfbe14538029def4645ae44c95a51add19a0dc0307dfb
2026,2026-06-22,708_SALES_DATA_NNME_22062026.DAT,C:\Users\jonat\PycharmProjects\NSWpropertyData\RawData\DAT\2026\20260622\708_SALES_DATA_NNME_22062026.DAT,60049,d8b3dd058d4a62dcf7f4fbdd92d0667fc20ab637f92b6736f530c0444360c8a9
2026,2026-06-29,001_SALES_DATA_NNME_29062026.DAT,C:\Users\jonat\PycharmProjects\NSWpropertyData\RawData\DAT\2026\20260629\001_SALES_DATA_NNME_29062026.DAT,16797,53f7726c6c4174edece82aac10cdb757477b5836e19c3d550816b9dd64f2d877
2026,2026-06-29,002_SALES_DATA_NNME_29062026.DAT,C:\Users\jonat\PycharmProjects\NSWpropertyData\RawData\DAT\2026\20260629\002_SALES_DATA_NNME_29062026.DAT,1092,61bb7fc184d7524f0cba0c687fc7f8aaec87bc9eb9bb65686e7e94453738e200
2026,2026-06-29,004_SALES_DATA_NNME_29062026.DAT,C:\Users\jonat\PycharmProjects\NSWpropertyData\RawData\DAT\2026\20260629\004_SALES_DATA_NNME_29062026.DAT,31528,f63223cb16f67ff1ac0b077836709422c3a3ce2cf7202c45c29c82de81ece1a5
2026,2026-06-29,005_SALES_DATA_NNME_29062026.DAT,C:\Users\jonat\PycharmProjects\NSWpropertyData\RawData\DAT\2026\20260629\005_SALES_DATA_NNME_29062026.DAT,17189,67e41338e1283146ab7e5a4b68738ff7ed4c1b43c7410e2680fa78585992add0
2026,2026-06-29,007_SALES_DATA_NNME_29062026.DAT,C:\Users\jonat\PycharmProjects\NSWpropertyData\RawData\DAT\2026\20260629\007_SALES_DATA_NNME_29062026.DAT,2987,698b701fc41aaae93de5c09bc6a86cbf143bf47e674293883e928778bf23beb3
2026,2026-06-29,008_SALES_DATA_NNME_29062026.DAT,C:\Users\jonat\PycharmProjects\NSWpropertyData\RawData\DAT\2026\20260629\008_SALES_DATA_NNME_29062026.DAT,35750,15bc01fa1f5f0203408b79e762f0daef177aee82bcc42ce6a747033411647c07
2026,2026-06-29,010_SALES_DATA_NNME_29062026.DAT,C:\Users\jonat\PycharmProjects\NSWpropertyData\RawData\DAT\2026\20260629\010_SALES_DATA_NNME_29062026.DAT,12225,11555e42918c4a617519d29c341e00f22ef4d8cfcf43ce9fb7db2fe4da1d6605
2026,2026-06-29,012_SALES_DATA_NNME_29062026.DAT,C:\Users\jonat\PycharmProjects\NSWpropertyData\RawData\DAT\2026\20260629\012_SALES_DATA_NNME_29062026.DAT,5179,a4e4025765ff7518f298d3f64ce0a80812d19e6886bd7c1f869c890031c7bb6e
2026,2026-06-29,018_SALES_DATA_NNME_29062026.DAT,C:\Users\jonat\PycharmProjects\NSWpropertyData\RawData\DAT\2026\20260629\018_SALES_DATA_NNME_29062026.DAT,5285,f22544ef5b58efd43348f6bb51a955ccfe544ddb26104d2fccd70746188fadaf
2026,2026-06-29,042_SALES_DATA_NNME_29062026.DAT,C:\Users\jonat\PycharmProjects\NSWpropertyData\RawData\DAT\2026\20260629\042_SALES_DATA_NNME_29062026.DAT,893,001a93e19befcec6377062eaf70d1c7bbb9f847c84cba48d8826db6247b0614a
2026,2026-06-29,043_SALES_DATA_NNME_29062026.DAT,C:\Users\jonat\PycharmProjects\NSWpropertyData\RawData\DAT\2026\20260629\043_SALES_DATA_NNME_29062026.DAT,1030,69adbcb1060ae73938710157a1817fc64bb7c1e02f14929e7abee89c7a5cdcd7
2026,2026-06-29,050_SALES_DATA_NNME_29062026.DAT,C:\Users\jonat\PycharmProjects\NSWpropertyData\RawData\DAT\2026\20260629\050_SALES_DATA_NNME_29062026.DAT,14059,bcb7480d013cc1e6a067036ea2e424a6a019f6c1edb0ccf27151521fcc8b581e
2026,2026-06-29,051_SALES_DATA_NNME_29062026.DAT,C:\Users\jonat\PycharmProjects\NSWpropertyData\RawData\DAT\2026\20260629\051_SALES_DATA_NNME_29062026.DAT,1574,8ee517a008653fd14d765f5de319c696d0b03ea620748d66c5fec157acff7412
2026,2026-06-29,052_SALES_DATA_NNME_29062026.DAT,C:\Users\jonat\PycharmProjects\NSWpropertyData\RawData\DAT\2026\20260629\052_SALES_DATA_NNME_29062026.DAT,2105,dc7325de7b183832d546112be1e13c4df01963a7ab2e658ae96b7ca86589dd2c
2026,2026-06-29,054_SALES_DATA_NNME_29062026.DAT,C:\Users\jonat\PycharmProjects\NSWpropertyData\RawData\DAT\2026\20260629\054_SALES_DATA_NNME_29062026.DAT,1106,0e03fb09610e8f28fa5be083428531ffbd0bdd9269c3a8a9abd5aa56a2f79a81
2026,2026-06-29,061_SALES_DATA_NNME_29062026.DAT,C:\Users\jonat\PycharmProjects\NSWpropertyData\RawData\DAT\2026\20260629\061_SALES_DATA_NNME_29062026.DAT,864,765eb3646dfa6d5fbe893996b98436a47693bb799d9d9d43970eb4c31c49bb92
2026,2026-06-29,065_SALES_DATA_NNME_29062026.DAT,C:\Users\jonat\PycharmProjects\NSWpropertyData\RawData\DAT\2026\20260629\065_SALES_DATA_NNME_29062026.DAT,2338,e0430ed88de8d4960bce23584145ed067b1078f8c651fe2df833aee6491c133e
2026,2026-06-29,066_SALES_DATA_NNME_29062026.DAT,C:\Users\jonat\PycharmProjects\NSWpropertyData\RawData\DAT\2026\20260629\066_SALES_DATA_NNME_29062026.DAT,579,77ebee6b4d704ebf95d484ad82694d9a856a6be4d0c7342fa43c1a58e9a402b2
2026,2026-06-29,070_SALES_DATA_NNME_29062026.DAT,C:\Users\jonat\PycharmProjects\NSWpropertyData\RawData\DAT\2026\20260629\070_SALES_DATA_NNME_29062026.DAT,774,a02e3c3bc263629f5e70fc1b219984d954ff8239bd6ca3c003be60bd1793f195
2026,2026-06-29,074_SALES_DATA_NNME_29062026.DAT,C:\Users\jonat\PycharmProjects\NSWpropertyData\RawData\DAT\2026\20260629\074_SALES_DATA_NNME_29062026.DAT,3568,aba2b41c99d0a00e0b481c80aa9784262c444e48d355ca10681fcc04e854f9f7
2026,2026-06-29,081_SALES_DATA_NNME_29062026.DAT,C:\Users\jonat\PycharmProjects\NSWpropertyData\RawData\DAT\2026\20260629\081_SALES_DATA_NNME_29062026.DAT,68625,15f44b5c2181708be984499d293bf26bcc0e2040840e0f013c34dce314326050
2026,2026-06-29,082_SALES_DATA_NNME_29062026.DAT,C:\Users\jonat\PycharmProjects\NSWpropertyData\RawData\DAT\2026\20260629\082_SALES_DATA_NNME_29062026.DAT,12144,c8b33040c3450d6c1320136a2eceed7f2898e54705508fa8b47d8766f949865a
2026,2026-06-29,083_SALES_DATA_NNME_29062026.DAT,C:\Users\jonat\PycharmProjects\NSWpropertyData\RawData\DAT\2026\20260629\083_SALES_DATA_NNME_29062026.DAT,2545,fac7f466cdf10d9f55089889aed8951b2a8413919bf2042f40945074c47167a1
2026,2026-06-29,084_SALES_DATA_NNME_29062026.DAT,C:\Users\jonat\PycharmProjects\NSWpropertyData\RawData\DAT\2026\20260629\084_SALES_DATA_NNME_29062026.DAT,14204,0e297dd0167471321d032bab83f6f09a48076e0018150bcac0e3da4b62c73f6b
2026,2026-06-29,085_SALES_DATA_NNME_29062026.DAT,C:\Users\jonat\PycharmProjects\NSWpropertyData\RawData\DAT\2026\20260629\085_SALES_DATA_NNME_29062026.DAT,4559,9d9d1c976885b7e78d1934541d64e6ab9efdeae66120dc90563bff54b191204c
2026,2026-06-29,087_SALES_DATA_NNME_29062026.DAT,C:\Users\jonat\PycharmProjects\NSWpropertyData\RawData\DAT\2026\20260629\087_SALES_DATA_NNME_29062026.DAT,2140,4fd291131e52cea27d5776ba016b7225ed58ae49dfd34bca5e8db83305b1e398
2026,2026-06-29,088_SALES_DATA_NNME_29062026.DAT,C:\Users\jonat\PycharmProjects\NSWpropertyData\RawData\DAT\2026\20260629\088_SALES_DATA_NNME_29062026.DAT,12312,9b0b9b034c01413b63c2cacd25cd3115352e58703aab40aa63b6c40834906b61
2026,2026-06-29,090_SALES_DATA_NNME_29062026.DAT,C:\Users\jonat\PycharmProjects\NSWpropertyData\RawData\DAT\2026\20260629\090_SALES_DATA_NNME_29062026.DAT,45755,d33d41d12d6b4c7118d54ad21048f8f2d8d36599ced56578ed4a3f3c1c444e83
2026,2026-06-29,092_SALES_DATA_NNME_29062026.DAT,C:\Users\jonat\PycharmProjects\NSWpropertyData\RawData\DAT\2026\20260629\092_SALES_DATA_NNME_29062026.DAT,8684,fded068427279dbde93b4157ace29ed5868e9851a6b229e51f4720250c75eeff
2026,2026-06-29,097_SALES_DATA_NNME_29062026.DAT,C:\Users\jonat\PycharmProjects\NSWpropertyData\RawData\DAT\2026\20260629\097_SALES_DATA_NNME_29062026.DAT,6268,c62222c11f38be994362db2061ea6882b4a17241960e97abb9795b3cf4babf32
2026,2026-06-29,098_SALES_DATA_NNME_29062026.DAT,C:\Users\jonat\PycharmProjects\NSWpropertyData\RawData\DAT\2026\20260629\098_SALES_DATA_NNME_29062026.DAT,3024,3445e780712c99cfbdd3f7c437441d4578bb784c5f96e9d5a270d47079006f90
2026,2026-06-29,100_SALES_DATA_NNME_29062026.DAT,C:\Users\jonat\PycharmProjects\NSWpropertyData\RawData\DAT\2026\20260629\100_SALES_DATA_NNME_29062026.DAT,15410,1f225fb3c684e9ec1b2f99bc998c1a3bd391f54fceb9f7a56bfd4fdea17c7ca4
2026,2026-06-29,101_SALES_DATA_NNME_29062026.DAT,C:\Users\jonat\PycharmProjects\NSWpropertyData\RawData\DAT\2026\20260629\101_SALES_DATA_NNME_29062026.DAT,20115,2139efd3c7a569312842fdd5ac2471821e653688d72baac17844a90d83449c49
2026,2026-06-29,102_SALES_DATA_NNME_29062026.DAT,C:\Users\jonat\PycharmProjects\NSWpropertyData\RawData\DAT\2026\20260629\102_SALES_DATA_NNME_29062026.DAT,8966,6354bc2d81faf1ac171cd5f2da5de5b99a51ed0e1b65e518488381584d35fae0
2026,2026-06-29,103_SALES_DATA_NNME_29062026.DAT,C:\Users\jonat\PycharmProjects\NSWpropertyData\RawData\DAT\2026\20260629\103_SALES_DATA_NNME_29062026.DAT,36445,fa9d35ff723ba689553015344b006f88dd34ad0230762c8d0deade49ba9093d8
2026,2026-06-29,109_SALES_DATA_NNME_29062026.DAT,C:\Users\jonat\PycharmProjects\NSWpropertyData\RawData\DAT\2026\20260629\109_SALES_DATA_NNME_29062026.DAT,2564,8039c972e67b3898eb88fe52cc03b56476127df8c00ac78a897d3a1cf4d8f99b
2026,2026-06-29,116_SALES_DATA_NNME_29062026.DAT,C:\Users\jonat\PycharmProjects\NSWpropertyData\RawData\DAT\2026\20260629\116_SALES_DATA_NNME_29062026.DAT,4634,6e44e59c7ad1e13f643f12bb6fdf219c727ab89728bea21819d9d449f779d16a
2026,2026-06-29,117_SALES_DATA_NNME_29062026.DAT,C:\Users\jonat\PycharmProjects\NSWpropertyData\RawData\DAT\2026\20260629\117_SALES_DATA_NNME_29062026.DAT,4019,9b7a8ce8683b6e3d66bd7aa6d4913096a9c21c75c7ecd87ad5538c029d0d19ab
2026,2026-06-29,118_SALES_DATA_NNME_29062026.DAT,C:\Users\jonat\PycharmProjects\NSWpropertyData\RawData\DAT\2026\20260629\118_SALES_DATA_NNME_29062026.DAT,1568,b4fd6c257917fb414c8aa09baa9a06adeeb49547154fbb69b10c1d9f3ef20df2
2026,2026-06-29,123_SALES_DATA_NNME_29062026.DAT,C:\Users\jonat\PycharmProjects\NSWpropertyData\RawData\DAT\2026\20260629\123_SALES_DATA_NNME_29062026.DAT,2137,a90749850de4ba6ce7012059a704f5a80daa70e7d8d220ae098d28333b1a6fc5
2026,2026-06-29,124_SALES_DATA_NNME_29062026.DAT,C:\Users\jonat\PycharmProjects\NSWpropertyData\RawData\DAT\2026\20260629\124_SALES_DATA_NNME_29062026.DAT,10428,9948ef000311a46b196c9b3518d65c420314e46bc1429fb1a2d6da2ea297477d
2026,2026-06-29,137_SALES_DATA_NNME_29062026.DAT,C:\Users\jonat\PycharmProjects\NSWpropertyData\RawData\DAT\2026\20260629\137_SALES_DATA_NNME_29062026.DAT,3858,0b11938dd02a4cab3329857d03e36e9e42dca42d7fb55828ffd08f6768742623
2026,2026-06-29,139_SALES_DATA_NNME_29062026.DAT,C:\Users\jonat\PycharmProjects\NSWpropertyData\RawData\DAT\2026\20260629\139_SALES_DATA_NNME_29062026.DAT,12637,da0c3ea712b0b5bbc40a49f576b4c03be99876766c284b70354d822071a02844
2026,2026-06-29,143_SALES_DATA_NNME_29062026.DAT,C:\Users\jonat\PycharmProjects\NSWpropertyData\RawData\DAT\2026\20260629\143_SALES_DATA_NNME_29062026.DAT,5288,bc18c98bc3a43501c535c7bc7055ea20d647e3c61f39f27c3e741d167a8359fd
2026,2026-06-29,144_SALES_DATA_NNME_29062026.DAT,C:\Users\jonat\PycharmProjects\NSWpropertyData\RawData\DAT\2026\20260629\144_SALES_DATA_NNME_29062026.DAT,30089,a841d8b894effadf52fc5dcdaceb513bd7ad5aa7f3cba4acb37ba4cb698c9f21
2026,2026-06-29,148_SALES_DATA_NNME_29062026.DAT,C:\Users\jonat\PycharmProjects\NSWpropertyData\RawData\DAT\2026\20260629\148_SALES_DATA_NNME_29062026.DAT,5815,1380902edd3e33cc448154f9933f42e565a2e13b22d5df405656c2e586bd5bad
2026,2026-06-29,149_SALES_DATA_NNME_29062026.DAT,C:\Users\jonat\PycharmProjects\NSWpropertyData\RawData\DAT\2026\20260629\149_SALES_DATA_NNME_29062026.DAT,843,23b282cdf0a46c9a2d0f22684a0c407517573a9e61359e42ec5e4aa7d212c8c6
2026,2026-06-29,150_SALES_DATA_NNME_29062026.DAT,C:\Users\jonat\PycharmProjects\NSWpropertyData\RawData\DAT\2026\20260629\150_SALES_DATA_NNME_29062026.DAT,6706,c0a18d016f14a72774211b3178c5d2cf7a78c31bc175bfb43298ee1d9c2a31fc
2026,2026-06-29,151_SALES_DATA_NNME_29062026.DAT,C:\Users\jonat\PycharmProjects\NSWpropertyData\RawData\DAT\2026\20260629\151_SALES_DATA_NNME_29062026.DAT,3742,b12f8f6e373bce397e58a38d34caaa2515d421eb727e34738a702177bdfb8019
2026,2026-06-29,152_SALES_DATA_NNME_29062026.DAT,C:\Users\jonat\PycharmProjects\NSWpropertyData\RawData\DAT\2026\20260629\152_SALES_DATA_NNME_29062026.DAT,15613,f0cabd2d17b86ad50769cf209d25efe983da62b450348ef0ae9a5c5f7c59eb91
2026,2026-06-29,157_SALES_DATA_NNME_29062026.DAT,C:\Users\jonat\PycharmProjects\NSWpropertyData\RawData\DAT\2026\20260629\157_SALES_DATA_NNME_29062026.DAT,4880,9318026cd203daf945ebf66919e1ff3564a8e0c8a1f07ffd49c8468ccfb5f60b
2026,2026-06-29,158_SALES_DATA_NNME_29062026.DAT,C:\Users\jonat\PycharmProjects\NSWpropertyData\RawData\DAT\2026\20260629\158_SALES_DATA_NNME_29062026.DAT,3466,05efb69dfc451dfe262c0d0f629496731abe30d49e17b8de56196e38db2c83f1
2026,2026-06-29,159_SALES_DATA_NNME_29062026.DAT,C:\Users\jonat\PycharmProjects\NSWpropertyData\RawData\DAT\2026\20260629\159_SALES_DATA_NNME_29062026.DAT,8925,3d62001d8afd9869595edf4647b08e625cf6dda9ce247ec03290592fe155e6d3
2026,2026-06-29,164_SALES_DATA_NNME_29062026.DAT,C:\Users\jonat\PycharmProjects\NSWpropertyData\RawData\DAT\2026\20260629\164_SALES_DATA_NNME_29062026.DAT,1480,906c7ee68d1e47468882569eb8cbbd213bd8f0af57cc104bf0bbcaff8b269690
2026,2026-06-29,171_SALES_DATA_NNME_29062026.DAT,C:\Users\jonat\PycharmProjects\NSWpropertyData\RawData\DAT\2026\20260629\171_SALES_DATA_NNME_29062026.DAT,16109,527f87e08f49b105b26aeb419bb5477fbb29b6e8941fa392113e2078e7949524
2026,2026-06-29,187_SALES_DATA_NNME_29062026.DAT,C:\Users\jonat\PycharmProjects\NSWpropertyData\RawData\DAT\2026\20260629\187_SALES_DATA_NNME_29062026.DAT,4355,666a0ecae5b55dca50a380218a405ffcd4ee8c1ebfcaf82303f022667e3dfebc
2026,2026-06-29,188_SALES_DATA_NNME_29062026.DAT,C:\Users\jonat\PycharmProjects\NSWpropertyData\RawData\DAT\2026\20260629\188_SALES_DATA_NNME_29062026.DAT,2855,a1dc88ed2e144bfb19e770b53e0d4151b39e63e97d525a8f3aafa100675babd5
2026,2026-06-29,192_SALES_DATA_NNME_29062026.DAT,C:\Users\jonat\PycharmProjects\NSWpropertyData\RawData\DAT\2026\20260629\192_SALES_DATA_NNME_29062026.DAT,616,30358490368fcc92dee790ca061482a6cb4011d9a2e78cb749f21c584b5d00b0
2026,2026-06-29,199_SALES_DATA_NNME_29062026.DAT,C:\Users\jonat\PycharmProjects\NSWpropertyData\RawData\DAT\2026\20260629\199_SALES_DATA_NNME_29062026.DAT,905,e551b5ccd435e0cb02c8c18b2ed8e06793d12eb862862a47543c2f58e3e85fb2
2026,2026-06-29,207_SALES_DATA_NNME_29062026.DAT,C:\Users\jonat\PycharmProjects\NSWpropertyData\RawData\DAT\2026\20260629\207_SALES_DATA_NNME_29062026.DAT,25170,6e53d347e85b1b336ed9f1bb54f194fd55912291559f5b8750c808454af27ec5
2026,2026-06-29,209_SALES_DATA_NNME_29062026.DAT,C:\Users\jonat\PycharmProjects\NSWpropertyData\RawData\DAT\2026\20260629\209_SALES_DATA_NNME_29062026.DAT,7515,86bbebdfd87ec336b499dd89a49eca92f74d241fc4575ab8b42d81d01e85f121
2026,2026-06-29,210_SALES_DATA_NNME_29062026.DAT,C:\Users\jonat\PycharmProjects\NSWpropertyData\RawData\DAT\2026\20260629\210_SALES_DATA_NNME_29062026.DAT,10990,329a969229e4c6497bc7a6f2dc3b2115b3852105e329ef972b10ebb4079720f7
2026,2026-06-29,214_SALES_DATA_NNME_29062026.DAT,C:\Users\jonat\PycharmProjects\NSWpropertyData\RawData\DAT\2026\20260629\214_SALES_DATA_NNME_29062026.DAT,118380,aea71a4eed1404b6255ab84a7083ebe220c59422dbc0307625cfa116ea010434
2026,2026-06-29,216_SALES_DATA_NNME_29062026.DAT,C:\Users\jonat\PycharmProjects\NSWpropertyData\RawData\DAT\2026\20260629\216_SALES_DATA_NNME_29062026.DAT,14399,b81ff1418511a203a57147962fee47e5e2d6879c6226239cb65fc47eb845e36f
2026,2026-06-29,217_SALES_DATA_NNME_29062026.DAT,C:\Users\jonat\PycharmProjects\NSWpropertyData\RawData\DAT\2026\20260629\217_SALES_DATA_NNME_29062026.DAT,40482,cdb498b92acfa7376327a80d3276ad547e5d1ef628c15e85f3f20a1a2c00e1a1
2026,2026-06-29,218_SALES_DATA_NNME_29062026.DAT,C:\Users\jonat\PycharmProjects\NSWpropertyData\RawData\DAT\2026\20260629\218_SALES_DATA_NNME_29062026.DAT,55684,7c8ec821b3af5227b1bd4356ed34de03a7dca9cdc23086f1a03562edf2b84196
2026,2026-06-29,219_SALES_DATA_NNME_29062026.DAT,C:\Users\jonat\PycharmProjects\NSWpropertyData\RawData\DAT\2026\20260629\219_SALES_DATA_NNME_29062026.DAT,10710,29ee235cde04b3525fe42d964fa82d59eaeed5f2a7aba64162b0d48fe536ae35
2026,2026-06-29,220_SALES_DATA_NNME_29062026.DAT,C:\Users\jonat\PycharmProjects\NSWpropertyData\RawData\DAT\2026\20260629\220_SALES_DATA_NNME_29062026.DAT,20491,513e8d4866e3e9ef3bcb2c6b3d150d3c6467b59636b8e9bcb8fd91648af3d559
2026,2026-06-29,222_SALES_DATA_NNME_29062026.DAT,C:\Users\jonat\PycharmProjects\NSWpropertyData\RawData\DAT\2026\20260629\222_SALES_DATA_NNME_29062026.DAT,2517,48c7c44195addbc71ab3684cf32146e4405ab779273ba7746643876f34035c58
2026,2026-06-29,223_SALES_DATA_NNME_29062026.DAT,C:\Users\jonat\PycharmProjects\NSWpropertyData\RawData\DAT\2026\20260629\223_SALES_DATA_NNME_29062026.DAT,44430,48f5cd905438c8bb768c4433356c04c306aa6275e02c48d42311986fd7c20631
2026,2026-06-29,224_SALES_DATA_NNME_29062026.DAT,C:\Users\jonat\PycharmProjects\NSWpropertyData\RawData\DAT\2026\20260629\224_SALES_DATA_NNME_29062026.DAT,17375,664464e417b6d27cbe7176ab113d9bca91b7057bb7db398b271c6f7f11797b23
2026,2026-06-29,226_SALES_DATA_NNME_29062026.DAT,C:\Users\jonat\PycharmProjects\NSWpropertyData\RawData\DAT\2026\20260629\226_SALES_DATA_NNME_29062026.DAT,24224,a6ae2dd34e81c46228c04a1d3c21beba89836d2e25e083fa2d4ab67f09bdaeb9
2026,2026-06-29,230_SALES_DATA_NNME_29062026.DAT,C:\Users\jonat\PycharmProjects\NSWpropertyData\RawData\DAT\2026\20260629\230_SALES_DATA_NNME_29062026.DAT,653,79531c14b0965f91e771ca77995c22ccf9902436b628f1a7a491f6ab121cf8bf
2026,2026-06-29,231_SALES_DATA_NNME_29062026.DAT,C:\Users\jonat\PycharmProjects\NSWpropertyData\RawData\DAT\2026\20260629\231_SALES_DATA_NNME_29062026.DAT,2461,43a6aec4c89e2c88c2c349d12493d25b0e17e23db804d83ee433875411b6e522
2026,2026-06-29,232_SALES_DATA_NNME_29062026.DAT,C:\Users\jonat\PycharmProjects\NSWpropertyData\RawData\DAT\2026\20260629\232_SALES_DATA_NNME_29062026.DAT,556,e5141a0993e620235e251e11ac082f3036b50e0ed3dfc119ea4f965a254be3f1
2026,2026-06-29,233_SALES_DATA_NNME_29062026.DAT,C:\Users\jonat\PycharmProjects\NSWpropertyData\RawData\DAT\2026\20260629\233_SALES_DATA_NNME_29062026.DAT,302,5bfa14de049c0ed41d3806ff1794d91aa12ddf30fae61828fa28c41d6884caa0
2026,2026-06-29,234_SALES_DATA_NNME_29062026.DAT,C:\Users\jonat\PycharmProjects\NSWpropertyData\RawData\DAT\2026\20260629\234_SALES_DATA_NNME_29062026.DAT,3716,b7f5481f043a02a3f93a0616e9c70380999e38ba79cb1931480b6d21941c9f25
2026,2026-06-29,235_SALES_DATA_NNME_29062026.DAT,C:\Users\jonat\PycharmProjects\NSWpropertyData\RawData\DAT\2026\20260629\235_SALES_DATA_NNME_29062026.DAT,410,bf3437f72011563a7eb388cb7c3bad29a1e583a96077c41265402bbf2090ff9f
2026,2026-06-29,236_SALES_DATA_NNME_29062026.DAT,C:\Users\jonat\PycharmProjects\NSWpropertyData\RawData\DAT\2026\20260629\236_SALES_DATA_NNME_29062026.DAT,868,9341aec91233c75bca6aa036a6c07090f3be02ceb198a9c1c3a10ce45fd48117
2026,2026-06-29,238_SALES_DATA_NNME_29062026.DAT,C:\Users\jonat\PycharmProjects\NSWpropertyData\RawData\DAT\2026\20260629\238_SALES_DATA_NNME_29062026.DAT,8022,ca67892b8c23ada0ebfa8916fb870a2f8f17b364079f36c3c16764088d377ba0
2026,2026-06-29,239_SALES_DATA_NNME_29062026.DAT,C:\Users\jonat\PycharmProjects\NSWpropertyData\RawData\DAT\2026\20260629\239_SALES_DATA_NNME_29062026.DAT,988,08a64f27c7b3196ead359f8421205e676693cce099cd9acd9d70aeb72c67f5b4
2026,2026-06-29,240_SALES_DATA_NNME_29062026.DAT,C:\Users\jonat\PycharmProjects\NSWpropertyData\RawData\DAT\2026\20260629\240_SALES_DATA_NNME_29062026.DAT,1269,944467cc2fddf7cec426004a623641f869ca9713265a84556c44281ba77e39a7
2026,2026-06-29,244_SALES_DATA_NNME_29062026.DAT,C:\Users\jonat\PycharmProjects\NSWpropertyData\RawData\DAT\2026\20260629\244_SALES_DATA_NNME_29062026.DAT,356,ad8aeef1c0b1b88291528f9989163e9d709499c32976c75b1bee604910c3cb6c
2026,2026-06-29,247_SALES_DATA_NNME_29062026.DAT,C:\Users\jonat\PycharmProjects\NSWpropertyData\RawData\DAT\2026\20260629\247_SALES_DATA_NNME_29062026.DAT,1786,fa2c4a150aa1043cb1ad7da420ddd1c94f5354b2b3d981bc692df5a94aba6c93
2026,2026-06-29,250_SALES_DATA_NNME_29062026.DAT,C:\Users\jonat\PycharmProjects\NSWpropertyData\RawData\DAT\2026\20260629\250_SALES_DATA_NNME_29062026.DAT,2307,16b5c09a0f7d59e112ccae726a7dab5a03e6996334330d8153a5a0fc11150f4d
2026,2026-06-29,251_SALES_DATA_NNME_29062026.DAT,C:\Users\jonat\PycharmProjects\NSWpropertyData\RawData\DAT\2026\20260629\251_SALES_DATA_NNME_29062026.DAT,1737,16966c0b6406b7ea72222825d6bb2da3446b0a192dc1c93823f5d6af36929ce6
2026,2026-06-29,252_SALES_DATA_NNME_29062026.DAT,C:\Users\jonat\PycharmProjects\NSWpropertyData\RawData\DAT\2026\20260629\252_SALES_DATA_NNME_29062026.DAT,869,77da845bd4848e6a74a2d5e811b1dac3a5bee2809fd630bc8ecf9cd9cf6e5d7d
2026,2026-06-29,253_SALES_DATA_NNME_29062026.DAT,C:\Users\jonat\PycharmProjects\NSWpropertyData\RawData\DAT\2026\20260629\253_SALES_DATA_NNME_29062026.DAT,337,fd832b1a73c8d7b0df009b42d484b589c559f1cb4c992af2ae556c91103d5c12
2026,2026-06-29,254_SALES_DATA_NNME_29062026.DAT,C:\Users\jonat\PycharmProjects\NSWpropertyData\RawData\DAT\2026\20260629\254_SALES_DATA_NNME_29062026.DAT,909,12298687946ddaabb2fa494502a3d41698dfda9696af6c153e8d2e5e5b8e84c5
2026,2026-06-29,255_SALES_DATA_NNME_29062026.DAT,C:\Users\jonat\PycharmProjects\NSWpropertyData\RawData\DAT\2026\20260629\255_SALES_DATA_NNME_29062026.DAT,908,6ad49a0f8f8cfa544c3c20fffb2731f620276202c384f04b027e4796ac55fc20
2026,2026-06-29,257_SALES_DATA_NNME_29062026.DAT,C:\Users\jonat\PycharmProjects\NSWpropertyData\RawData\DAT\2026\20260629\257_SALES_DATA_NNME_29062026.DAT,6056,8d7e72aa2d3333701848e029e254d6b019d73bfb522f4682f09053de9d10216b
2026,2026-06-29,258_SALES_DATA_NNME_29062026.DAT,C:\Users\jonat\PycharmProjects\NSWpropertyData\RawData\DAT\2026\20260629\258_SALES_DATA_NNME_29062026.DAT,37455,07c856e9422e8c10a3ef8cc6873bfb306ad2e20a439a5abd8aa9223e636d1365
2026,2026-06-29,259_SALES_DATA_NNME_29062026.DAT,C:\Users\jonat\PycharmProjects\NSWpropertyData\RawData\DAT\2026\20260629\259_SALES_DATA_NNME_29062026.DAT,84896,e6f6329964dfecabc81569e68110a50ccb8f2616e5b52302ccf88972059594cc
2026,2026-06-29,260_SALES_DATA_NNME_29062026.DAT,C:\Users\jonat\PycharmProjects\NSWpropertyData\RawData\DAT\2026\20260629\260_SALES_DATA_NNME_29062026.DAT,119826,85b812fd14c50317e27122e21517cd510aa3a3fb9edb7108eddd719798f10564
2026,2026-06-29,261_SALES_DATA_NNME_29062026.DAT,C:\Users\jonat\PycharmProjects\NSWpropertyData\RawData\DAT\2026\20260629\261_SALES_DATA_NNME_29062026.DAT,30836,c20713ebc9f7d3f9cdc0fa4ef64bc24e0bc3b482cf58827f79668b395910a9e7
2026,2026-06-29,262_SALES_DATA_NNME_29062026.DAT,C:\Users\jonat\PycharmProjects\NSWpropertyData\RawData\DAT\2026\20260629\262_SALES_DATA_NNME_29062026.DAT,2908,e0a054e4bfe54572754b0312581960644ef66bbf38564f981c5f1dce992a5aed
2026,2026-06-29,263_SALES_DATA_NNME_29062026.DAT,C:\Users\jonat\PycharmProjects\NSWpropertyData\RawData\DAT\2026\20260629\263_SALES_DATA_NNME_29062026.DAT,3662,6eee941e4bf5c643a6d558fcaf7225a508c800dc569d27dc1d040be0fc7105cf
2026,2026-06-29,264_SALES_DATA_NNME_29062026.DAT,C:\Users\jonat\PycharmProjects\NSWpropertyData\RawData\DAT\2026\20260629\264_SALES_DATA_NNME_29062026.DAT,21648,e64d6fdd35a9446780e2babad1764182a98dbfa6f9d619b8e5f7aaaa81cbd430
2026,2026-06-29,265_SALES_DATA_NNME_29062026.DAT,C:\Users\jonat\PycharmProjects\NSWpropertyData\RawData\DAT\2026\20260629\265_SALES_DATA_NNME_29062026.DAT,3386,2b9d0d9168fcd935933ed6b27b0dbb3d45de2ab22b19e2bd2de78a2a5ad04d6f
2026,2026-06-29,266_SALES_DATA_NNME_29062026.DAT,C:\Users\jonat\PycharmProjects\NSWpropertyData\RawData\DAT\2026\20260629\266_SALES_DATA_NNME_29062026.DAT,4159,05661483a8f9a8eba688bac04031744809377def1eacf67fba52e871a9e0326f
2026,2026-06-29,267_SALES_DATA_NNME_29062026.DAT,C:\Users\jonat\PycharmProjects\NSWpropertyData\RawData\DAT\2026\20260629\267_SALES_DATA_NNME_29062026.DAT,19495,6a9719191d89ff4c08b7f05a8a1810de7ec591cb839df8643eef5397101d69c8
2026,2026-06-29,268_SALES_DATA_NNME_29062026.DAT,C:\Users\jonat\PycharmProjects\NSWpropertyData\RawData\DAT\2026\20260629\268_SALES_DATA_NNME_29062026.DAT,16865,c10b029ee1b64830c3633a8210ee0ef58256ee3928f89fa3c4649152138f6631
2026,2026-06-29,269_SALES_DATA_NNME_29062026.DAT,C:\Users\jonat\PycharmProjects\NSWpropertyData\RawData\DAT\2026\20260629\269_SALES_DATA_NNME_29062026.DAT,5337,8e3a11cf5470248297440b1151d93d10ec7b5164514e69ba01319c0dca19069a
2026,2026-06-29,270_SALES_DATA_NNME_29062026.DAT,C:\Users\jonat\PycharmProjects\NSWpropertyData\RawData\DAT\2026\20260629\270_SALES_DATA_NNME_29062026.DAT,1441,8a955d3fc4be94112fe40edad9bf595777d5c465a8bb911fbbff542fbb293f79
2026,2026-06-29,271_SALES_DATA_NNME_29062026.DAT,C:\Users\jonat\PycharmProjects\NSWpropertyData\RawData\DAT\2026\20260629\271_SALES_DATA_NNME_29062026.DAT,69226,389d05b843d3b10cd089db56f11ff7037a5aa7207b076b2ee5d51c00838f3735
2026,2026-06-29,272_SALES_DATA_NNME_29062026.DAT,C:\Users\jonat\PycharmProjects\NSWpropertyData\RawData\DAT\2026\20260629\272_SALES_DATA_NNME_29062026.DAT,23824,7e2a8669362f4090c765fee38347f44a1e4932eee109292555f7dc018f1557c3
2026,2026-06-29,273_SALES_DATA_NNME_29062026.DAT,C:\Users\jonat\PycharmProjects\NSWpropertyData\RawData\DAT\2026\20260629\273_SALES_DATA_NNME_29062026.DAT,5025,d7cf2427dbe06b96949b1456a1a076a057454510f8f229d5a8573ce4b571b298
2026,2026-06-29,274_SALES_DATA_NNME_29062026.DAT,C:\Users\jonat\PycharmProjects\NSWpropertyData\RawData\DAT\2026\20260629\274_SALES_DATA_NNME_29062026.DAT,2593,5b37f984b90801d53420a648dd5a72a108865035ac98d945dbcfcdab826f2926
2026,2026-06-29,275_SALES_DATA_NNME_29062026.DAT,C:\Users\jonat\PycharmProjects\NSWpropertyData\RawData\DAT\2026\20260629\275_SALES_DATA_NNME_29062026.DAT,9190,8b62d11f0fcf65a91ebfa45e61d81efc862af4f1c8897d100159372263e89c54
2026,2026-06-29,276_SALES_DATA_NNME_29062026.DAT,C:\Users\jonat\PycharmProjects\NSWpropertyData\RawData\DAT\2026\20260629\276_SALES_DATA_NNME_29062026.DAT,29647,be77a19c6105c7ce0f452e6da068726eb0e1aeb6b1fb946305e8f781e20fa8ca
2026,2026-06-29,300_SALES_DATA_NNME_29062026.DAT,C:\Users\jonat\PycharmProjects\NSWpropertyData\RawData\DAT\2026\20260629\300_SALES_DATA_NNME_29062026.DAT,1484,34e2de9c7cdcc9aa5e867aa3cfb09b7445be8f3ad658082df0cef8d97a60f459
2026,2026-06-29,301_SALES_DATA_NNME_29062026.DAT,C:\Users\jonat\PycharmProjects\NSWpropertyData\RawData\DAT\2026\20260629\301_SALES_DATA_NNME_29062026.DAT,1459,5a19c6b259832d95cf80aa594596e3df85bd6a2560543c2da9a10064819ebd8b
2026,2026-06-29,302_SALES_DATA_NNME_29062026.DAT,C:\Users\jonat\PycharmProjects\NSWpropertyData\RawData\DAT\2026\20260629\302_SALES_DATA_NNME_29062026.DAT,1775,d8e3d313acd7f4bcc00cdcbf2641c20793a23a0a4d584a9f589db231f9242ad9
2026,2026-06-29,303_SALES_DATA_NNME_29062026.DAT,C:\Users\jonat\PycharmProjects\NSWpropertyData\RawData\DAT\2026\20260629\303_SALES_DATA_NNME_29062026.DAT,13320,040b1dd0caaa5e02822bbca54e8ccf3ca209a6404e4d294e40c140ac51dadee7
2026,2026-06-29,511_SALES_DATA_NNME_29062026.DAT,C:\Users\jonat\PycharmProjects\NSWpropertyData\RawData\DAT\2026\20260629\511_SALES_DATA_NNME_29062026.DAT,1849,1ca6d4b9983f9f391a425eda9a445c9526b83ea2dd8979ce77a7492de176e37f
2026,2026-06-29,526_SALES_DATA_NNME_29062026.DAT,C:\Users\jonat\PycharmProjects\NSWpropertyData\RawData\DAT\2026\20260629\526_SALES_DATA_NNME_29062026.DAT,2118,b4e8bc41bc74ce44e2f15018d4d281036926a193f8f1c9039258d4cd0c4b33d9
2026,2026-06-29,528_SALES_DATA_NNME_29062026.DAT,C:\Users\jonat\PycharmProjects\NSWpropertyData\RawData\DAT\2026\20260629\528_SALES_DATA_NNME_29062026.DAT,4052,6998a6781bdca0753a27ef475c30578f9f75d8075b44456e4e89cde14569fc03
2026,2026-06-29,529_SALES_DATA_NNME_29062026.DAT,C:\Users\jonat\PycharmProjects\NSWpropertyData\RawData\DAT\2026\20260629\529_SALES_DATA_NNME_29062026.DAT,4249,0f35b58a7d3509e4383afe645dedf7cad11954474c57cf2b3e2616a856e3d28f
2026,2026-06-29,537_SALES_DATA_NNME_29062026.DAT,C:\Users\jonat\PycharmProjects\NSWpropertyData\RawData\DAT\2026\20260629\537_SALES_DATA_NNME_29062026.DAT,1080,1680faee91d36f574249ae4c9c86268aa755f7312456b41d540dea10d6436bc7
2026,2026-06-29,538_SALES_DATA_NNME_29062026.DAT,C:\Users\jonat\PycharmProjects\NSWpropertyData\RawData\DAT\2026\20260629\538_SALES_DATA_NNME_29062026.DAT,1547,0b70bc01b3d2a99b2359b912eb46f1b5890add56b67a802753d370fe27ab6994
2026,2026-06-29,560_SALES_DATA_NNME_29062026.DAT,C:\Users\jonat\PycharmProjects\NSWpropertyData\RawData\DAT\2026\20260629\560_SALES_DATA_NNME_29062026.DAT,1442,ca4f2b1eb3eee00c205d2d43727c5e7f254ac2c07fe3cd028049021047a074db
2026,2026-06-29,575_SALES_DATA_NNME_29062026.DAT,C:\Users\jonat\PycharmProjects\NSWpropertyData\RawData\DAT\2026\20260629\575_SALES_DATA_NNME_29062026.DAT,14506,e8c884102c4e97f23b0f197f918e4edd2d71e91c40732466421e39bceb9437e8
2026,2026-06-29,608_SALES_DATA_NNME_29062026.DAT,C:\Users\jonat\PycharmProjects\NSWpropertyData\RawData\DAT\2026\20260629\608_SALES_DATA_NNME_29062026.DAT,9681,bfb8f14d5d1b0959223df71781bf8bdafb1248d32b1b3b9f1389ae1f2b6f6126
2026,2026-06-29,620_SALES_DATA_NNME_29062026.DAT,C:\Users\jonat\PycharmProjects\NSWpropertyData\RawData\DAT\2026\20260629\620_SALES_DATA_NNME_29062026.DAT,6887,29f38fef31e3d43a9e29ebf97531de10c87b5fe36dbe2fdac396bb2df8acce8b
2026,2026-06-29,656_SALES_DATA_NNME_29062026.DAT,C:\Users\jonat\PycharmProjects\NSWpropertyData\RawData\DAT\2026\20260629\656_SALES_DATA_NNME_29062026.DAT,14433,4d24b4b7d42bdc3a32b69ff0f5c6757c64c8495af3c74f12e06a8c78b9b6bad2
2026,2026-06-29,666_SALES_DATA_NNME_29062026.DAT,C:\Users\jonat\PycharmProjects\NSWpropertyData\RawData\DAT\2026\20260629\666_SALES_DATA_NNME_29062026.DAT,18939,9c571d9759f6d693760ba28931e88edae8a104fc6d44d4330711c4c7289c0b90
2026,2026-06-29,708_SALES_DATA_NNME_29062026.DAT,C:\Users\jonat\PycharmProjects\NSWpropertyData\RawData\DAT\2026\20260629\708_SALES_DATA_NNME_29062026.DAT,88299,77b887d1f76188e75129e8ec8913b8d41cd2d5112d54c8bb3fa4b7953941095a
2026,2026-07-06,001_SALES_DATA_NNME_06072026.DAT,C:\Users\jonat\PycharmProjects\NSWpropertyData\RawData\DAT\2026\20260706\001_SALES_DATA_NNME_06072026.DAT,19476,6e76a8c7846ba4eebe5c034c915502c649fb1c276afc466866aebc7772c9e026
2026,2026-07-06,002_SALES_DATA_NNME_06072026.DAT,C:\Users\jonat\PycharmProjects\NSWpropertyData\RawData\DAT\2026\20260706\002_SALES_DATA_NNME_06072026.DAT,1533,d43533c9ece65925835b22c12dbbf99e2d25e8f9b5628804bdad9a5b53316a5d
2026,2026-07-06,004_SALES_DATA_NNME_06072026.DAT,C:\Users\jonat\PycharmProjects\NSWpropertyData\RawData\DAT\2026\20260706\004_SALES_DATA_NNME_06072026.DAT,27153,7f22f6c3293d8fcac31c670b4c8a35d9008797dba33858cd86a66d0deda9c1a8
2026,2026-07-06,005_SALES_DATA_NNME_06072026.DAT,C:\Users\jonat\PycharmProjects\NSWpropertyData\RawData\DAT\2026\20260706\005_SALES_DATA_NNME_06072026.DAT,19428,5f430569855b46083ee202f67f7f44dceda0c51c9bbc55952e90fd8356f90a17
2026,2026-07-06,007_SALES_DATA_NNME_06072026.DAT,C:\Users\jonat\PycharmProjects\NSWpropertyData\RawData\DAT\2026\20260706\007_SALES_DATA_NNME_06072026.DAT,3389,c4f95a7bcbf86d97a3d4a68070c8491433a9179368146d523a9217e282861216
2026,2026-07-06,008_SALES_DATA_NNME_06072026.DAT,C:\Users\jonat\PycharmProjects\NSWpropertyData\RawData\DAT\2026\20260706\008_SALES_DATA_NNME_06072026.DAT,29537,4d98d1b2dc752f6dc73883dccd7c048df349aed13236c3e8302971e4704e13aa
2026,2026-07-06,010_SALES_DATA_NNME_06072026.DAT,C:\Users\jonat\PycharmProjects\NSWpropertyData\RawData\DAT\2026\20260706\010_SALES_DATA_NNME_06072026.DAT,13487,5a849de209354e019c58af0300a6770c9380379425a9a8efc3a643c102f912de
2026,2026-07-06,012_SALES_DATA_NNME_06072026.DAT,C:\Users\jonat\PycharmProjects\NSWpropertyData\RawData\DAT\2026\20260706\012_SALES_DATA_NNME_06072026.DAT,3883,8720388d4d9bc3c4a343018963c5df58987ee439ceea271ac9bbe042882ceed7
2026,2026-07-06,018_SALES_DATA_NNME_06072026.DAT,C:\Users\jonat\PycharmProjects\NSWpropertyData\RawData\DAT\2026\20260706\018_SALES_DATA_NNME_06072026.DAT,9682,fec95fe4fe03e7d0137b4162c99392d88e86a7136bb39a84ca35b7f9c6b6bab9
2026,2026-07-06,042_SALES_DATA_NNME_06072026.DAT,C:\Users\jonat\PycharmProjects\NSWpropertyData\RawData\DAT\2026\20260706\042_SALES_DATA_NNME_06072026.DAT,2183,f7dba44ffa7ca646f4f81a4d19657a6566f2ea0b3cdd0d64e31acb4f99ac0911
2026,2026-07-06,043_SALES_DATA_NNME_06072026.DAT,C:\Users\jonat\PycharmProjects\NSWpropertyData\RawData\DAT\2026\20260706\043_SALES_DATA_NNME_06072026.DAT,649,1c29c1301df378c94dfeedfa5bb7ca5d4125c411486a3d305aa432220e3e42f1
2026,2026-07-06,050_SALES_DATA_NNME_06072026.DAT,C:\Users\jonat\PycharmProjects\NSWpropertyData\RawData\DAT\2026\20260706\050_SALES_DATA_NNME_06072026.DAT,11726,4ad9d359a6ea3839eea7e6628f96a353b66bd123233f901d191d27b23f2d10a2
2026,2026-07-06,051_SALES_DATA_NNME_06072026.DAT,C:\Users\jonat\PycharmProjects\NSWpropertyData\RawData\DAT\2026\20260706\051_SALES_DATA_NNME_06072026.DAT,1822,4edb01f1d62d9e802679928e905bbe71d2aa93b16f8f877611082ac57c6ad91b
2026,2026-07-06,052_SALES_DATA_NNME_06072026.DAT,C:\Users\jonat\PycharmProjects\NSWpropertyData\RawData\DAT\2026\20260706\052_SALES_DATA_NNME_06072026.DAT,947,77c969f302ac361860d50780d74c89a8aca756ac80bc593c4d64eb13df8d3434
2026,2026-07-06,054_SALES_DATA_NNME_06072026.DAT,C:\Users\jonat\PycharmProjects\NSWpropertyData\RawData\DAT\2026\20260706\054_SALES_DATA_NNME_06072026.DAT,877,f9fb85247510f68af10a2c31d1efffaf7e243c7cea8f8ce204a173a7d09338e4
2026,2026-07-06,061_SALES_DATA_NNME_06072026.DAT,C:\Users\jonat\PycharmProjects\NSWpropertyData\RawData\DAT\2026\20260706\061_SALES_DATA_NNME_06072026.DAT,1199,d39a1ed5b842c983a40ca2992b0bd7de9f01e40bbe7d213d496ee880c440b603
2026,2026-07-06,065_SALES_DATA_NNME_06072026.DAT,C:\Users\jonat\PycharmProjects\NSWpropertyData\RawData\DAT\2026\20260706\065_SALES_DATA_NNME_06072026.DAT,3077,02e6e4408ecf477c43a5624aba7deacdafa6ec06b7a609fb07f7e2a2c4b80a2d
2026,2026-07-06,066_SALES_DATA_NNME_06072026.DAT,C:\Users\jonat\PycharmProjects\NSWpropertyData\RawData\DAT\2026\20260706\066_SALES_DATA_NNME_06072026.DAT,594,c5b688f45ad98793a7597f667a0bc108f873a77f30f31347b94850b49b231bee
2026,2026-07-06,070_SALES_DATA_NNME_06072026.DAT,C:\Users\jonat\PycharmProjects\NSWpropertyData\RawData\DAT\2026\20260706\070_SALES_DATA_NNME_06072026.DAT,1281,9588159c66fad60c75778e81d8e481f50c74836ff496c1a37def494ff1337507
2026,2026-07-06,074_SALES_DATA_NNME_06072026.DAT,C:\Users\jonat\PycharmProjects\NSWpropertyData\RawData\DAT\2026\20260706\074_SALES_DATA_NNME_06072026.DAT,7890,e87fb675ec20ab0d6a1a4f9fd61de33e57a7b5a90380c508e7889c89365563ef
2026,2026-07-06,081_SALES_DATA_NNME_06072026.DAT,C:\Users\jonat\PycharmProjects\NSWpropertyData\RawData\DAT\2026\20260706\081_SALES_DATA_NNME_06072026.DAT,32713,a9cb5695655af409e6d10f5454f804ef9eb8d8bd0558c007874d42a1793bd14d
2026,2026-07-06,082_SALES_DATA_NNME_06072026.DAT,C:\Users\jonat\PycharmProjects\NSWpropertyData\RawData\DAT\2026\20260706\082_SALES_DATA_NNME_06072026.DAT,18976,88922d0f9175a97bf249204c17c029e21c1a4668c3a3ea808cb95e74d2c2991c
2026,2026-07-06,083_SALES_DATA_NNME_06072026.DAT,C:\Users\jonat\PycharmProjects\NSWpropertyData\RawData\DAT\2026\20260706\083_SALES_DATA_NNME_06072026.DAT,1335,04bc00d252be3ff0ffe8a0106997badabac3172ebafd3b9564357468e0e4fbe1
2026,2026-07-06,084_SALES_DATA_NNME_06072026.DAT,C:\Users\jonat\PycharmProjects\NSWpropertyData\RawData\DAT\2026\20260706\084_SALES_DATA_NNME_06072026.DAT,10591,8eab78783dff288bd841e123e7e24dfcd416b17040de7af4e03a840f04fe2e92
2026,2026-07-06,085_SALES_DATA_NNME_06072026.DAT,C:\Users\jonat\PycharmProjects\NSWpropertyData\RawData\DAT\2026\20260706\085_SALES_DATA_NNME_06072026.DAT,6890,9bc9f8defcffca62f89ab531b5fd82f2e6f1f56757c277389a93ebf44a0d5025
2026,2026-07-06,087_SALES_DATA_NNME_06072026.DAT,C:\Users\jonat\PycharmProjects\NSWpropertyData\RawData\DAT\2026\20260706\087_SALES_DATA_NNME_06072026.DAT,5340,2ee6c1a3a4fb6287d6196fb5d8675571afe179aef115380905f7ac615e695a91
2026,2026-07-06,088_SALES_DATA_NNME_06072026.DAT,C:\Users\jonat\PycharmProjects\NSWpropertyData\RawData\DAT\2026\20260706\088_SALES_DATA_NNME_06072026.DAT,8474,4158b5565cee1f3af904274dd92bcf989fae2f1b5e47bd9bafb036a2f5d29d06
2026,2026-07-06,090_SALES_DATA_NNME_06072026.DAT,C:\Users\jonat\PycharmProjects\NSWpropertyData\RawData\DAT\2026\20260706\090_SALES_DATA_NNME_06072026.DAT,17722,9be0d1e441a22ffd09799517fa9d1d37dfa9aab6cb769e92206ecee739ca4250
2026,2026-07-06,092_SALES_DATA_NNME_06072026.DAT,C:\Users\jonat\PycharmProjects\NSWpropertyData\RawData\DAT\2026\20260706\092_SALES_DATA_NNME_06072026.DAT,11676,9ee3a24f8edf71812d277863804217cdcd3a8c0d5d7b909478a528221086e810
2026,2026-07-06,097_SALES_DATA_NNME_06072026.DAT,C:\Users\jonat\PycharmProjects\NSWpropertyData\RawData\DAT\2026\20260706\097_SALES_DATA_NNME_06072026.DAT,8207,c6dbd86aefe1e3d92d5b68b1557e673e1f6a761c2edbd11d29d2db8eadc3f965
2026,2026-07-06,098_SALES_DATA_NNME_06072026.DAT,C:\Users\jonat\PycharmProjects\NSWpropertyData\RawData\DAT\2026\20260706\098_SALES_DATA_NNME_06072026.DAT,4735,e4a47f54b80b2b558d0ad3ca4e3a934a4c15bd572be551bbc4a5ac859576f37a
2026,2026-07-06,100_SALES_DATA_NNME_06072026.DAT,C:\Users\jonat\PycharmProjects\NSWpropertyData\RawData\DAT\2026\20260706\100_SALES_DATA_NNME_06072026.DAT,10113,717a668014770f2cb54054ca3fbba0acbc050581466897ae30a1133240ca50df
2026,2026-07-06,101_SALES_DATA_NNME_06072026.DAT,C:\Users\jonat\PycharmProjects\NSWpropertyData\RawData\DAT\2026\20260706\101_SALES_DATA_NNME_06072026.DAT,25914,b9651046eeba24b3ba073cc7ab722456dd382f97cb97182555850150de63ec83
2026,2026-07-06,102_SALES_DATA_NNME_06072026.DAT,C:\Users\jonat\PycharmProjects\NSWpropertyData\RawData\DAT\2026\20260706\102_SALES_DATA_NNME_06072026.DAT,11133,35ff5e42d83917b6024f420805e9f8e17cfbb50c19a3407dffdf8804c76e4310
2026,2026-07-06,103_SALES_DATA_NNME_06072026.DAT,C:\Users\jonat\PycharmProjects\NSWpropertyData\RawData\DAT\2026\20260706\103_SALES_DATA_NNME_06072026.DAT,35387,ffb800187a492ca1b0fa401bb27ff431a636fa0b7edd5fd7a94bd78f0524bea1
2026,2026-07-06,109_SALES_DATA_NNME_06072026.DAT,C:\Users\jonat\PycharmProjects\NSWpropertyData\RawData\DAT\2026\20260706\109_SALES_DATA_NNME_06072026.DAT,4463,61c6369570a86c34afbdf60a4e2fe0633e5f7ee017f2b64325b3b8a6917a9d62
2026,2026-07-06,116_SALES_DATA_NNME_06072026.DAT,C:\Users\jonat\PycharmProjects\NSWpropertyData\RawData\DAT\2026\20260706\116_SALES_DATA_NNME_06072026.DAT,4822,784072e59d4d5fe0d134319a9b498c582a521ec1f25f41d4439481f52fe10978
2026,2026-07-06,117_SALES_DATA_NNME_06072026.DAT,C:\Users\jonat\PycharmProjects\NSWpropertyData\RawData\DAT\2026\20260706\117_SALES_DATA_NNME_06072026.DAT,3710,a38f1673905f23103f43ddb64e9c8dbbabc65696a0d85b7a0d86e247b077b257
2026,2026-07-06,118_SALES_DATA_NNME_06072026.DAT,C:\Users\jonat\PycharmProjects\NSWpropertyData\RawData\DAT\2026\20260706\118_SALES_DATA_NNME_06072026.DAT,1223,ab0bc6242cf5d7b250f48756cfcfaba0fd7d3eb32332ffbcbd58237da5cd3001
2026,2026-07-06,123_SALES_DATA_NNME_06072026.DAT,C:\Users\jonat\PycharmProjects\NSWpropertyData\RawData\DAT\2026\20260706\123_SALES_DATA_NNME_06072026.DAT,1127,7cc8a23e13bdd2f262cfbf09053afd4f494373e0f4d47996eb9442adb6a9d988
2026,2026-07-06,124_SALES_DATA_NNME_06072026.DAT,C:\Users\jonat\PycharmProjects\NSWpropertyData\RawData\DAT\2026\20260706\124_SALES_DATA_NNME_06072026.DAT,11218,91baa80af05de5c4ff2ee321dad513bee1db0ebbbef05943e7d2ac1112b9ff48
2026,2026-07-06,137_SALES_DATA_NNME_06072026.DAT,C:\Users\jonat\PycharmProjects\NSWpropertyData\RawData\DAT\2026\20260706\137_SALES_DATA_NNME_06072026.DAT,2980,4213d24d714fb8b856fec931b0338a822654700a71a6c5d674944900f7e4c735
2026,2026-07-06,139_SALES_DATA_NNME_06072026.DAT,C:\Users\jonat\PycharmProjects\NSWpropertyData\RawData\DAT\2026\20260706\139_SALES_DATA_NNME_06072026.DAT,13216,2dcdd4b83e6bb4b9cd96a7eec34315f22870f06db839d710a582b695fae6d878
2026,2026-07-06,143_SALES_DATA_NNME_06072026.DAT,C:\Users\jonat\PycharmProjects\NSWpropertyData\RawData\DAT\2026\20260706\143_SALES_DATA_NNME_06072026.DAT,7004,10805138df038aa043f4907eb1dc80d857e84edfbb495a108298108092987cb0
2026,2026-07-06,144_SALES_DATA_NNME_06072026.DAT,C:\Users\jonat\PycharmProjects\NSWpropertyData\RawData\DAT\2026\20260706\144_SALES_DATA_NNME_06072026.DAT,24957,aaa0e421d8ce20a9adbcac66321e4f113df7494a972f0f0ef3b6c2185774d220
2026,2026-07-06,148_SALES_DATA_NNME_06072026.DAT,C:\Users\jonat\PycharmProjects\NSWpropertyData\RawData\DAT\2026\20260706\148_SALES_DATA_NNME_06072026.DAT,8083,c132b86c81b62410bd34782f7d0adb0d4425b9a2252494a0716882a8e11ead6f
2026,2026-07-06,149_SALES_DATA_NNME_06072026.DAT,C:\Users\jonat\PycharmProjects\NSWpropertyData\RawData\DAT\2026\20260706\149_SALES_DATA_NNME_06072026.DAT,2551,98a6ae81c0d1adef664b077f7da5323c94251c59838ce15766bf890f804925e7
2026,2026-07-06,150_SALES_DATA_NNME_06072026.DAT,C:\Users\jonat\PycharmProjects\NSWpropertyData\RawData\DAT\2026\20260706\150_SALES_DATA_NNME_06072026.DAT,8402,2c51d0acff3013f24d34425896ab1749ead00f372f4e2b900ac3b3baf4e6c516
2026,2026-07-06,151_SALES_DATA_NNME_06072026.DAT,C:\Users\jonat\PycharmProjects\NSWpropertyData\RawData\DAT\2026\20260706\151_SALES_DATA_NNME_06072026.DAT,4776,b08f97f6c82f96322ce6bdcbacec7eb242199eb4decf468c8fbfc91365f813ec
2026,2026-07-06,152_SALES_DATA_NNME_06072026.DAT,C:\Users\jonat\PycharmProjects\NSWpropertyData\RawData\DAT\2026\20260706\152_SALES_DATA_NNME_06072026.DAT,8379,6933badd91cf9ea801d7166a3a80b0cbae79e2f09945ccda126c0a54f34371f7
2026,2026-07-06,157_SALES_DATA_NNME_06072026.DAT,C:\Users\jonat\PycharmProjects\NSWpropertyData\RawData\DAT\2026\20260706\157_SALES_DATA_NNME_06072026.DAT,6069,66f52cdc5596d424480c6285dda61b85a7df8c5b3ee4756495fb8b12054375fa
2026,2026-07-06,158_SALES_DATA_NNME_06072026.DAT,C:\Users\jonat\PycharmProjects\NSWpropertyData\RawData\DAT\2026\20260706\158_SALES_DATA_NNME_06072026.DAT,1746,9ad16f4c97630577a10197ddd633e9fac25e53d2a8f7d2e83fea2b473ca49e5b
2026,2026-07-06,159_SALES_DATA_NNME_06072026.DAT,C:\Users\jonat\PycharmProjects\NSWpropertyData\RawData\DAT\2026\20260706\159_SALES_DATA_NNME_06072026.DAT,9784,d1307af828e2326675b9dc69fcd15b70a0c36506552b3e3a9763c9027ac06cbf
2026,2026-07-06,164_SALES_DATA_NNME_06072026.DAT,C:\Users\jonat\PycharmProjects\NSWpropertyData\RawData\DAT\2026\20260706\164_SALES_DATA_NNME_06072026.DAT,6030,278b7ffd34e9ecf44c83e388d3327264a9683cf8e0541b96a00660c2c36f86f8
2026,2026-07-06,171_SALES_DATA_NNME_06072026.DAT,C:\Users\jonat\PycharmProjects\NSWpropertyData\RawData\DAT\2026\20260706\171_SALES_DATA_NNME_06072026.DAT,12736,8d654c11bc38be430358c2eb8fbb51273ced529e42c0484a4f1b60f967e0765c
2026,2026-07-06,187_SALES_DATA_NNME_06072026.DAT,C:\Users\jonat\PycharmProjects\NSWpropertyData\RawData\DAT\2026\20260706\187_SALES_DATA_NNME_06072026.DAT,2295,294ffa5d8b643fbb6a3eb8a629e11df5b114dd37ad85cf090fe296d2bc30b34a
2026,2026-07-06,188_SALES_DATA_NNME_06072026.DAT,C:\Users\jonat\PycharmProjects\NSWpropertyData\RawData\DAT\2026\20260706\188_SALES_DATA_NNME_06072026.DAT,2494,c9d6160f868af0633b3b32ade266e68f4a4e8942ffa6989d5cec6c1ff74f0e59
2026,2026-07-06,192_SALES_DATA_NNME_06072026.DAT,C:\Users\jonat\PycharmProjects\NSWpropertyData\RawData\DAT\2026\20260706\192_SALES_DATA_NNME_06072026.DAT,2697,e5da3593afb5b4bfe925b3c72908d46cc3c5ce8d706825ef3007a245d20e439c
2026,2026-07-06,199_SALES_DATA_NNME_06072026.DAT,C:\Users\jonat\PycharmProjects\NSWpropertyData\RawData\DAT\2026\20260706\199_SALES_DATA_NNME_06072026.DAT,619,2ed38baaa765274f337a322fa2458e8874ccb9bc854bece903d8665507ac2587
2026,2026-07-06,207_SALES_DATA_NNME_06072026.DAT,C:\Users\jonat\PycharmProjects\NSWpropertyData\RawData\DAT\2026\20260706\207_SALES_DATA_NNME_06072026.DAT,15331,d8ae22340adb7381da138b465e62fda81d52d3a0dfc1c3df0d5e451a56a6f865
2026,2026-07-06,209_SALES_DATA_NNME_06072026.DAT,C:\Users\jonat\PycharmProjects\NSWpropertyData\RawData\DAT\2026\20260706\209_SALES_DATA_NNME_06072026.DAT,8346,6506b22b26bfb9b3d550217be9d88865db977c171603533a36da763114129d2e
2026,2026-07-06,210_SALES_DATA_NNME_06072026.DAT,C:\Users\jonat\PycharmProjects\NSWpropertyData\RawData\DAT\2026\20260706\210_SALES_DATA_NNME_06072026.DAT,9631,1b6895f9c55c30114b64e9e78af79b1a7ac856e177e3688b86bb260d83e4f268
2026,2026-07-06,214_SALES_DATA_NNME_06072026.DAT,C:\Users\jonat\PycharmProjects\NSWpropertyData\RawData\DAT\2026\20260706\214_SALES_DATA_NNME_06072026.DAT,45277,39bac026d106cadada3b382266fd75f3eca52e4c8ab59ca5d10544175a05ae4a
2026,2026-07-06,216_SALES_DATA_NNME_06072026.DAT,C:\Users\jonat\PycharmProjects\NSWpropertyData\RawData\DAT\2026\20260706\216_SALES_DATA_NNME_06072026.DAT,8810,53c4b6f52d2e60d4f17df7317a92553e7fcb086c232637711d6518db00e4a592
2026,2026-07-06,217_SALES_DATA_NNME_06072026.DAT,C:\Users\jonat\PycharmProjects\NSWpropertyData\RawData\DAT\2026\20260706\217_SALES_DATA_NNME_06072026.DAT,21660,d01bff435d22a5238daa684f8ae55fa1222edfb81714ac323ad073ef268a2605
2026,2026-07-06,218_SALES_DATA_NNME_06072026.DAT,C:\Users\jonat\PycharmProjects\NSWpropertyData\RawData\DAT\2026\20260706\218_SALES_DATA_NNME_06072026.DAT,19576,dedd998cbb6f9fe6226f40dee45b579526ff1ddeda8263d96e3a70cd2844106e
2026,2026-07-06,219_SALES_DATA_NNME_06072026.DAT,C:\Users\jonat\PycharmProjects\NSWpropertyData\RawData\DAT\2026\20260706\219_SALES_DATA_NNME_06072026.DAT,9551,8edc8642727b8f3ed08ac02d1a3ef0dc26b27dbcde6e67b9909eb0926c7cf224
2026,2026-07-06,220_SALES_DATA_NNME_06072026.DAT,C:\Users\jonat\PycharmProjects\NSWpropertyData\RawData\DAT\2026\20260706\220_SALES_DATA_NNME_06072026.DAT,14628,05158d291ef65db3ba2d8629c55e4f3b60a06b8764c8fdad07f231ec913c592f
2026,2026-07-06,222_SALES_DATA_NNME_06072026.DAT,C:\Users\jonat\PycharmProjects\NSWpropertyData\RawData\DAT\2026\20260706\222_SALES_DATA_NNME_06072026.DAT,4273,a06fc129436601b9f6779aa9d37cdfbcfa6e3af1900ec66082e488ac5de399e4
2026,2026-07-06,223_SALES_DATA_NNME_06072026.DAT,C:\Users\jonat\PycharmProjects\NSWpropertyData\RawData\DAT\2026\20260706\223_SALES_DATA_NNME_06072026.DAT,38567,e8258697679051c89c10aa1a49a805f16a16f7fbd01c5c680a03bbf5628a9a94
2026,2026-07-06,224_SALES_DATA_NNME_06072026.DAT,C:\Users\jonat\PycharmProjects\NSWpropertyData\RawData\DAT\2026\20260706\224_SALES_DATA_NNME_06072026.DAT,25795,9c9eae4fc6de5e3cc6304c916a5fe960e3cc7b3b6e78f9142d542c5c9461b8a7
2026,2026-07-06,226_SALES_DATA_NNME_06072026.DAT,C:\Users\jonat\PycharmProjects\NSWpropertyData\RawData\DAT\2026\20260706\226_SALES_DATA_NNME_06072026.DAT,20157,fb9911ea7f094b5c585c4f2e1ad36f97f5d7ba7af589359d834c1066adaaf792
2026,2026-07-06,230_SALES_DATA_NNME_06072026.DAT,C:\Users\jonat\PycharmProjects\NSWpropertyData\RawData\DAT\2026\20260706\230_SALES_DATA_NNME_06072026.DAT,302,31c7566a7041928c04efb88dc3f9f5b10188fd54ac2fbfdcaba4fb8ab0191bda
2026,2026-07-06,231_SALES_DATA_NNME_06072026.DAT,C:\Users\jonat\PycharmProjects\NSWpropertyData\RawData\DAT\2026\20260706\231_SALES_DATA_NNME_06072026.DAT,2729,4f2648facc6a2f7a021a32514e627b7c055512134ad1fe563af77eac9621e1b6
2026,2026-07-06,232_SALES_DATA_NNME_06072026.DAT,C:\Users\jonat\PycharmProjects\NSWpropertyData\RawData\DAT\2026\20260706\232_SALES_DATA_NNME_06072026.DAT,904,8ae3c701134dffd733f748da19985da25ab6a97cdd7f7bcac10919702eef7854
2026,2026-07-06,233_SALES_DATA_NNME_06072026.DAT,C:\Users\jonat\PycharmProjects\NSWpropertyData\RawData\DAT\2026\20260706\233_SALES_DATA_NNME_06072026.DAT,554,0c19827d9e42b65b05491eaa920af2de79d1690cb71912aaeda26cb5479f1dbd
2026,2026-07-06,234_SALES_DATA_NNME_06072026.DAT,C:\Users\jonat\PycharmProjects\NSWpropertyData\RawData\DAT\2026\20260706\234_SALES_DATA_NNME_06072026.DAT,5582,306f747baecd2c391018918a6faebd481bd5c82bfb8ec35dcc2bb45d8adaf4cf
2026,2026-07-06,236_SALES_DATA_NNME_06072026.DAT,C:\Users\jonat\PycharmProjects\NSWpropertyData\RawData\DAT\2026\20260706\236_SALES_DATA_NNME_06072026.DAT,1068,b297c3ae766348397bd4122f45e5a3629741239ba51518a8d18675f791c650b5
2026,2026-07-06,238_SALES_DATA_NNME_06072026.DAT,C:\Users\jonat\PycharmProjects\NSWpropertyData\RawData\DAT\2026\20260706\238_SALES_DATA_NNME_06072026.DAT,889,a912d36448d5251057688ef52d3cbcbdf564bf6a61f0d15fc7bdb806a393661c
2026,2026-07-06,239_SALES_DATA_NNME_06072026.DAT,C:\Users\jonat\PycharmProjects\NSWpropertyData\RawData\DAT\2026\20260706\239_SALES_DATA_NNME_06072026.DAT,580,e9a55481590933376e6eeb3881f8bad51879fe8ca6128c3b8f354b490f9eb167
2026,2026-07-06,240_SALES_DATA_NNME_06072026.DAT,C:\Users\jonat\PycharmProjects\NSWpropertyData\RawData\DAT\2026\20260706\240_SALES_DATA_NNME_06072026.DAT,297,a729a685cd038bf5bd773bdcfbd9a0916f920ba108102d6e6cebd6c2b2bfecc1
2026,2026-07-06,243_SALES_DATA_NNME_06072026.DAT,C:\Users\jonat\PycharmProjects\NSWpropertyData\RawData\DAT\2026\20260706\243_SALES_DATA_NNME_06072026.DAT,330,4edf7b8cf0c9869a8a9fb1e1522a02680e5ca7d2e507e490bc49167cdad94ba2
2026,2026-07-06,244_SALES_DATA_NNME_06072026.DAT,C:\Users\jonat\PycharmProjects\NSWpropertyData\RawData\DAT\2026\20260706\244_SALES_DATA_NNME_06072026.DAT,2229,4ad87d02c57d8eaaeb11d21f83970800c6bcfb18fa5a9df74c541894d02a63bb
2026,2026-07-06,247_SALES_DATA_NNME_06072026.DAT,C:\Users\jonat\PycharmProjects\NSWpropertyData\RawData\DAT\2026\20260706\247_SALES_DATA_NNME_06072026.DAT,5478,d06f7eb231497c1df28a397c18eb8328d573ebf5ab05a8aff54498f8f9f5d412
2026,2026-07-06,250_SALES_DATA_NNME_06072026.DAT,C:\Users\jonat\PycharmProjects\NSWpropertyData\RawData\DAT\2026\20260706\250_SALES_DATA_NNME_06072026.DAT,2552,0578af5606406784843af0e5976de889c7ae35572871d14fcb67ff59a6761b23
2026,2026-07-06,251_SALES_DATA_NNME_06072026.DAT,C:\Users\jonat\PycharmProjects\NSWpropertyData\RawData\DAT\2026\20260706\251_SALES_DATA_NNME_06072026.DAT,1033,255b8fbe422f66e51a4cb3c45253666507ac12f393318780db0f60720b5456b3
2026,2026-07-06,252_SALES_DATA_NNME_06072026.DAT,C:\Users\jonat\PycharmProjects\NSWpropertyData\RawData\DAT\2026\20260706\252_SALES_DATA_NNME_06072026.DAT,1251,54027070887a0a58c9ad9e9b4000ee6c5ad065a2e671455359288900f2d035a0
2026,2026-07-06,253_SALES_DATA_NNME_06072026.DAT,C:\Users\jonat\PycharmProjects\NSWpropertyData\RawData\DAT\2026\20260706\253_SALES_DATA_NNME_06072026.DAT,810,5b482791960c6e027555c2626cd914c29d7a1e3791a65c657c08c8c5a7ebc4a3
2026,2026-07-06,255_SALES_DATA_NNME_06072026.DAT,C:\Users\jonat\PycharmProjects\NSWpropertyData\RawData\DAT\2026\20260706\255_SALES_DATA_NNME_06072026.DAT,1724,825334568dc503077177701224276b14f8ae428f1aa401fe9fff7a4bac655163
2026,2026-07-06,257_SALES_DATA_NNME_06072026.DAT,C:\Users\jonat\PycharmProjects\NSWpropertyData\RawData\DAT\2026\20260706\257_SALES_DATA_NNME_06072026.DAT,6473,c421835377c4f3564922c6fffbba22bf1e06db8cee347b4e04fa66d24c545ed0
2026,2026-07-06,258_SALES_DATA_NNME_06072026.DAT,C:\Users\jonat\PycharmProjects\NSWpropertyData\RawData\DAT\2026\20260706\258_SALES_DATA_NNME_06072026.DAT,36538,c5af8f0650c4599a484e6246914976e001f49a89d63c90b23b0fd7f184542bf4
2026,2026-07-06,259_SALES_DATA_NNME_06072026.DAT,C:\Users\jonat\PycharmProjects\NSWpropertyData\RawData\DAT\2026\20260706\259_SALES_DATA_NNME_06072026.DAT,50053,82cada816ad68863a2392b9c8fe50df15f9e5a2ad775fbf4cfc3e59e3fb59880
2026,2026-07-06,260_SALES_DATA_NNME_06072026.DAT,C:\Users\jonat\PycharmProjects\NSWpropertyData\RawData\DAT\2026\20260706\260_SALES_DATA_NNME_06072026.DAT,39308,770eb36d519fd48ae0907d6dda6fa486e381b55102417752bb155aabd81f32e7
2026,2026-07-06,261_SALES_DATA_NNME_06072026.DAT,C:\Users\jonat\PycharmProjects\NSWpropertyData\RawData\DAT\2026\20260706\261_SALES_DATA_NNME_06072026.DAT,21035,30e47cc3a2018c57d204c690dfbd90a07229d623148e9eebdbcdc0d5f9fbaf4e
2026,2026-07-06,262_SALES_DATA_NNME_06072026.DAT,C:\Users\jonat\PycharmProjects\NSWpropertyData\RawData\DAT\2026\20260706\262_SALES_DATA_NNME_06072026.DAT,1898,ed1ec6d6a5f6b48858584666f45a17dac4652fec833ad021b0c85014637f290c
2026,2026-07-06,263_SALES_DATA_NNME_06072026.DAT,C:\Users\jonat\PycharmProjects\NSWpropertyData\RawData\DAT\2026\20260706\263_SALES_DATA_NNME_06072026.DAT,4583,cbe5586b1415847da104757f9a7f21088eb33f98b538f6c998a255bb5afe280c
2026,2026-07-06,264_SALES_DATA_NNME_06072026.DAT,C:\Users\jonat\PycharmProjects\NSWpropertyData\RawData\DAT\2026\20260706\264_SALES_DATA_NNME_06072026.DAT,19528,89985c0ddd1628da2fe5f7bc77cbea42117a6bd8ce4d52f539d6c686cd7ed8be
2026,2026-07-06,265_SALES_DATA_NNME_06072026.DAT,C:\Users\jonat\PycharmProjects\NSWpropertyData\RawData\DAT\2026\20260706\265_SALES_DATA_NNME_06072026.DAT,2323,ed226ed033bfc9d7221c9dd1b51d490c23a6ae9eaebf08e9ad432de640e65305
2026,2026-07-06,266_SALES_DATA_NNME_06072026.DAT,C:\Users\jonat\PycharmProjects\NSWpropertyData\RawData\DAT\2026\20260706\266_SALES_DATA_NNME_06072026.DAT,3604,b473e320babebb5aeedd3870994919d972d8bd75d92ef3e04f329ca6edb28581
2026,2026-07-06,267_SALES_DATA_NNME_06072026.DAT,C:\Users\jonat\PycharmProjects\NSWpropertyData\RawData\DAT\2026\20260706\267_SALES_DATA_NNME_06072026.DAT,23717,a37689f65c7707f2ea96e9869d9f8568eb1e61854e6facb7de36c99553359deb
2026,2026-07-06,268_SALES_DATA_NNME_06072026.DAT,C:\Users\jonat\PycharmProjects\NSWpropertyData\RawData\DAT\2026\20260706\268_SALES_DATA_NNME_06072026.DAT,28341,9605a452786262b5f938299b2ba5db3f4a204aa101b4475955c2315b7e49a983
2026,2026-07-06,269_SALES_DATA_NNME_06072026.DAT,C:\Users\jonat\PycharmProjects\NSWpropertyData\RawData\DAT\2026\20260706\269_SALES_DATA_NNME_06072026.DAT,5076,118a1a70f99b62439310a237718a6ddcd3a0610c5abaa2c0d5c23843925e53cc
2026,2026-07-06,270_SALES_DATA_NNME_06072026.DAT,C:\Users\jonat\PycharmProjects\NSWpropertyData\RawData\DAT\2026\20260706\270_SALES_DATA_NNME_06072026.DAT,397,4cafa6d34cda3eb817a307506457f9cb07a4c7bcdcf3d98b6f2f85faa2a76fad
2026,2026-07-06,271_SALES_DATA_NNME_06072026.DAT,C:\Users\jonat\PycharmProjects\NSWpropertyData\RawData\DAT\2026\20260706\271_SALES_DATA_NNME_06072026.DAT,32415,dab016b8d3a31c67888d8bbe8a05a2d2fe425e6c6ad01e5ae4320418542f720d
2026,2026-07-06,272_SALES_DATA_NNME_06072026.DAT,C:\Users\jonat\PycharmProjects\NSWpropertyData\RawData\DAT\2026\20260706\272_SALES_DATA_NNME_06072026.DAT,17393,f12b5df8e64398041c8f5210b59a24304b681b12cf5e68875e341f1afb90e1a1
2026,2026-07-06,273_SALES_DATA_NNME_06072026.DAT,C:\Users\jonat\PycharmProjects\NSWpropertyData\RawData\DAT\2026\20260706\273_SALES_DATA_NNME_06072026.DAT,7770,2957a831697e0a66eefa6fd42f84285a41bbaa52a89bdc6439e6b8e8f5d0905e
2026,2026-07-06,274_SALES_DATA_NNME_06072026.DAT,C:\Users\jonat\PycharmProjects\NSWpropertyData\RawData\DAT\2026\20260706\274_SALES_DATA_NNME_06072026.DAT,1210,8d8f03d1e6bfe5f607c5a6acb0d351d13379104f45fb0caed39bdb67bad8d17e
2026,2026-07-06,275_SALES_DATA_NNME_06072026.DAT,C:\Users\jonat\PycharmProjects\NSWpropertyData\RawData\DAT\2026\20260706\275_SALES_DATA_NNME_06072026.DAT,11759,a229ff4dd24bc58aa0025bd34c111fc1786f5ecea3d2eb390ee7bec8237392d4
2026,2026-07-06,276_SALES_DATA_NNME_06072026.DAT,C:\Users\jonat\PycharmProjects\NSWpropertyData\RawData\DAT\2026\20260706\276_SALES_DATA_NNME_06072026.DAT,27956,e638431b1ef21c30a164946cf9808aa76a1494d9d013b20afb8bacf31c84beb3
2026,2026-07-06,300_SALES_DATA_NNME_06072026.DAT,C:\Users\jonat\PycharmProjects\NSWpropertyData\RawData\DAT\2026\20260706\300_SALES_DATA_NNME_06072026.DAT,1279,fb9f2ded9f2b83666a961f834a9b4c6d0a4129c16d1ab28aba17aaccce759f17
2026,2026-07-06,301_SALES_DATA_NNME_06072026.DAT,C:\Users\jonat\PycharmProjects\NSWpropertyData\RawData\DAT\2026\20260706\301_SALES_DATA_NNME_06072026.DAT,2007,1b5c0213dc4c4240d98ac726b01de8dba5412896852d005296777208a0825688
2026,2026-07-06,302_SALES_DATA_NNME_06072026.DAT,C:\Users\jonat\PycharmProjects\NSWpropertyData\RawData\DAT\2026\20260706\302_SALES_DATA_NNME_06072026.DAT,2425,75dd8440b11cdf5b723ce9a121c7e0b62fa46b0899c2e37b4836b0e2213a7caf
2026,2026-07-06,303_SALES_DATA_NNME_06072026.DAT,C:\Users\jonat\PycharmProjects\NSWpropertyData\RawData\DAT\2026\20260706\303_SALES_DATA_NNME_06072026.DAT,13704,a4e7aee981b1e859c25423c96ce07a8aeab6678e3941f0cdaf635c8bdba4a429
2026,2026-07-06,511_SALES_DATA_NNME_06072026.DAT,C:\Users\jonat\PycharmProjects\NSWpropertyData\RawData\DAT\2026\20260706\511_SALES_DATA_NNME_06072026.DAT,3288,2020a759c1fbc51c1489498a27bceb65a64b7aab4c2179af7d316ad839bcd7cb
2026,2026-07-06,526_SALES_DATA_NNME_06072026.DAT,C:\Users\jonat\PycharmProjects\NSWpropertyData\RawData\DAT\2026\20260706\526_SALES_DATA_NNME_06072026.DAT,4604,de571e9c682ddde737dc9c7eca1ede0e097d185e4e7587bed0ed7a2f2c7b599b
2026,2026-07-06,528_SALES_DATA_NNME_06072026.DAT,C:\Users\jonat\PycharmProjects\NSWpropertyData\RawData\DAT\2026\20260706\528_SALES_DATA_NNME_06072026.DAT,3623,28e8bc3dc932d8abf67d6bf5908569000c05ac9983f8d5113acee04bc832f341
2026,2026-07-06,529_SALES_DATA_NNME_06072026.DAT,C:\Users\jonat\PycharmProjects\NSWpropertyData\RawData\DAT\2026\20260706\529_SALES_DATA_NNME_06072026.DAT,8991,51008f65491b2fa094e7219b0196aa53f2f81c098cdf30413d36f4d00930a826
2026,2026-07-06,537_SALES_DATA_NNME_06072026.DAT,C:\Users\jonat\PycharmProjects\NSWpropertyData\RawData\DAT\2026\20260706\537_SALES_DATA_NNME_06072026.DAT,910,2093e09551e71b1f053aae8dd1dafaba6bcf9d649c66fc88e07e0858d5c50240
2026,2026-07-06,538_SALES_DATA_NNME_06072026.DAT,C:\Users\jonat\PycharmProjects\NSWpropertyData\RawData\DAT\2026\20260706\538_SALES_DATA_NNME_06072026.DAT,1719,b0c744d83ed1fd9eab1e22d768b4b2b4b8e269304fe1f2fcbeb8c52d97b8cdc3
2026,2026-07-06,560_SALES_DATA_NNME_06072026.DAT,C:\Users\jonat\PycharmProjects\NSWpropertyData\RawData\DAT\2026\20260706\560_SALES_DATA_NNME_06072026.DAT,2862,365da9daabddd0ba0e482fc4546df0ed0fcf0f6189a2a74ff4bb3e6cd2c42682
2026,2026-07-06,575_SALES_DATA_NNME_06072026.DAT,C:\Users\jonat\PycharmProjects\NSWpropertyData\RawData\DAT\2026\20260706\575_SALES_DATA_NNME_06072026.DAT,11198,e5e7e5257537e4e1628c0610dfee29a6f2d7d4f103231f95c5a1de0b3c290cc9
2026,2026-07-06,608_SALES_DATA_NNME_06072026.DAT,C:\Users\jonat\PycharmProjects\NSWpropertyData\RawData\DAT\2026\20260706\608_SALES_DATA_NNME_06072026.DAT,9886,6169aec89d60a8591064b67280ba79c68e86d10d9185c2841126ea46e87eb8f8
2026,2026-07-06,620_SALES_DATA_NNME_06072026.DAT,C:\Users\jonat\PycharmProjects\NSWpropertyData\RawData\DAT\2026\20260706\620_SALES_DATA_NNME_06072026.DAT,9715,7da5f82347bcb4af33c4b3765789006fc2436f3094d06edb9c3913c75a1dfe70
2026,2026-07-06,656_SALES_DATA_NNME_06072026.DAT,C:\Users\jonat\PycharmProjects\NSWpropertyData\RawData\DAT\2026\20260706\656_SALES_DATA_NNME_06072026.DAT,19388,d91a82b0aa1560c3002914b32d08d3dbea51d54acf91c373332a62108fbf235a
2026,2026-07-06,666_SALES_DATA_NNME_06072026.DAT,C:\Users\jonat\PycharmProjects\NSWpropertyData\RawData\DAT\2026\20260706\666_SALES_DATA_NNME_06072026.DAT,12376,69e8dd43dfe0ae8a2ca4c0d812d014ca5748cfd42c35600a54329188a767510d
2026,2026-07-06,708_SALES_DATA_NNME_06072026.DAT,C:\Users\jonat\PycharmProjects\NSWpropertyData\RawData\DAT\2026\20260706\708_SALES_DATA_NNME_06072026.DAT,46315,939ec8c8b9db171e69903ea7bf55fed13ee5c85c9873a500ccb15fa7c308b284
2026,2026-07-13,001_SALES_DATA_NNME_13072026.DAT,C:\Users\jonat\PycharmProjects\NSWpropertyData\RawData\DAT\2026\20260713\001_SALES_DATA_NNME_13072026.DAT,8942,36fcb13c8036747b4484408fd58eb1dc72bf1a68a79226da0658f3a63fd8f0ad
2026,2026-07-13,002_SALES_DATA_NNME_13072026.DAT,C:\Users\jonat\PycharmProjects\NSWpropertyData\RawData\DAT\2026\20260713\002_SALES_DATA_NNME_13072026.DAT,2003,9fe84c2706b3ab75be11462993e2b51243a78c1034dd4e217a554fc43cd762b9
2026,2026-07-13,004_SALES_DATA_NNME_13072026.DAT,C:\Users\jonat\PycharmProjects\NSWpropertyData\RawData\DAT\2026\20260713\004_SALES_DATA_NNME_13072026.DAT,27240,834a866813834e3d797d91a8ed403086979cb6d31b435ee0248829fe10ae1c33
2026,2026-07-13,005_SALES_DATA_NNME_13072026.DAT,C:\Users\jonat\PycharmProjects\NSWpropertyData\RawData\DAT\2026\20260713\005_SALES_DATA_NNME_13072026.DAT,26519,14e595b4c18a823fed6b1e514b90d929809d304d9dd05b47954cfeba1519207e
2026,2026-07-13,007_SALES_DATA_NNME_13072026.DAT,C:\Users\jonat\PycharmProjects\NSWpropertyData\RawData\DAT\2026\20260713\007_SALES_DATA_NNME_13072026.DAT,2345,68268b2623d2837883ffede329ed65c0e9a3b85e176fd30baee4acbd65df1ce0
2026,2026-07-13,008_SALES_DATA_NNME_13072026.DAT,C:\Users\jonat\PycharmProjects\NSWpropertyData\RawData\DAT\2026\20260713\008_SALES_DATA_NNME_13072026.DAT,19774,69af3491ee453539a6093d8fa4d2e4ba619ee26a5ed931350bf78a30732ec5d3
2026,2026-07-13,010_SALES_DATA_NNME_13072026.DAT,C:\Users\jonat\PycharmProjects\NSWpropertyData\RawData\DAT\2026\20260713\010_SALES_DATA_NNME_13072026.DAT,6488,6030bbd934884b420a40eceaad3c64f5eec31ba8d42abf955761ad3bd46029b4
2026,2026-07-13,012_SALES_DATA_NNME_13072026.DAT,C:\Users\jonat\PycharmProjects\NSWpropertyData\RawData\DAT\2026\20260713\012_SALES_DATA_NNME_13072026.DAT,4131,19482a42dd67a0560e0a57fd239996cd71a0cb54cae2102e3adea3f6c1c51cb3
2026,2026-07-13,018_SALES_DATA_NNME_13072026.DAT,C:\Users\jonat\PycharmProjects\NSWpropertyData\RawData\DAT\2026\20260713\018_SALES_DATA_NNME_13072026.DAT,6872,33cef6d99b881661ed73abfedabc45a2b40f80ae3f6f342fcf469dd6727c5ff3
2026,2026-07-13,042_SALES_DATA_NNME_13072026.DAT,C:\Users\jonat\PycharmProjects\NSWpropertyData\RawData\DAT\2026\20260713\042_SALES_DATA_NNME_13072026.DAT,1405,1810d044f05e1bc5ff2d7808d178d5eda5996c0f2fc7b6f6903fb6e537a22f18
2026,2026-07-13,043_SALES_DATA_NNME_13072026.DAT,C:\Users\jonat\PycharmProjects\NSWpropertyData\RawData\DAT\2026\20260713\043_SALES_DATA_NNME_13072026.DAT,368,e27b18d2bb2db9cfe8cdae3bfd564904e8612ce39a68436ef93d0063e6692d8e
2026,2026-07-13,050_SALES_DATA_NNME_13072026.DAT,C:\Users\jonat\PycharmProjects\NSWpropertyData\RawData\DAT\2026\20260713\050_SALES_DATA_NNME_13072026.DAT,4334,b8c3526445ea62cc70c71b46105e06df2592ce65651b757fd2905aa748105821
2026,2026-07-13,051_SALES_DATA_NNME_13072026.DAT,C:\Users\jonat\PycharmProjects\NSWpropertyData\RawData\DAT\2026\20260713\051_SALES_DATA_NNME_13072026.DAT,1469,4f9ca27890c0186d6c06c4fc0675789884f61470de6582d9b75bb2ca185fcd90
2026,2026-07-13,052_SALES_DATA_NNME_13072026.DAT,C:\Users\jonat\PycharmProjects\NSWpropertyData\RawData\DAT\2026\20260713\052_SALES_DATA_NNME_13072026.DAT,1493,8b5334b3db30dd30025e1a7564e1e6d2c3e0a3af09351cfdbf83aa174362063a
2026,2026-07-13,054_SALES_DATA_NNME_13072026.DAT,C:\Users\jonat\PycharmProjects\NSWpropertyData\RawData\DAT\2026\20260713\054_SALES_DATA_NNME_13072026.DAT,1231,626167ea06ee1906cfa29a83e6fd3dc9c5c41bccc91ac3cd22176cebb95e4140
2026,2026-07-13,061_SALES_DATA_NNME_13072026.DAT,C:\Users\jonat\PycharmProjects\NSWpropertyData\RawData\DAT\2026\20260713\061_SALES_DATA_NNME_13072026.DAT,1784,2cf4a3c4703012e65e7acbd67e3eee08187e20ca0367c5230dd40a76eac507f4
2026,2026-07-13,065_SALES_DATA_NNME_13072026.DAT,C:\Users\jonat\PycharmProjects\NSWpropertyData\RawData\DAT\2026\20260713\065_SALES_DATA_NNME_13072026.DAT,330,72cadb33af98547cb180757394e9ac4d424170528fe1dbe822f272e559716e6d
2026,2026-07-13,066_SALES_DATA_NNME_13072026.DAT,C:\Users\jonat\PycharmProjects\NSWpropertyData\RawData\DAT\2026\20260713\066_SALES_DATA_NNME_13072026.DAT,542,b2fc74a6b018cadc4226e2eee1faeee348f8a2d4115a0a412307eb471b7080d1
2026,2026-07-13,070_SALES_DATA_NNME_13072026.DAT,C:\Users\jonat\PycharmProjects\NSWpropertyData\RawData\DAT\2026\20260713\070_SALES_DATA_NNME_13072026.DAT,927,074327db09d5dc45da3d722c5ab2d2505d0564b1b991ac273e7e6d310481b8c4
2026,2026-07-13,074_SALES_DATA_NNME_13072026.DAT,C:\Users\jonat\PycharmProjects\NSWpropertyData\RawData\DAT\2026\20260713\074_SALES_DATA_NNME_13072026.DAT,2123,b6fb2aaaa0e5ae33dff5b93d5e17316674320aef0c00a1ea3345f5174dcac242
2026,2026-07-13,081_SALES_DATA_NNME_13072026.DAT,C:\Users\jonat\PycharmProjects\NSWpropertyData\RawData\DAT\2026\20260713\081_SALES_DATA_NNME_13072026.DAT,33879,dd846870750032c41f68bce40ce19fef447cbdbba7bbfbbd4f8839568b9853fc
2026,2026-07-13,082_SALES_DATA_NNME_13072026.DAT,C:\Users\jonat\PycharmProjects\NSWpropertyData\RawData\DAT\2026\20260713\082_SALES_DATA_NNME_13072026.DAT,11701,9e6668da4f8a205993fd4ab7b0a4e5dcab4a27d987489feb51d2ebb607e46fa4
2026,2026-07-13,083_SALES_DATA_NNME_13072026.DAT,C:\Users\jonat\PycharmProjects\NSWpropertyData\RawData\DAT\2026\20260713\083_SALES_DATA_NNME_13072026.DAT,1902,51731a970bcd93f2932b98186f5966238cd3607923ad8a96f9a87be0c3cffd52
2026,2026-07-13,084_SALES_DATA_NNME_13072026.DAT,C:\Users\jonat\PycharmProjects\NSWpropertyData\RawData\DAT\2026\20260713\084_SALES_DATA_NNME_13072026.DAT,11556,86ab21126c586b8c351494ea2e6c89fbae3ce62f7c377d1ce0c5615a7ea391c1
2026,2026-07-13,085_SALES_DATA_NNME_13072026.DAT,C:\Users\jonat\PycharmProjects\NSWpropertyData\RawData\DAT\2026\20260713\085_SALES_DATA_NNME_13072026.DAT,8161,5b97958aea404b4d0de0625af69ebdeab7599bbda1e531e345edec995a49390b
2026,2026-07-13,087_SALES_DATA_NNME_13072026.DAT,C:\Users\jonat\PycharmProjects\NSWpropertyData\RawData\DAT\2026\20260713\087_SALES_DATA_NNME_13072026.DAT,5988,a833547537beb99664b318b74b22ddbbafaa9f514503a3bcff44c8659a0a9b13
2026,2026-07-13,088_SALES_DATA_NNME_13072026.DAT,C:\Users\jonat\PycharmProjects\NSWpropertyData\RawData\DAT\2026\20260713\088_SALES_DATA_NNME_13072026.DAT,9228,b99fa94f221cada118a586f831397166cfe4abcb4cc661f6e778b56dbf5450ab
2026,2026-07-13,090_SALES_DATA_NNME_13072026.DAT,C:\Users\jonat\PycharmProjects\NSWpropertyData\RawData\DAT\2026\20260713\090_SALES_DATA_NNME_13072026.DAT,14761,ebd7fa67422aa470fc7df8d36c7883e8be613a3428cb4353ec8739c1635fd76a
2026,2026-07-13,092_SALES_DATA_NNME_13072026.DAT,C:\Users\jonat\PycharmProjects\NSWpropertyData\RawData\DAT\2026\20260713\092_SALES_DATA_NNME_13072026.DAT,7248,7715c6f56a0c2b573a820c71be47f2c0c666b7364eacb9b081141c4609b7a3a1
2026,2026-07-13,097_SALES_DATA_NNME_13072026.DAT,C:\Users\jonat\PycharmProjects\NSWpropertyData\RawData\DAT\2026\20260713\097_SALES_DATA_NNME_13072026.DAT,8125,01cd72cc40ca254f33d291c5218576d80569301b8bc294ee407e570ec9e5c2e6
2026,2026-07-13,098_SALES_DATA_NNME_13072026.DAT,C:\Users\jonat\PycharmProjects\NSWpropertyData\RawData\DAT\2026\20260713\098_SALES_DATA_NNME_13072026.DAT,2846,e4ff70b9aff33cd8a6d7a41bb54864ec857868269d02584b9e403a9ed716262d
2026,2026-07-13,100_SALES_DATA_NNME_13072026.DAT,C:\Users\jonat\PycharmProjects\NSWpropertyData\RawData\DAT\2026\20260713\100_SALES_DATA_NNME_13072026.DAT,30096,55089257d3123568f16d6a1e8fa7fd64b8a0c6b654346c43c12c871eaa501796
2026,2026-07-13,101_SALES_DATA_NNME_13072026.DAT,C:\Users\jonat\PycharmProjects\NSWpropertyData\RawData\DAT\2026\20260713\101_SALES_DATA_NNME_13072026.DAT,20912,16f57a52c2a4547c246446dc9f87f7e0287ed35cfbac31bb2515c65d6a2ab2a4
2026,2026-07-13,102_SALES_DATA_NNME_13072026.DAT,C:\Users\jonat\PycharmProjects\NSWpropertyData\RawData\DAT\2026\20260713\102_SALES_DATA_NNME_13072026.DAT,22669,cd8f99ae7176185711eb83d49b20585392137a0c04ee90b711176d6b3742f0f9
2026,2026-07-13,103_SALES_DATA_NNME_13072026.DAT,C:\Users\jonat\PycharmProjects\NSWpropertyData\RawData\DAT\2026\20260713\103_SALES_DATA_NNME_13072026.DAT,24780,f3688927ffbe674ffd0ab5d6bc543347453b338a5afd57940a79300825ffc5cb
2026,2026-07-13,109_SALES_DATA_NNME_13072026.DAT,C:\Users\jonat\PycharmProjects\NSWpropertyData\RawData\DAT\2026\20260713\109_SALES_DATA_NNME_13072026.DAT,728,558f4121a631a7e1523bd1a044f98a447cd596c5fbe06a9fda53c68a0ab6e331
2026,2026-07-13,116_SALES_DATA_NNME_13072026.DAT,C:\Users\jonat\PycharmProjects\NSWpropertyData\RawData\DAT\2026\20260713\116_SALES_DATA_NNME_13072026.DAT,859,da1e153c7d6bd63ae4e2d0b1b81e6c0302d5ddff9bd0d46a4a1cd6a89174e575
2026,2026-07-13,117_SALES_DATA_NNME_13072026.DAT,C:\Users\jonat\PycharmProjects\NSWpropertyData\RawData\DAT\2026\20260713\117_SALES_DATA_NNME_13072026.DAT,3148,602609f9993a25dfaa424a5ee69abdc8a9e69e9e0674d40fdbfec7abb3168dc4
2026,2026-07-13,118_SALES_DATA_NNME_13072026.DAT,C:\Users\jonat\PycharmProjects\NSWpropertyData\RawData\DAT\2026\20260713\118_SALES_DATA_NNME_13072026.DAT,4369,2deab72aca204cf72beb665b3d4b2464c19e3c092fcc44e53935079b01724056
2026,2026-07-13,123_SALES_DATA_NNME_13072026.DAT,C:\Users\jonat\PycharmProjects\NSWpropertyData\RawData\DAT\2026\20260713\123_SALES_DATA_NNME_13072026.DAT,726,9587eebb0564c278368c9bbb88dd6fa8b02a2f409ad5a63ea2bcfba12e19fa51
2026,2026-07-13,124_SALES_DATA_NNME_13072026.DAT,C:\Users\jonat\PycharmProjects\NSWpropertyData\RawData\DAT\2026\20260713\124_SALES_DATA_NNME_13072026.DAT,3970,c03c9480d556cc0fd0146bd6067c40948a7aea8256fc1a7eac50ccc32aa7da63
2026,2026-07-13,137_SALES_DATA_NNME_13072026.DAT,C:\Users\jonat\PycharmProjects\NSWpropertyData\RawData\DAT\2026\20260713\137_SALES_DATA_NNME_13072026.DAT,4593,9b5ccd9ae55b3cad17e05f0cf2361c9c612c25559ca9ad89b6813ae1ef75a2db
2026,2026-07-13,139_SALES_DATA_NNME_13072026.DAT,C:\Users\jonat\PycharmProjects\NSWpropertyData\RawData\DAT\2026\20260713\139_SALES_DATA_NNME_13072026.DAT,9905,80be265f5e5db392159731d016d1b5c8c22ce9360391bee98e6d181a8ac49f00
2026,2026-07-13,143_SALES_DATA_NNME_13072026.DAT,C:\Users\jonat\PycharmProjects\NSWpropertyData\RawData\DAT\2026\20260713\143_SALES_DATA_NNME_13072026.DAT,5365,601768706cbfc58af44d69d32381fadfe8c46386195ab463edadfaa723b75cee
2026,2026-07-13,144_SALES_DATA_NNME_13072026.DAT,C:\Users\jonat\PycharmProjects\NSWpropertyData\RawData\DAT\2026\20260713\144_SALES_DATA_NNME_13072026.DAT,28833,3ff927fe27945c377fb7a73acf624bf7a8e9caab5bbe0809b3dfbf7858d1d59e
2026,2026-07-13,148_SALES_DATA_NNME_13072026.DAT,C:\Users\jonat\PycharmProjects\NSWpropertyData\RawData\DAT\2026\20260713\148_SALES_DATA_NNME_13072026.DAT,8398,65eb5eef922839ba7873003ad6ee180194cf62abea5bf636766b416c70962096
2026,2026-07-13,149_SALES_DATA_NNME_13072026.DAT,C:\Users\jonat\PycharmProjects\NSWpropertyData\RawData\DAT\2026\20260713\149_SALES_DATA_NNME_13072026.DAT,939,6b416dea195b319271b8d33316516ca22f2fb0d88b67460df32b1e891f1e6616
2026,2026-07-13,150_SALES_DATA_NNME_13072026.DAT,C:\Users\jonat\PycharmProjects\NSWpropertyData\RawData\DAT\2026\20260713\150_SALES_DATA_NNME_13072026.DAT,6890,e1bb16d0d4fa0d547bab6d2fa065fe532f1d88226c71f7b6b202e632ba4b6c3c
2026,2026-07-13,151_SALES_DATA_NNME_13072026.DAT,C:\Users\jonat\PycharmProjects\NSWpropertyData\RawData\DAT\2026\20260713\151_SALES_DATA_NNME_13072026.DAT,2790,a897b98e1670c02be7cdc85823c1039c1e6650f8f7bb8258d6192b5940497f8b
2026,2026-07-13,152_SALES_DATA_NNME_13072026.DAT,C:\Users\jonat\PycharmProjects\NSWpropertyData\RawData\DAT\2026\20260713\152_SALES_DATA_NNME_13072026.DAT,9767,5b4e5e61c62db90ce1e14becd45a22fd9b2c14a5a9dcfcf46c8ead6c0236bdcf
2026,2026-07-13,157_SALES_DATA_NNME_13072026.DAT,C:\Users\jonat\PycharmProjects\NSWpropertyData\RawData\DAT\2026\20260713\157_SALES_DATA_NNME_13072026.DAT,3216,17e34ee32393402696d54580ab7cae7e1bc26351156ae636766860fd746f90e2
2026,2026-07-13,158_SALES_DATA_NNME_13072026.DAT,C:\Users\jonat\PycharmProjects\NSWpropertyData\RawData\DAT\2026\20260713\158_SALES_DATA_NNME_13072026.DAT,1287,ed60dbdc3c8b973d001c01bace300f29c55ab00f345bc9fe4a233b3bb7185ad6
2026,2026-07-13,159_SALES_DATA_NNME_13072026.DAT,C:\Users\jonat\PycharmProjects\NSWpropertyData\RawData\DAT\2026\20260713\159_SALES_DATA_NNME_13072026.DAT,4628,31fd6651e07401428595f47dfb981f58955b6281cf63d4eade7590d8996a0e47
2026,2026-07-13,164_SALES_DATA_NNME_13072026.DAT,C:\Users\jonat\PycharmProjects\NSWpropertyData\RawData\DAT\2026\20260713\164_SALES_DATA_NNME_13072026.DAT,3862,d77d53dc512dea042d629f4f2e20916abf78f3201b643a10b037a748b3cbde6f
2026,2026-07-13,171_SALES_DATA_NNME_13072026.DAT,C:\Users\jonat\PycharmProjects\NSWpropertyData\RawData\DAT\2026\20260713\171_SALES_DATA_NNME_13072026.DAT,17617,c73b9a1e1ea11a5c9e4f956412887f0feba342539d29f7d80216b945d33d92f7
2026,2026-07-13,187_SALES_DATA_NNME_13072026.DAT,C:\Users\jonat\PycharmProjects\NSWpropertyData\RawData\DAT\2026\20260713\187_SALES_DATA_NNME_13072026.DAT,1981,c8c105d0a25019b0880b37e5f2c45c6907382b83f5f33512585c2626cfb0b0d5
2026,2026-07-13,188_SALES_DATA_NNME_13072026.DAT,C:\Users\jonat\PycharmProjects\NSWpropertyData\RawData\DAT\2026\20260713\188_SALES_DATA_NNME_13072026.DAT,2913,2145c466b2dde63626e3252a8be4cbd3e585db550527f144692cb874e6aa9d3e
2026,2026-07-13,192_SALES_DATA_NNME_13072026.DAT,C:\Users\jonat\PycharmProjects\NSWpropertyData\RawData\DAT\2026\20260713\192_SALES_DATA_NNME_13072026.DAT,2616,0a335dbbbebc1728baa61f3489c45c68e51b786570f482b482caa3636904d961
2026,2026-07-13,199_SALES_DATA_NNME_13072026.DAT,C:\Users\jonat\PycharmProjects\NSWpropertyData\RawData\DAT\2026\20260713\199_SALES_DATA_NNME_13072026.DAT,1107,cbb8eb9e099c8c53eb413f2b99889868ea0a060235cdb7e14ae039ac8340310e
2026,2026-07-13,207_SALES_DATA_NNME_13072026.DAT,C:\Users\jonat\PycharmProjects\NSWpropertyData\RawData\DAT\2026\20260713\207_SALES_DATA_NNME_13072026.DAT,11181,d5dfff3dce7c90f8f8b537cf902f85d08a3b877b4357c806464174a1ea16eca9
2026,2026-07-13,209_SALES_DATA_NNME_13072026.DAT,C:\Users\jonat\PycharmProjects\NSWpropertyData\RawData\DAT\2026\20260713\209_SALES_DATA_NNME_13072026.DAT,8145,4739f40d05031ec308a95ba1300abfd91d94d3a92b8c8c2c41a3b376ba9f4754
2026,2026-07-13,210_SALES_DATA_NNME_13072026.DAT,C:\Users\jonat\PycharmProjects\NSWpropertyData\RawData\DAT\2026\20260713\210_SALES_DATA_NNME_13072026.DAT,3835,cd1eecce921bb540cf5c22b6daae33526b577be5c94565693131d192cf9e80e2
2026,2026-07-13,214_SALES_DATA_NNME_13072026.DAT,C:\Users\jonat\PycharmProjects\NSWpropertyData\RawData\DAT\2026\20260713\214_SALES_DATA_NNME_13072026.DAT,31475,9e7f0d81c8f17adc4b8032e6b90b1cc9115c40b71c3fd22c8c7ac40bd85f6f23
2026,2026-07-13,216_SALES_DATA_NNME_13072026.DAT,C:\Users\jonat\PycharmProjects\NSWpropertyData\RawData\DAT\2026\20260713\216_SALES_DATA_NNME_13072026.DAT,7540,dd8dcc2ec49d17e23f12b7e5f0cec4a82dd3fb3626ee2b23c5818857fef2da86
2026,2026-07-13,217_SALES_DATA_NNME_13072026.DAT,C:\Users\jonat\PycharmProjects\NSWpropertyData\RawData\DAT\2026\20260713\217_SALES_DATA_NNME_13072026.DAT,58748,c7a89085b7c53bf8d9909db8de1f548bcbabc9edd9f60b14dbc64f2f6855bbbd
2026,2026-07-13,218_SALES_DATA_NNME_13072026.DAT,C:\Users\jonat\PycharmProjects\NSWpropertyData\RawData\DAT\2026\20260713\218_SALES_DATA_NNME_13072026.DAT,24502,5951d2013b31cdd1ca643d0333fef86b177d2e080f5d8039bd57e2246ee8c304
2026,2026-07-13,219_SALES_DATA_NNME_13072026.DAT,C:\Users\jonat\PycharmProjects\NSWpropertyData\RawData\DAT\2026\20260713\219_SALES_DATA_NNME_13072026.DAT,8318,fa52aa16ea5199bf4815a2b80e2589a2b5324fe43bdc0856d81a740f80674368
2026,2026-07-13,220_SALES_DATA_NNME_13072026.DAT,C:\Users\jonat\PycharmProjects\NSWpropertyData\RawData\DAT\2026\20260713\220_SALES_DATA_NNME_13072026.DAT,11323,d2ba6d52f37534907b2b2ee59e90ddb632487c6caa45b729b8d2d05a4d1863d1
2026,2026-07-13,222_SALES_DATA_NNME_13072026.DAT,C:\Users\jonat\PycharmProjects\NSWpropertyData\RawData\DAT\2026\20260713\222_SALES_DATA_NNME_13072026.DAT,1729,49bcae3980967ebb7f9e2dcc4e69ad5704fab18e4d0e9c3440f6823ebc039668
2026,2026-07-13,223_SALES_DATA_NNME_13072026.DAT,C:\Users\jonat\PycharmProjects\NSWpropertyData\RawData\DAT\2026\20260713\223_SALES_DATA_NNME_13072026.DAT,37223,79e2693ad60f0a1e559191faf914a1323003b82c3fabac7599b6cae413717739
2026,2026-07-13,224_SALES_DATA_NNME_13072026.DAT,C:\Users\jonat\PycharmProjects\NSWpropertyData\RawData\DAT\2026\20260713\224_SALES_DATA_NNME_13072026.DAT,38337,941aa97dda85371fc0f223a772059477538b7c8b2e48c65d6eb419117dfc00c8
2026,2026-07-13,226_SALES_DATA_NNME_13072026.DAT,C:\Users\jonat\PycharmProjects\NSWpropertyData\RawData\DAT\2026\20260713\226_SALES_DATA_NNME_13072026.DAT,8194,8708e0b80b308a04a6d194ead80747883b4e4e9b49527bed656f5d964f756f8b
2026,2026-07-13,230_SALES_DATA_NNME_13072026.DAT,C:\Users\jonat\PycharmProjects\NSWpropertyData\RawData\DAT\2026\20260713\230_SALES_DATA_NNME_13072026.DAT,342,ba0f0320a31194180e07fb9f65e51d708dfbf5b55da3ff19262ed0c0923eee4c
2026,2026-07-13,231_SALES_DATA_NNME_13072026.DAT,C:\Users\jonat\PycharmProjects\NSWpropertyData\RawData\DAT\2026\20260713\231_SALES_DATA_NNME_13072026.DAT,874,33d9c0b8bbccc911516cc7abc914057ef7a272c3442527305a41cf94b83d50f2
2026,2026-07-13,232_SALES_DATA_NNME_13072026.DAT,C:\Users\jonat\PycharmProjects\NSWpropertyData\RawData\DAT\2026\20260713\232_SALES_DATA_NNME_13072026.DAT,374,a73374369465a63ca90e0438c62ee7e6707ae5eb18a0e2a4eb902d3db8575058
2026,2026-07-13,233_SALES_DATA_NNME_13072026.DAT,C:\Users\jonat\PycharmProjects\NSWpropertyData\RawData\DAT\2026\20260713\233_SALES_DATA_NNME_13072026.DAT,847,13abb554d70e1d21b4158431d6f17ac724619a4ab7d34e53a20bdccb639f5bfb
2026,2026-07-13,234_SALES_DATA_NNME_13072026.DAT,C:\Users\jonat\PycharmProjects\NSWpropertyData\RawData\DAT\2026\20260713\234_SALES_DATA_NNME_13072026.DAT,3007,e6a325a8272a64ff2e27dd88fddfd2509bc342fd46107dc4d983991150cbc2d8
2026,2026-07-13,235_SALES_DATA_NNME_13072026.DAT,C:\Users\jonat\PycharmProjects\NSWpropertyData\RawData\DAT\2026\20260713\235_SALES_DATA_NNME_13072026.DAT,970,d7adc86ed00cd4806274b1e83277b910404ad76a077505970d1fb69f2b330495
2026,2026-07-13,236_SALES_DATA_NNME_13072026.DAT,C:\Users\jonat\PycharmProjects\NSWpropertyData\RawData\DAT\2026\20260713\236_SALES_DATA_NNME_13072026.DAT,324,d58772e624b236c58cc0d3c151d0e128192661608eb002de61a1e58d85885438
2026,2026-07-13,238_SALES_DATA_NNME_13072026.DAT,C:\Users\jonat\PycharmProjects\NSWpropertyData\RawData\DAT\2026\20260713\238_SALES_DATA_NNME_13072026.DAT,421,261fc003e18012a9c56e4a733964324016e7e290bfe0b564c068670257242500
2026,2026-07-13,240_SALES_DATA_NNME_13072026.DAT,C:\Users\jonat\PycharmProjects\NSWpropertyData\RawData\DAT\2026\20260713\240_SALES_DATA_NNME_13072026.DAT,667,63848548f6dcc6af80e5b645e530d1653457d931bc0417f1a0621f299117394f
2026,2026-07-13,243_SALES_DATA_NNME_13072026.DAT,C:\Users\jonat\PycharmProjects\NSWpropertyData\RawData\DAT\2026\20260713\243_SALES_DATA_NNME_13072026.DAT,699,92b8c6a7ce659ae617615837c7b1ff043fddc05fb041e57cf9c113281fa89df2
2026,2026-07-13,244_SALES_DATA_NNME_13072026.DAT,C:\Users\jonat\PycharmProjects\NSWpropertyData\RawData\DAT\2026\20260713\244_SALES_DATA_NNME_13072026.DAT,1197,9206a897f228d29e906af9bec43130776f8d58bfa4b7c9f8f313a8450a314ad9
2026,2026-07-13,247_SALES_DATA_NNME_13072026.DAT,C:\Users\jonat\PycharmProjects\NSWpropertyData\RawData\DAT\2026\20260713\247_SALES_DATA_NNME_13072026.DAT,3170,abb94303b0179bd3d55718688803199e90b1d447b5da363f8206e899affdb5d9
2026,2026-07-13,250_SALES_DATA_NNME_13072026.DAT,C:\Users\jonat\PycharmProjects\NSWpropertyData\RawData\DAT\2026\20260713\250_SALES_DATA_NNME_13072026.DAT,3203,2aea943bd75bdd2008763dfa1d0fb05a403487a3adc28acaca2ebdb858ddc3a4
2026,2026-07-13,251_SALES_DATA_NNME_13072026.DAT,C:\Users\jonat\PycharmProjects\NSWpropertyData\RawData\DAT\2026\20260713\251_SALES_DATA_NNME_13072026.DAT,669,a51d60aac5a9df60ea80acced381093c234bd039d9fec5995e8ddf31f082333b
2026,2026-07-13,252_SALES_DATA_NNME_13072026.DAT,C:\Users\jonat\PycharmProjects\NSWpropertyData\RawData\DAT\2026\20260713\252_SALES_DATA_NNME_13072026.DAT,372,dfffb78ac28d505dd2c5d563301c489a0cb7123aaf982107e13a3e07ac60e756
2026,2026-07-13,253_SALES_DATA_NNME_13072026.DAT,C:\Users\jonat\PycharmProjects\NSWpropertyData\RawData\DAT\2026\20260713\253_SALES_DATA_NNME_13072026.DAT,1163,677d2ec5049c8cef975ff85249cd24e4eff94bb5674866f7f0786d6145b0117c
2026,2026-07-13,254_SALES_DATA_NNME_13072026.DAT,C:\Users\jonat\PycharmProjects\NSWpropertyData\RawData\DAT\2026\20260713\254_SALES_DATA_NNME_13072026.DAT,775,3b0be00e0f5fa9baac390dadf241c14ce60ae53d8519560fc043bd40602de3eb
2026,2026-07-13,255_SALES_DATA_NNME_13072026.DAT,C:\Users\jonat\PycharmProjects\NSWpropertyData\RawData\DAT\2026\20260713\255_SALES_DATA_NNME_13072026.DAT,296,d1eb6c38e5593af25c566e5c75a65d18351855d45570faa57cca968adde6b03c
2026,2026-07-13,257_SALES_DATA_NNME_13072026.DAT,C:\Users\jonat\PycharmProjects\NSWpropertyData\RawData\DAT\2026\20260713\257_SALES_DATA_NNME_13072026.DAT,4693,74a2b59655af3ade09041a6261b9d3f5112f9d167dd1c8ae7d3e4104466a0825
2026,2026-07-13,258_SALES_DATA_NNME_13072026.DAT,C:\Users\jonat\PycharmProjects\NSWpropertyData\RawData\DAT\2026\20260713\258_SALES_DATA_NNME_13072026.DAT,41296,56ef84a0e880a11dd037dfd02036f8ffb2c6a7bdcb46b5102f8f4591d329d97f
2026,2026-07-13,259_SALES_DATA_NNME_13072026.DAT,C:\Users\jonat\PycharmProjects\NSWpropertyData\RawData\DAT\2026\20260713\259_SALES_DATA_NNME_13072026.DAT,56525,5ac397d7bd50ff4da863d09a042916f3a20f565ed937f4a154ad68216d60b480
2026,2026-07-13,260_SALES_DATA_NNME_13072026.DAT,C:\Users\jonat\PycharmProjects\NSWpropertyData\RawData\DAT\2026\20260713\260_SALES_DATA_NNME_13072026.DAT,33721,8e29a3d907ff6b4c7630a64f1d4fe9d1c6a826f30ba15e2672a235864dc83ed9
2026,2026-07-13,261_SALES_DATA_NNME_13072026.DAT,C:\Users\jonat\PycharmProjects\NSWpropertyData\RawData\DAT\2026\20260713\261_SALES_DATA_NNME_13072026.DAT,19062,ba89a584d47ec3935771331513379e1d228e2a9186da4c50832c805b0c3c8314
2026,2026-07-13,262_SALES_DATA_NNME_13072026.DAT,C:\Users\jonat\PycharmProjects\NSWpropertyData\RawData\DAT\2026\20260713\262_SALES_DATA_NNME_13072026.DAT,1300,7eec5ce270a75a0fe9f50e834b81c90cf24805451daf6803558ac317219cd503
2026,2026-07-13,263_SALES_DATA_NNME_13072026.DAT,C:\Users\jonat\PycharmProjects\NSWpropertyData\RawData\DAT\2026\20260713\263_SALES_DATA_NNME_13072026.DAT,2803,11959183e04f05c801f819c45b1e1be5b9e379a9bd186c333b6edae2b7dc9cc8
2026,2026-07-13,264_SALES_DATA_NNME_13072026.DAT,C:\Users\jonat\PycharmProjects\NSWpropertyData\RawData\DAT\2026\20260713\264_SALES_DATA_NNME_13072026.DAT,10211,241860020ac69b91a617048e8ec42f474aa4edc9e78ff859ec598c9397619945
2026,2026-07-13,265_SALES_DATA_NNME_13072026.DAT,C:\Users\jonat\PycharmProjects\NSWpropertyData\RawData\DAT\2026\20260713\265_SALES_DATA_NNME_13072026.DAT,2249,dc94a45f9af9d2684a0b26f1729d8cb2d180e8814a6e61165dcb2e196e956dbe
2026,2026-07-13,266_SALES_DATA_NNME_13072026.DAT,C:\Users\jonat\PycharmProjects\NSWpropertyData\RawData\DAT\2026\20260713\266_SALES_DATA_NNME_13072026.DAT,4658,ec6a80714ed377da61af773acb72c834ae76482a7c1ca5b11b89394adb9a638c
2026,2026-07-13,267_SALES_DATA_NNME_13072026.DAT,C:\Users\jonat\PycharmProjects\NSWpropertyData\RawData\DAT\2026\20260713\267_SALES_DATA_NNME_13072026.DAT,17154,e513b86504305c97390770b472048ff4c8b750cfa4bfc3b7380e8bd5104ab78e
2026,2026-07-13,268_SALES_DATA_NNME_13072026.DAT,C:\Users\jonat\PycharmProjects\NSWpropertyData\RawData\DAT\2026\20260713\268_SALES_DATA_NNME_13072026.DAT,14257,3992cb6a8881a48ef48c5935a8b49cd80c89eb18ad53084a7be7441627fceb9a
2026,2026-07-13,269_SALES_DATA_NNME_13072026.DAT,C:\Users\jonat\PycharmProjects\NSWpropertyData\RawData\DAT\2026\20260713\269_SALES_DATA_NNME_13072026.DAT,3442,7eb8efbeaee683117fa8ad411d5c4a6dbbccb463792d0b576161fd15805f6e2d
2026,2026-07-13,270_SALES_DATA_NNME_13072026.DAT,C:\Users\jonat\PycharmProjects\NSWpropertyData\RawData\DAT\2026\20260713\270_SALES_DATA_NNME_13072026.DAT,928,c76550960cfa4215560ea054977dfdf125239794b225eda4c377ea5591574354
2026,2026-07-13,271_SALES_DATA_NNME_13072026.DAT,C:\Users\jonat\PycharmProjects\NSWpropertyData\RawData\DAT\2026\20260713\271_SALES_DATA_NNME_13072026.DAT,24893,90f20c013f199752b7f232af97e8797c1dc9646ec4d88b4ddcd18481eec186d4
2026,2026-07-13,272_SALES_DATA_NNME_13072026.DAT,C:\Users\jonat\PycharmProjects\NSWpropertyData\RawData\DAT\2026\20260713\272_SALES_DATA_NNME_13072026.DAT,17034,7de0a1b8bb8e220fc7ac316b2dacd85b95ca620f2a5ea15459d4b9847f1f860e
2026,2026-07-13,273_SALES_DATA_NNME_13072026.DAT,C:\Users\jonat\PycharmProjects\NSWpropertyData\RawData\DAT\2026\20260713\273_SALES_DATA_NNME_13072026.DAT,5316,0d06349b64caf6cb22a749526ded5317b7025ff5be4eee98640dbdd57ae6f7fa
2026,2026-07-13,274_SALES_DATA_NNME_13072026.DAT,C:\Users\jonat\PycharmProjects\NSWpropertyData\RawData\DAT\2026\20260713\274_SALES_DATA_NNME_13072026.DAT,2526,6a1f50f0ec3342541571178827ba654f4c7bd9b305010c539729863a3bb01bc2
2026,2026-07-13,275_SALES_DATA_NNME_13072026.DAT,C:\Users\jonat\PycharmProjects\NSWpropertyData\RawData\DAT\2026\20260713\275_SALES_DATA_NNME_13072026.DAT,9334,506561c8872fc0fad20c4cf19df8eaf3fd3a863cf9c24785937d90e372a4c191
2026,2026-07-13,276_SALES_DATA_NNME_13072026.DAT,C:\Users\jonat\PycharmProjects\NSWpropertyData\RawData\DAT\2026\20260713\276_SALES_DATA_NNME_13072026.DAT,20229,a26881a7845b89c7bd5d8d0079e77609f074aadbadd9250ae01c769baac6c102
2026,2026-07-13,300_SALES_DATA_NNME_13072026.DAT,C:\Users\jonat\PycharmProjects\NSWpropertyData\RawData\DAT\2026\20260713\300_SALES_DATA_NNME_13072026.DAT,323,b2f714ebf3b338dd26b1f28844b894055b8faa856f6352a06fe42710b696cdf1
2026,2026-07-13,301_SALES_DATA_NNME_13072026.DAT,C:\Users\jonat\PycharmProjects\NSWpropertyData\RawData\DAT\2026\20260713\301_SALES_DATA_NNME_13072026.DAT,2284,c6fac9b7ef706854f19ae0cb412ce4e3ab37527ed59ac7ad1a4f594747eb08c3
2026,2026-07-13,302_SALES_DATA_NNME_13072026.DAT,C:\Users\jonat\PycharmProjects\NSWpropertyData\RawData\DAT\2026\20260713\302_SALES_DATA_NNME_13072026.DAT,1281,4b1206a6a3f41b2887d1ac21a58b1e7a6d2e2affffeb6b04ac4ab61fc94e8e5b
2026,2026-07-13,303_SALES_DATA_NNME_13072026.DAT,C:\Users\jonat\PycharmProjects\NSWpropertyData\RawData\DAT\2026\20260713\303_SALES_DATA_NNME_13072026.DAT,7849,e97dec0b390dae48e65be8a8999fe37845b3adbf4c3c75a0443da7bb7112a151
2026,2026-07-13,511_SALES_DATA_NNME_13072026.DAT,C:\Users\jonat\PycharmProjects\NSWpropertyData\RawData\DAT\2026\20260713\511_SALES_DATA_NNME_13072026.DAT,1204,a7c8c3df2a9303827354c7d9ab07d6587ead8652d3895fffa38c0781b7295dc3
2026,2026-07-13,526_SALES_DATA_NNME_13072026.DAT,C:\Users\jonat\PycharmProjects\NSWpropertyData\RawData\DAT\2026\20260713\526_SALES_DATA_NNME_13072026.DAT,858,7d0ef6f23755a4d1fb4d067d9d24249d80db85bad55f15759334a607952376e0
2026,2026-07-13,528_SALES_DATA_NNME_13072026.DAT,C:\Users\jonat\PycharmProjects\NSWpropertyData\RawData\DAT\2026\20260713\528_SALES_DATA_NNME_13072026.DAT,2526,6e3d9a6a3584efdfb5656e7059321e81a74fb7a595dc3b581c0bda1a71132394
2026,2026-07-13,529_SALES_DATA_NNME_13072026.DAT,C:\Users\jonat\PycharmProjects\NSWpropertyData\RawData\DAT\2026\20260713\529_SALES_DATA_NNME_13072026.DAT,7066,dea9a063bc6f7451f5336790e01ce99637f795e7fefaa9ef4a3db5f36bbb5970
2026,2026-07-13,537_SALES_DATA_NNME_13072026.DAT,C:\Users\jonat\PycharmProjects\NSWpropertyData\RawData\DAT\2026\20260713\537_SALES_DATA_NNME_13072026.DAT,3056,6da133f7eb282a4f8db5a5b76e90116967738a2adf5b70940c58a88f620ef82e
2026,2026-07-13,538_SALES_DATA_NNME_13072026.DAT,C:\Users\jonat\PycharmProjects\NSWpropertyData\RawData\DAT\2026\20260713\538_SALES_DATA_NNME_13072026.DAT,614,b4c846addc08157161575e070718332edb81cf143064e3c09598a3cf239edac4
2026,2026-07-13,560_SALES_DATA_NNME_13072026.DAT,C:\Users\jonat\PycharmProjects\NSWpropertyData\RawData\DAT\2026\20260713\560_SALES_DATA_NNME_13072026.DAT,1277,b7a9d676e1475df721e92cfe69c691e876f666bb8b5a56a40473b625cd561e4a
2026,2026-07-13,575_SALES_DATA_NNME_13072026.DAT,C:\Users\jonat\PycharmProjects\NSWpropertyData\RawData\DAT\2026\20260713\575_SALES_DATA_NNME_13072026.DAT,9698,5d4ed5a49bac6b9eb7fc30a546f60c8e3b903460f13e21d32a3c422e43358cbd
2026,2026-07-13,608_SALES_DATA_NNME_13072026.DAT,C:\Users\jonat\PycharmProjects\NSWpropertyData\RawData\DAT\2026\20260713\608_SALES_DATA_NNME_13072026.DAT,5933,556f658b18bc36bd1ec62f442a618977246d681c1d489375100c3bfeb2e06cb8
2026,2026-07-13,620_SALES_DATA_NNME_13072026.DAT,C:\Users\jonat\PycharmProjects\NSWpropertyData\RawData\DAT\2026\20260713\620_SALES_DATA_NNME_13072026.DAT,4598,889c60b17fc7cd5906545d41f99da4914f53c58b175bdc191110e566c50de050
2026,2026-07-13,656_SALES_DATA_NNME_13072026.DAT,C:\Users\jonat\PycharmProjects\NSWpropertyData\RawData\DAT\2026\20260713\656_SALES_DATA_NNME_13072026.DAT,16942,48878e095a415a5147c7b9eca79f4e2c4cb8fc9c6871949a24df03e98eb3975b
2026,2026-07-13,666_SALES_DATA_NNME_13072026.DAT,C:\Users\jonat\PycharmProjects\NSWpropertyData\RawData\DAT\2026\20260713\666_SALES_DATA_NNME_13072026.DAT,10823,c8fa6380ab3ae042c83cb1832a19a9041cd227c3e587bdf8da7460741972c456
2026,2026-07-13,708_SALES_DATA_NNME_13072026.DAT,C:\Users\jonat\PycharmProjects\NSWpropertyData\RawData\DAT\2026\20260713\708_SALES_DATA_NNME_13072026.DAT,31831,9a24d801c0e88ad04a8a933d1efca869b44f58f8c2865754e384d9ffa7083814
2026,2026-07-20,001_SALES_DATA_NNME_20072026.DAT,C:\Users\jonat\PycharmProjects\NSWpropertyData\RawData\DAT\2026\20260720\001_SALES_DATA_NNME_20072026.DAT,14710,01e28a195db314a18ad3520a68b1f97cde32b1528283de0fac69c35a8c1e0066
2026,2026-07-20,002_SALES_DATA_NNME_20072026.DAT,C:\Users\jonat\PycharmProjects\NSWpropertyData\RawData\DAT\2026\20260720\002_SALES_DATA_NNME_20072026.DAT,1309,b01ee144247baef2a31e3164b4c0e9a9b9dbd54f22bd9178b4cc54f4d8cd140f
2026,2026-07-20,004_SALES_DATA_NNME_20072026.DAT,C:\Users\jonat\PycharmProjects\NSWpropertyData\RawData\DAT\2026\20260720\004_SALES_DATA_NNME_20072026.DAT,19428,a1437f08a9aa2b72d5cd472fa374274857fc7f1d78e528089b32615497496315
2026,2026-07-20,005_SALES_DATA_NNME_20072026.DAT,C:\Users\jonat\PycharmProjects\NSWpropertyData\RawData\DAT\2026\20260720\005_SALES_DATA_NNME_20072026.DAT,11885,9ca554777e514ef513e3af2fce8f4d9c7623ca15588afe5f05e6232fdfea0962
2026,2026-07-20,007_SALES_DATA_NNME_20072026.DAT,C:\Users\jonat\PycharmProjects\NSWpropertyData\RawData\DAT\2026\20260720\007_SALES_DATA_NNME_20072026.DAT,9177,5af8ade21598bbd7b71a881dac915ee9d199d358a9fb762a42f3d3341a533bda
2026,2026-07-20,008_SALES_DATA_NNME_20072026.DAT,C:\Users\jonat\PycharmProjects\NSWpropertyData\RawData\DAT\2026\20260720\008_SALES_DATA_NNME_20072026.DAT,17939,45ce333277412ede6d28c18435519183ea5efa71f76938d71472540e97a8fabb
2026,2026-07-20,010_SALES_DATA_NNME_20072026.DAT,C:\Users\jonat\PycharmProjects\NSWpropertyData\RawData\DAT\2026\20260720\010_SALES_DATA_NNME_20072026.DAT,6562,7783a1cf7af2ec5f16013deb8346c1d5031e44b3a813430dfdba3b8cab6d18c5
2026,2026-07-20,012_SALES_DATA_NNME_20072026.DAT,C:\Users\jonat\PycharmProjects\NSWpropertyData\RawData\DAT\2026\20260720\012_SALES_DATA_NNME_20072026.DAT,1104,0a3358a7cf289408bc8b5c1f2b58519d822c98bea1daf3f3f08abe58f16891e8
2026,2026-07-20,018_SALES_DATA_NNME_20072026.DAT,C:\Users\jonat\PycharmProjects\NSWpropertyData\RawData\DAT\2026\20260720\018_SALES_DATA_NNME_20072026.DAT,3917,c00110b975de6d0c8f744c2d490854593c445a529b4e61ef562a2fa5321fd07b
2026,2026-07-20,042_SALES_DATA_NNME_20072026.DAT,C:\Users\jonat\PycharmProjects\NSWpropertyData\RawData\DAT\2026\20260720\042_SALES_DATA_NNME_20072026.DAT,1849,450f984bf560826f93db24ecce8ef147b3401f8f0db91b88d01500d3ed83097e
2026,2026-07-20,043_SALES_DATA_NNME_20072026.DAT,C:\Users\jonat\PycharmProjects\NSWpropertyData\RawData\DAT\2026\20260720\043_SALES_DATA_NNME_20072026.DAT,290,0796b57aee776c78a02f315a1f2b0b06a0e55a02665382b2a40144d558f59605
2026,2026-07-20,050_SALES_DATA_NNME_20072026.DAT,C:\Users\jonat\PycharmProjects\NSWpropertyData\RawData\DAT\2026\20260720\050_SALES_DATA_NNME_20072026.DAT,8161,ab4e05621b15e69f662000a4cc1e1d32b51f80df66d79babed95685172cd31b6
2026,2026-07-20,051_SALES_DATA_NNME_20072026.DAT,C:\Users\jonat\PycharmProjects\NSWpropertyData\RawData\DAT\2026\20260720\051_SALES_DATA_NNME_20072026.DAT,573,8c829cf069d639387fcd5034d50f427c1de59f372e73f3b260dab48a3752e790
2026,2026-07-20,052_SALES_DATA_NNME_20072026.DAT,C:\Users\jonat\PycharmProjects\NSWpropertyData\RawData\DAT\2026\20260720\052_SALES_DATA_NNME_20072026.DAT,909,acea2e76d7999515b42f58f2cdec4bf1b598120792aa8d93bd649b1eea11c16c
2026,2026-07-20,054_SALES_DATA_NNME_20072026.DAT,C:\Users\jonat\PycharmProjects\NSWpropertyData\RawData\DAT\2026\20260720\054_SALES_DATA_NNME_20072026.DAT,866,67fa8e9bbb2f056f7f5fffb40c46e7d5075faf252cddba49db3b6ceb5a643942
2026,2026-07-20,061_SALES_DATA_NNME_20072026.DAT,C:\Users\jonat\PycharmProjects\NSWpropertyData\RawData\DAT\2026\20260720\061_SALES_DATA_NNME_20072026.DAT,580,ef460e6cfbfc4692ed8242495b23488e307513a55428f0c5fe23bfa5ac67b995
2026,2026-07-20,065_SALES_DATA_NNME_20072026.DAT,C:\Users\jonat\PycharmProjects\NSWpropertyData\RawData\DAT\2026\20260720\065_SALES_DATA_NNME_20072026.DAT,2056,72fed2503d5305d0c9378020f1503f95a6c6208bee9c83fb3bf4238d6dbd3150
2026,2026-07-20,066_SALES_DATA_NNME_20072026.DAT,C:\Users\jonat\PycharmProjects\NSWpropertyData\RawData\DAT\2026\20260720\066_SALES_DATA_NNME_20072026.DAT,822,7990544f41fe4e190018fe821a8d888ea7c5323e177723ad42ad9091da2cb9c9
2026,2026-07-20,070_SALES_DATA_NNME_20072026.DAT,C:\Users\jonat\PycharmProjects\NSWpropertyData\RawData\DAT\2026\20260720\070_SALES_DATA_NNME_20072026.DAT,1013,aaba25d2d7f1c68966f7743821d6e8a3f692e75707b2556c7420f15592ed8e6f
2026,2026-07-20,074_SALES_DATA_NNME_20072026.DAT,C:\Users\jonat\PycharmProjects\NSWpropertyData\RawData\DAT\2026\20260720\074_SALES_DATA_NNME_20072026.DAT,1743,45c5acb01b0868600bf795ff6db5bc67efafc8a6a89f4cff9585e155a103aaad
2026,2026-07-20,081_SALES_DATA_NNME_20072026.DAT,C:\Users\jonat\PycharmProjects\NSWpropertyData\RawData\DAT\2026\20260720\081_SALES_DATA_NNME_20072026.DAT,19587,63cb74f1d7a96ead3f2cb4696c9fc02cdb8cb06c8ac189dbc56bfe104246f8a7
2026,2026-07-20,082_SALES_DATA_NNME_20072026.DAT,C:\Users\jonat\PycharmProjects\NSWpropertyData\RawData\DAT\2026\20260720\082_SALES_DATA_NNME_20072026.DAT,11458,9fd78adf509203b155a2e0613d69cc9d7e7582914b253010e12733d1583fcb6e
2026,2026-07-20,083_SALES_DATA_NNME_20072026.DAT,C:\Users\jonat\PycharmProjects\NSWpropertyData\RawData\DAT\2026\20260720\083_SALES_DATA_NNME_20072026.DAT,1884,559ef287de2b809d7ab7637bb519b977d753b6d72a02431afc993a4eb35abb0f
2026,2026-07-20,084_SALES_DATA_NNME_20072026.DAT,C:\Users\jonat\PycharmProjects\NSWpropertyData\RawData\DAT\2026\20260720\084_SALES_DATA_NNME_20072026.DAT,12356,fd9cf1c0a762c58528f28a4aed4929e800e91284c8aad24533e3dcb25fbe9714
2026,2026-07-20,085_SALES_DATA_NNME_20072026.DAT,C:\Users\jonat\PycharmProjects\NSWpropertyData\RawData\DAT\2026\20260720\085_SALES_DATA_NNME_20072026.DAT,6170,55095b80ea13122e1721ad27391704e405b6fec63902eb5652ec2f42d7ac3793
2026,2026-07-20,087_SALES_DATA_NNME_20072026.DAT,C:\Users\jonat\PycharmProjects\NSWpropertyData\RawData\DAT\2026\20260720\087_SALES_DATA_NNME_20072026.DAT,3055,da0f50f799d91f17f0d2763bf93bae5a28133dda582f8d4068220f3edadf4da2
2026,2026-07-20,088_SALES_DATA_NNME_20072026.DAT,C:\Users\jonat\PycharmProjects\NSWpropertyData\RawData\DAT\2026\20260720\088_SALES_DATA_NNME_20072026.DAT,7462,8a4e79936405f99a01f78ab1e5bda029875927de884f3844138974b864e5e64e
2026,2026-07-20,090_SALES_DATA_NNME_20072026.DAT,C:\Users\jonat\PycharmProjects\NSWpropertyData\RawData\DAT\2026\20260720\090_SALES_DATA_NNME_20072026.DAT,11015,1640767359d63e8a0de9cd93814cbf205173ce8fdfaf1b4f6d5008b8a58aef4b
2026,2026-07-20,092_SALES_DATA_NNME_20072026.DAT,C:\Users\jonat\PycharmProjects\NSWpropertyData\RawData\DAT\2026\20260720\092_SALES_DATA_NNME_20072026.DAT,3863,8e576b5694e1a040840382236a8fff2eab6c13fa592a9db569ad46078fccca9c
2026,2026-07-20,097_SALES_DATA_NNME_20072026.DAT,C:\Users\jonat\PycharmProjects\NSWpropertyData\RawData\DAT\2026\20260720\097_SALES_DATA_NNME_20072026.DAT,4520,02166704e0bbfdf5fe6a69ea1f75cfb79d9272e5b6f42079fdc12ee277917b11
2026,2026-07-20,098_SALES_DATA_NNME_20072026.DAT,C:\Users\jonat\PycharmProjects\NSWpropertyData\RawData\DAT\2026\20260720\098_SALES_DATA_NNME_20072026.DAT,1189,98e115a1f90613303143d38d6eda5feaf9b188ddf3e66316527d22ed27a74579
2026,2026-07-20,100_SALES_DATA_NNME_20072026.DAT,C:\Users\jonat\PycharmProjects\NSWpropertyData\RawData\DAT\2026\20260720\100_SALES_DATA_NNME_20072026.DAT,9297,9f4020cd74ad3a8fe174aab8d11faa150d398e1463dd4218a091dbd6427a225f
2026,2026-07-20,101_SALES_DATA_NNME_20072026.DAT,C:\Users\jonat\PycharmProjects\NSWpropertyData\RawData\DAT\2026\20260720\101_SALES_DATA_NNME_20072026.DAT,14651,6c591ebc03f8fa35c0b25530aa4b69ca0e38c98ba1981cdb6586b4f0632af7bd
2026,2026-07-20,102_SALES_DATA_NNME_20072026.DAT,C:\Users\jonat\PycharmProjects\NSWpropertyData\RawData\DAT\2026\20260720\102_SALES_DATA_NNME_20072026.DAT,5813,52d1d0f1fe9ef96ae0853e14987aaf53c511ab24fee9c0ecf71c263f4d2b947b
2026,2026-07-20,103_SALES_DATA_NNME_20072026.DAT,C:\Users\jonat\PycharmProjects\NSWpropertyData\RawData\DAT\2026\20260720\103_SALES_DATA_NNME_20072026.DAT,21992,22d44f901ef7229b05952643b7747385e03eabddebd10c2ae80c37cd74aefe98
2026,2026-07-20,109_SALES_DATA_NNME_20072026.DAT,C:\Users\jonat\PycharmProjects\NSWpropertyData\RawData\DAT\2026\20260720\109_SALES_DATA_NNME_20072026.DAT,989,29772851974cf3d4998513d0792997bb54274a75eb6fb69e415518c806a25085
2026,2026-07-20,116_SALES_DATA_NNME_20072026.DAT,C:\Users\jonat\PycharmProjects\NSWpropertyData\RawData\DAT\2026\20260720\116_SALES_DATA_NNME_20072026.DAT,1987,8ad4764a0286c71a72e30488c0751c91930e2218d488a88f277b7c1be710029a
2026,2026-07-20,117_SALES_DATA_NNME_20072026.DAT,C:\Users\jonat\PycharmProjects\NSWpropertyData\RawData\DAT\2026\20260720\117_SALES_DATA_NNME_20072026.DAT,1064,9549cf5ea148596349c5d8236e5b87a7cbb91c3dbcbb6d620ca3ce1004b07cc5
2026,2026-07-20,118_SALES_DATA_NNME_20072026.DAT,C:\Users\jonat\PycharmProjects\NSWpropertyData\RawData\DAT\2026\20260720\118_SALES_DATA_NNME_20072026.DAT,594,01675af39dd8979ad0359a5bf3fc2945efd2d000d827026bd7c9ffbed4c58104
2026,2026-07-20,123_SALES_DATA_NNME_20072026.DAT,C:\Users\jonat\PycharmProjects\NSWpropertyData\RawData\DAT\2026\20260720\123_SALES_DATA_NNME_20072026.DAT,583,70dff755b98770ddd9baf73298f5623e552dbabd2f1448e0a49b130053eef883
2026,2026-07-20,124_SALES_DATA_NNME_20072026.DAT,C:\Users\jonat\PycharmProjects\NSWpropertyData\RawData\DAT\2026\20260720\124_SALES_DATA_NNME_20072026.DAT,5252,ecad97ab97f4c7378cf15ccd0f67422ae4bf6332898071c6053d4cfaf29c2926
2026,2026-07-20,137_SALES_DATA_NNME_20072026.DAT,C:\Users\jonat\PycharmProjects\NSWpropertyData\RawData\DAT\2026\20260720\137_SALES_DATA_NNME_20072026.DAT,1893,41503c6b778e18e3e84a1470423398127dfe70cabfd007e1ade253f11607a819
2026,2026-07-20,139_SALES_DATA_NNME_20072026.DAT,C:\Users\jonat\PycharmProjects\NSWpropertyData\RawData\DAT\2026\20260720\139_SALES_DATA_NNME_20072026.DAT,9508,d4b297e33775871d4ff872e5d4146d1dac57c2c5f7278f25227ece6c735b2e99
2026,2026-07-20,143_SALES_DATA_NNME_20072026.DAT,C:\Users\jonat\PycharmProjects\NSWpropertyData\RawData\DAT\2026\20260720\143_SALES_DATA_NNME_20072026.DAT,7531,37dfb69ecf4dfebebb500912432f7cc78dd4ca42621252d35367566262846812
2026,2026-07-20,144_SALES_DATA_NNME_20072026.DAT,C:\Users\jonat\PycharmProjects\NSWpropertyData\RawData\DAT\2026\20260720\144_SALES_DATA_NNME_20072026.DAT,24421,7a24df09638f83fbcddd465459a50bf93ba8f967f2772a6f02d06e0e04726f4c
2026,2026-07-20,148_SALES_DATA_NNME_20072026.DAT,C:\Users\jonat\PycharmProjects\NSWpropertyData\RawData\DAT\2026\20260720\148_SALES_DATA_NNME_20072026.DAT,2839,ba96425853fb86d38f9d77637b0b0a5ef8850d85b876d552bc77670294e60334
2026,2026-07-20,149_SALES_DATA_NNME_20072026.DAT,C:\Users\jonat\PycharmProjects\NSWpropertyData\RawData\DAT\2026\20260720\149_SALES_DATA_NNME_20072026.DAT,2226,d1e107b7538150c9cb74bd91a506c56f2e548ff13860ba9c4d8e1efe0e855313
2026,2026-07-20,150_SALES_DATA_NNME_20072026.DAT,C:\Users\jonat\PycharmProjects\NSWpropertyData\RawData\DAT\2026\20260720\150_SALES_DATA_NNME_20072026.DAT,4926,d82f3f0817a21cdcbc4b684ff59e971d327b2e2e64a924b65562cad66e45905d
2026,2026-07-20,151_SALES_DATA_NNME_20072026.DAT,C:\Users\jonat\PycharmProjects\NSWpropertyData\RawData\DAT\2026\20260720\151_SALES_DATA_NNME_20072026.DAT,3879,e8baae243ed532df14d3b91db4fa3ce6b6addeaf667b41698070049bb441785f
2026,2026-07-20,152_SALES_DATA_NNME_20072026.DAT,C:\Users\jonat\PycharmProjects\NSWpropertyData\RawData\DAT\2026\20260720\152_SALES_DATA_NNME_20072026.DAT,6469,bfd782c1594999af4e7e45c5b6e2517c7fa49d508dc01b8e686552d5bd4aec28
2026,2026-07-20,157_SALES_DATA_NNME_20072026.DAT,C:\Users\jonat\PycharmProjects\NSWpropertyData\RawData\DAT\2026\20260720\157_SALES_DATA_NNME_20072026.DAT,5184,d2778e3688a2f6a2a3e08b4d3a23c73a0cb88e0fbe193f1792e55e697fe1c774
2026,2026-07-20,158_SALES_DATA_NNME_20072026.DAT,C:\Users\jonat\PycharmProjects\NSWpropertyData\RawData\DAT\2026\20260720\158_SALES_DATA_NNME_20072026.DAT,1922,bcaf7ae20664bb83445dd2aaea67bf875b1f8c2d7c0f49ea449914de99da5b13
2026,2026-07-20,159_SALES_DATA_NNME_20072026.DAT,C:\Users\jonat\PycharmProjects\NSWpropertyData\RawData\DAT\2026\20260720\159_SALES_DATA_NNME_20072026.DAT,3527,515f937c18b06bbfd97a2bc13fe621e1a207c58b001700772f5547c73f1ae13d
2026,2026-07-20,164_SALES_DATA_NNME_20072026.DAT,C:\Users\jonat\PycharmProjects\NSWpropertyData\RawData\DAT\2026\20260720\164_SALES_DATA_NNME_20072026.DAT,2882,e445503b1be2b3467c5dabd2baa7e18589373fe902ea9176be1b65d6a5895ed5
2026,2026-07-20,171_SALES_DATA_NNME_20072026.DAT,C:\Users\jonat\PycharmProjects\NSWpropertyData\RawData\DAT\2026\20260720\171_SALES_DATA_NNME_20072026.DAT,14258,b6cda43a6d6c17c380bc496e26051eaf1a5956dd671ba8c018f5a3e0ca447217
2026,2026-07-20,187_SALES_DATA_NNME_20072026.DAT,C:\Users\jonat\PycharmProjects\NSWpropertyData\RawData\DAT\2026\20260720\187_SALES_DATA_NNME_20072026.DAT,3241,fe18536f887a36955b02b0af7446db9c8c40895a3e427352b95e0492acd1794b
2026,2026-07-20,188_SALES_DATA_NNME_20072026.DAT,C:\Users\jonat\PycharmProjects\NSWpropertyData\RawData\DAT\2026\20260720\188_SALES_DATA_NNME_20072026.DAT,1434,43c823badf171be9c3ce4c4a7482a05244aced2aeb5a4836c532a316f7166e34
2026,2026-07-20,192_SALES_DATA_NNME_20072026.DAT,C:\Users\jonat\PycharmProjects\NSWpropertyData\RawData\DAT\2026\20260720\192_SALES_DATA_NNME_20072026.DAT,2615,25d5d1134d3b32e0a56190da24e4f9d80a508dde9d23cde1752e838168825906
2026,2026-07-20,199_SALES_DATA_NNME_20072026.DAT,C:\Users\jonat\PycharmProjects\NSWpropertyData\RawData\DAT\2026\20260720\199_SALES_DATA_NNME_20072026.DAT,1200,4915d1a030c968017fc5537942d79032f0a5fb02b5e1ee3f81cf46b41b672303
2026,2026-07-20,207_SALES_DATA_NNME_20072026.DAT,C:\Users\jonat\PycharmProjects\NSWpropertyData\RawData\DAT\2026\20260720\207_SALES_DATA_NNME_20072026.DAT,10479,6a31a5b2bbb0fdc0f8b497bd8a23ae290a1e15e91e060a9dbcc2b34e7386cd22
2026,2026-07-20,209_SALES_DATA_NNME_20072026.DAT,C:\Users\jonat\PycharmProjects\NSWpropertyData\RawData\DAT\2026\20260720\209_SALES_DATA_NNME_20072026.DAT,3648,ae300f0f0b18613071dbd41baeb96f6f8a8ae48f96a37387d93919e93f406689
2026,2026-07-20,210_SALES_DATA_NNME_20072026.DAT,C:\Users\jonat\PycharmProjects\NSWpropertyData\RawData\DAT\2026\20260720\210_SALES_DATA_NNME_20072026.DAT,4803,a3ac4448ab9eb52cb8119decec8eefaaa2ab5558b5d1aec7c8a4d5c834140ea2
2026,2026-07-20,214_SALES_DATA_NNME_20072026.DAT,C:\Users\jonat\PycharmProjects\NSWpropertyData\RawData\DAT\2026\20260720\214_SALES_DATA_NNME_20072026.DAT,26450,864d9754002bd68addb8b5dd9341d6f631e82863aab36036880f5a0213f7830f
2026,2026-07-20,216_SALES_DATA_NNME_20072026.DAT,C:\Users\jonat\PycharmProjects\NSWpropertyData\RawData\DAT\2026\20260720\216_SALES_DATA_NNME_20072026.DAT,7429,f9e7e853015f9c8aa71229f6af9eeb24bba376d6bacde3a0f6a0a0d32acbee28
2026,2026-07-20,217_SALES_DATA_NNME_20072026.DAT,C:\Users\jonat\PycharmProjects\NSWpropertyData\RawData\DAT\2026\20260720\217_SALES_DATA_NNME_20072026.DAT,11801,fc1af3e348f541c9ee68dc56fd77ab1fcfc6423bed727e8d77171633791bf33e
2026,2026-07-20,218_SALES_DATA_NNME_20072026.DAT,C:\Users\jonat\PycharmProjects\NSWpropertyData\RawData\DAT\2026\20260720\218_SALES_DATA_NNME_20072026.DAT,15184,fe96936ea291c07a743fa5cc5d8930932cf6e108389fa04d3f5cd6e16cd08d0f
2026,2026-07-20,219_SALES_DATA_NNME_20072026.DAT,C:\Users\jonat\PycharmProjects\NSWpropertyData\RawData\DAT\2026\20260720\219_SALES_DATA_NNME_20072026.DAT,3420,af623085912cc2163d2be8f9b7f96400d7b41d664d46d28ffc9f27ab27bd9064
2026,2026-07-20,220_SALES_DATA_NNME_20072026.DAT,C:\Users\jonat\PycharmProjects\NSWpropertyData\RawData\DAT\2026\20260720\220_SALES_DATA_NNME_20072026.DAT,15075,ad75ad22b51a5a642bbd47b68631fc6b5788757863acf392d55e7b928d181c1a
2026,2026-07-20,222_SALES_DATA_NNME_20072026.DAT,C:\Users\jonat\PycharmProjects\NSWpropertyData\RawData\DAT\2026\20260720\222_SALES_DATA_NNME_20072026.DAT,1452,a9781724516736abca0659a2950f39a4fae64fd6b92c10e0ec1a217e448965bb
2026,2026-07-20,223_SALES_DATA_NNME_20072026.DAT,C:\Users\jonat\PycharmProjects\NSWpropertyData\RawData\DAT\2026\20260720\223_SALES_DATA_NNME_20072026.DAT,10253,1c6eb831c9ded792682cf88b854ec2aacc3a913d0ee77bd630c8fe19961abf65
2026,2026-07-20,224_SALES_DATA_NNME_20072026.DAT,C:\Users\jonat\PycharmProjects\NSWpropertyData\RawData\DAT\2026\20260720\224_SALES_DATA_NNME_20072026.DAT,17767,6f8dba60138f58204363cc0336bf2b55d86fb3ba05b97ec61a95f00ba7797acd
2026,2026-07-20,226_SALES_DATA_NNME_20072026.DAT,C:\Users\jonat\PycharmProjects\NSWpropertyData\RawData\DAT\2026\20260720\226_SALES_DATA_NNME_20072026.DAT,7340,968267899390f0f3f7395a4985b21fab69b175d18583f904fa9018b0be994eb4
2026,2026-07-20,230_SALES_DATA_NNME_20072026.DAT,C:\Users\jonat\PycharmProjects\NSWpropertyData\RawData\DAT\2026\20260720\230_SALES_DATA_NNME_20072026.DAT,380,10fe0595cd16c52d3d4a6361cfe711a0715c50796d2101582047af37d2a16331
2026,2026-07-20,231_SALES_DATA_NNME_20072026.DAT,C:\Users\jonat\PycharmProjects\NSWpropertyData\RawData\DAT\2026\20260720\231_SALES_DATA_NNME_20072026.DAT,877,a7e5c4879c8fd77f1f44d90def60125b89738a4f51162cd7f0c0fda1110db073
2026,2026-07-20,232_SALES_DATA_NNME_20072026.DAT,C:\Users\jonat\PycharmProjects\NSWpropertyData\RawData\DAT\2026\20260720\232_SALES_DATA_NNME_20072026.DAT,906,ed2b915c80270085c702a53bd5d88058570b2224c50f48bf4dc59d03bd8d83b0
2026,2026-07-20,233_SALES_DATA_NNME_20072026.DAT,C:\Users\jonat\PycharmProjects\NSWpropertyData\RawData\DAT\2026\20260720\233_SALES_DATA_NNME_20072026.DAT,337,a955fe850e44c00ab4a0c5237df43631c1680bb5cee8c08016672d1fdf0e6434
2026,2026-07-20,234_SALES_DATA_NNME_20072026.DAT,C:\Users\jonat\PycharmProjects\NSWpropertyData\RawData\DAT\2026\20260720\234_SALES_DATA_NNME_20072026.DAT,2787,11b0f312613670fc0061162808e248c759238372cd00d2bc12aac3711605cf28
2026,2026-07-20,235_SALES_DATA_NNME_20072026.DAT,C:\Users\jonat\PycharmProjects\NSWpropertyData\RawData\DAT\2026\20260720\235_SALES_DATA_NNME_20072026.DAT,322,3ff9d1803b047afaf13388ba6fe5666e609352b2bdb334b6fc3437daf018e094
2026,2026-07-20,236_SALES_DATA_NNME_20072026.DAT,C:\Users\jonat\PycharmProjects\NSWpropertyData\RawData\DAT\2026\20260720\236_SALES_DATA_NNME_20072026.DAT,826,190e7389697d38ac133bdb92f6e079fbf27854e9662e386615a0cf5a4fc7818e
2026,2026-07-20,238_SALES_DATA_NNME_20072026.DAT,C:\Users\jonat\PycharmProjects\NSWpropertyData\RawData\DAT\2026\20260720\238_SALES_DATA_NNME_20072026.DAT,576,373e70f75b376756167c3770c958ea8f6c9f5d94277038f85cbf0d34ad3bee76
2026,2026-07-20,239_SALES_DATA_NNME_20072026.DAT,C:\Users\jonat\PycharmProjects\NSWpropertyData\RawData\DAT\2026\20260720\239_SALES_DATA_NNME_20072026.DAT,536,f9c661d40eca6a35eca449720cda77c2a65b07c23aeb9d5aa1a0aa27b28289d9
2026,2026-07-20,240_SALES_DATA_NNME_20072026.DAT,C:\Users\jonat\PycharmProjects\NSWpropertyData\RawData\DAT\2026\20260720\240_SALES_DATA_NNME_20072026.DAT,351,5fddfb5cb86a60d54f9a3d3a29e54c319e52251266541b165f12f11bf904fb59
2026,2026-07-20,243_SALES_DATA_NNME_20072026.DAT,C:\Users\jonat\PycharmProjects\NSWpropertyData\RawData\DAT\2026\20260720\243_SALES_DATA_NNME_20072026.DAT,293,ea494c7bb7836dc162c6b0438b8cdf0402d527b4a109177c5dce2384b93e0c1d
2026,2026-07-20,244_SALES_DATA_NNME_20072026.DAT,C:\Users\jonat\PycharmProjects\NSWpropertyData\RawData\DAT\2026\20260720\244_SALES_DATA_NNME_20072026.DAT,895,c68906b0f903e7bdebc1119cd5ffd0a7491ae059f389dd4a15bcbaeb038f4a4d
2026,2026-07-20,247_SALES_DATA_NNME_20072026.DAT,C:\Users\jonat\PycharmProjects\NSWpropertyData\RawData\DAT\2026\20260720\247_SALES_DATA_NNME_20072026.DAT,376,541fd51caece5be7af529f0af25db7b1ad8d2ab97a5afcfdcd46bb5d1b8582f4
2026,2026-07-20,250_SALES_DATA_NNME_20072026.DAT,C:\Users\jonat\PycharmProjects\NSWpropertyData\RawData\DAT\2026\20260720\250_SALES_DATA_NNME_20072026.DAT,3335,7c1bc5a1c86f39a2bd69e8ef51f7c35db8f33b50f52b08555f00a140f23ff77a
2026,2026-07-20,252_SALES_DATA_NNME_20072026.DAT,C:\Users\jonat\PycharmProjects\NSWpropertyData\RawData\DAT\2026\20260720\252_SALES_DATA_NNME_20072026.DAT,823,20d6dbf4ae80a247d2d4c17b80b0d5ee592ffe926416809ec3d719c55f0d0872
2026,2026-07-20,253_SALES_DATA_NNME_20072026.DAT,C:\Users\jonat\PycharmProjects\NSWpropertyData\RawData\DAT\2026\20260720\253_SALES_DATA_NNME_20072026.DAT,548,5fd0d64536483335920d1bcb85728d01de4c2b0a31843565a675614e1c5c0844
2026,2026-07-20,254_SALES_DATA_NNME_20072026.DAT,C:\Users\jonat\PycharmProjects\NSWpropertyData\RawData\DAT\2026\20260720\254_SALES_DATA_NNME_20072026.DAT,623,fdb1b21c803b936bbd64aa038b831e8ac005cac6ffa04b35bd8e8bf248899405
2026,2026-07-20,255_SALES_DATA_NNME_20072026.DAT,C:\Users\jonat\PycharmProjects\NSWpropertyData\RawData\DAT\2026\20260720\255_SALES_DATA_NNME_20072026.DAT,1797,2406c18844aa498778f542a41e3de20a91c30ed87082045f33ca41af9ab3adc7
2026,2026-07-20,257_SALES_DATA_NNME_20072026.DAT,C:\Users\jonat\PycharmProjects\NSWpropertyData\RawData\DAT\2026\20260720\257_SALES_DATA_NNME_20072026.DAT,5038,421109ff56b838672e7213720501e32ad9a5803fcb501239308228557f10dde6
2026,2026-07-20,258_SALES_DATA_NNME_20072026.DAT,C:\Users\jonat\PycharmProjects\NSWpropertyData\RawData\DAT\2026\20260720\258_SALES_DATA_NNME_20072026.DAT,25524,1eccef58590641a39d92aeb635362241119e770c51fafcf2dbfd96147f06805a
2026,2026-07-20,259_SALES_DATA_NNME_20072026.DAT,C:\Users\jonat\PycharmProjects\NSWpropertyData\RawData\DAT\2026\20260720\259_SALES_DATA_NNME_20072026.DAT,33781,aaf0c45ece702ac47e8987e724851b5737845f09c1f47963a08db737a66c9fec
2026,2026-07-20,260_SALES_DATA_NNME_20072026.DAT,C:\Users\jonat\PycharmProjects\NSWpropertyData\RawData\DAT\2026\20260720\260_SALES_DATA_NNME_20072026.DAT,26554,175a09cf8e31e1075a2fbfee521fba907e39cb4b69d86bd366910863f3294e5b
2026,2026-07-20,261_SALES_DATA_NNME_20072026.DAT,C:\Users\jonat\PycharmProjects\NSWpropertyData\RawData\DAT\2026\20260720\261_SALES_DATA_NNME_20072026.DAT,20122,a6a5aa6b69f74a92c62e2362598fe883c969f3cd4ebddcb413facd32ff9e50e3
2026,2026-07-20,262_SALES_DATA_NNME_20072026.DAT,C:\Users\jonat\PycharmProjects\NSWpropertyData\RawData\DAT\2026\20260720\262_SALES_DATA_NNME_20072026.DAT,1131,dcf1a66925a0d8e7c03c5714c8e6a5d3b3fb757ddbc8f4f90f61b07be7406b65
2026,2026-07-20,263_SALES_DATA_NNME_20072026.DAT,C:\Users\jonat\PycharmProjects\NSWpropertyData\RawData\DAT\2026\20260720\263_SALES_DATA_NNME_20072026.DAT,816,5b1849bc956c4e93c5c507250e02a0330c4be354afff52028072463ad0d61d74
2026,2026-07-20,264_SALES_DATA_NNME_20072026.DAT,C:\Users\jonat\PycharmProjects\NSWpropertyData\RawData\DAT\2026\20260720\264_SALES_DATA_NNME_20072026.DAT,12031,71710e04682725d2326b462e2e310159507d38e31e0a7134faf8f5a516a6327e
2026,2026-07-20,265_SALES_DATA_NNME_20072026.DAT,C:\Users\jonat\PycharmProjects\NSWpropertyData\RawData\DAT\2026\20260720\265_SALES_DATA_NNME_20072026.DAT,2047,0dfb709fea82bb64f02aaaa5aa129d3b9cb2527c29048792fb46f4afa0cf1f7a
2026,2026-07-20,266_SALES_DATA_NNME_20072026.DAT,C:\Users\jonat\PycharmProjects\NSWpropertyData\RawData\DAT\2026\20260720\266_SALES_DATA_NNME_20072026.DAT,5510,ebe38789742a377c16962f6a2eff257a75be97f71eaa0933d479b1bcc56c8043
2026,2026-07-20,267_SALES_DATA_NNME_20072026.DAT,C:\Users\jonat\PycharmProjects\NSWpropertyData\RawData\DAT\2026\20260720\267_SALES_DATA_NNME_20072026.DAT,18314,df0d90c89ccc008d944af70891e2dfe82b155d57ed5dde1d3ffe174077f3e5ca
2026,2026-07-20,268_SALES_DATA_NNME_20072026.DAT,C:\Users\jonat\PycharmProjects\NSWpropertyData\RawData\DAT\2026\20260720\268_SALES_DATA_NNME_20072026.DAT,8938,50180d8aaa34137ca27cfeff068b7bb48135210edd1687d202ddcbfae6d07fe1
2026,2026-07-20,269_SALES_DATA_NNME_20072026.DAT,C:\Users\jonat\PycharmProjects\NSWpropertyData\RawData\DAT\2026\20260720\269_SALES_DATA_NNME_20072026.DAT,1145,7ff4df0578fa9b1c14d79c89e518ca0974fa36fc511718eb0b1f4a1b36245779
2026,2026-07-20,270_SALES_DATA_NNME_20072026.DAT,C:\Users\jonat\PycharmProjects\NSWpropertyData\RawData\DAT\2026\20260720\270_SALES_DATA_NNME_20072026.DAT,1138,bbc6c938651577b27957ac690b3a2339c2f4d902912a79f39a26ed20084b53a6
2026,2026-07-20,271_SALES_DATA_NNME_20072026.DAT,C:\Users\jonat\PycharmProjects\NSWpropertyData\RawData\DAT\2026\20260720\271_SALES_DATA_NNME_20072026.DAT,22218,4ee0752f86389c7543a9ef82dedb4dfa4ae4ddd48a263032a57161dfefdbc82f
2026,2026-07-20,272_SALES_DATA_NNME_20072026.DAT,C:\Users\jonat\PycharmProjects\NSWpropertyData\RawData\DAT\2026\20260720\272_SALES_DATA_NNME_20072026.DAT,8218,c893d7948325aeb07e1d26db8c1aa058372e13cc45dc725fea59b99756d7cde6
2026,2026-07-20,273_SALES_DATA_NNME_20072026.DAT,C:\Users\jonat\PycharmProjects\NSWpropertyData\RawData\DAT\2026\20260720\273_SALES_DATA_NNME_20072026.DAT,3116,96a4c758c0d33fbb859ce050b8cac2faa9c23e44dfc34afd444d7cc895162983
2026,2026-07-20,274_SALES_DATA_NNME_20072026.DAT,C:\Users\jonat\PycharmProjects\NSWpropertyData\RawData\DAT\2026\20260720\274_SALES_DATA_NNME_20072026.DAT,1609,ab88602a1c3fb738205ae9105d7a67f43d3882ccc22cc9dc372c95ef9b1fbe3c
2026,2026-07-20,275_SALES_DATA_NNME_20072026.DAT,C:\Users\jonat\PycharmProjects\NSWpropertyData\RawData\DAT\2026\20260720\275_SALES_DATA_NNME_20072026.DAT,8196,0a17e37c8eac0af9c06096ea4c9a3b2ee2a3cecc005ac6e81bde06b45b691f1c
2026,2026-07-20,276_SALES_DATA_NNME_20072026.DAT,C:\Users\jonat\PycharmProjects\NSWpropertyData\RawData\DAT\2026\20260720\276_SALES_DATA_NNME_20072026.DAT,17347,bfb27b0a4601969a757197a5ed56fedcfaa372a38dd393ecd8907a1fd194fde7
2026,2026-07-20,300_SALES_DATA_NNME_20072026.DAT,C:\Users\jonat\PycharmProjects\NSWpropertyData\RawData\DAT\2026\20260720\300_SALES_DATA_NNME_20072026.DAT,336,b2a45e47c89431c2cfcfc50a0c5097315d25122a1fca2fd8d4ca47af1a3ba327
2026,2026-07-20,301_SALES_DATA_NNME_20072026.DAT,C:\Users\jonat\PycharmProjects\NSWpropertyData\RawData\DAT\2026\20260720\301_SALES_DATA_NNME_20072026.DAT,1516,d94aa9659486cccb1f48ad99d7baa29926a7dbc8b0753a62ceafb9feea94c27f
2026,2026-07-20,302_SALES_DATA_NNME_20072026.DAT,C:\Users\jonat\PycharmProjects\NSWpropertyData\RawData\DAT\2026\20260720\302_SALES_DATA_NNME_20072026.DAT,1367,23eeb06be33fcc5773249d9760c7af048c0b75ab896164aef74d5d59cffd6a51
2026,2026-07-20,303_SALES_DATA_NNME_20072026.DAT,C:\Users\jonat\PycharmProjects\NSWpropertyData\RawData\DAT\2026\20260720\303_SALES_DATA_NNME_20072026.DAT,4017,be1da6f886338a3d613dbc4ece7aa4251c685d2bdb923c0d1f6738ff8bf9a3d4
2026,2026-07-20,511_SALES_DATA_NNME_20072026.DAT,C:\Users\jonat\PycharmProjects\NSWpropertyData\RawData\DAT\2026\20260720\511_SALES_DATA_NNME_20072026.DAT,3081,72c5b9d19b4c3f397f6bfb6b4058bdf084397f7b56a740556a1053b857da2b45
2026,2026-07-20,526_SALES_DATA_NNME_20072026.DAT,C:\Users\jonat\PycharmProjects\NSWpropertyData\RawData\DAT\2026\20260720\526_SALES_DATA_NNME_20072026.DAT,1983,6f630ee55b623a6a311f6523573de6fab9f01c8f64326a11e99edaaf11faad54
2026,2026-07-20,528_SALES_DATA_NNME_20072026.DAT,C:\Users\jonat\PycharmProjects\NSWpropertyData\RawData\DAT\2026\20260720\528_SALES_DATA_NNME_20072026.DAT,998,052fa046a7cdfbd5d4e656e9bcf306fae146497bd9de91e856639c265839a9c2
2026,2026-07-20,529_SALES_DATA_NNME_20072026.DAT,C:\Users\jonat\PycharmProjects\NSWpropertyData\RawData\DAT\2026\20260720\529_SALES_DATA_NNME_20072026.DAT,5554,97372044f39ab99857e4f7cca11155402fae9aa9226f38406356dce98ddab407
2026,2026-07-20,537_SALES_DATA_NNME_20072026.DAT,C:\Users\jonat\PycharmProjects\NSWpropertyData\RawData\DAT\2026\20260720\537_SALES_DATA_NNME_20072026.DAT,1158,4046a79024cdab20d20edfb1b93b2839f711e312c3999ad71854fb65d3c8f12b
2026,2026-07-20,538_SALES_DATA_NNME_20072026.DAT,C:\Users\jonat\PycharmProjects\NSWpropertyData\RawData\DAT\2026\20260720\538_SALES_DATA_NNME_20072026.DAT,933,8eaff2e12742347292f8c745085e0e6e53a0f8cdc445fa7a420194eb60d1fbfb
2026,2026-07-20,560_SALES_DATA_NNME_20072026.DAT,C:\Users\jonat\PycharmProjects\NSWpropertyData\RawData\DAT\2026\20260720\560_SALES_DATA_NNME_20072026.DAT,1828,8cac8857a07d12b2970d598550a64f06b96e7dba2aceb8d1f281cf89f286659d
2026,2026-07-20,575_SALES_DATA_NNME_20072026.DAT,C:\Users\jonat\PycharmProjects\NSWpropertyData\RawData\DAT\2026\20260720\575_SALES_DATA_NNME_20072026.DAT,10809,6f8a950001633ac983a5c011374deececec6d27b2bf0cb5f9bc4649968667334
2026,2026-07-20,608_SALES_DATA_NNME_20072026.DAT,C:\Users\jonat\PycharmProjects\NSWpropertyData\RawData\DAT\2026\20260720\608_SALES_DATA_NNME_20072026.DAT,7110,62047094c1dbb7871a0659cf0565fb5ea49741394d397d20549ce94ee5e841d8
2026,2026-07-20,620_SALES_DATA_NNME_20072026.DAT,C:\Users\jonat\PycharmProjects\NSWpropertyData\RawData\DAT\2026\20260720\620_SALES_DATA_NNME_20072026.DAT,3660,afc8978ee74a3750f559d06065046d0217baedeee52b05fc4890bc56c745131d
2026,2026-07-20,656_SALES_DATA_NNME_20072026.DAT,C:\Users\jonat\PycharmProjects\NSWpropertyData\RawData\DAT\2026\20260720\656_SALES_DATA_NNME_20072026.DAT,8954,5f1f0ee49dbb9bd5ee89bd2954f19c5fed00e07e785ec2dd919665a93b97b315
2026,2026-07-20,666_SALES_DATA_NNME_20072026.DAT,C:\Users\jonat\PycharmProjects\NSWpropertyData\RawData\DAT\2026\20260720\666_SALES_DATA_NNME_20072026.DAT,10246,4223e06a9f0af8f0bba567b9ee0ebaa2382e76bbcfab6b304714bc49145ca039
2026,2026-07-20,708_SALES_DATA_NNME_20072026.DAT,C:\Users\jonat\PycharmProjects\NSWpropertyData\RawData\DAT\2026\20260720\708_SALES_DATA_NNME_20072026.DAT,28970,449e67dee436b5b2141aa2942bcc9d608914c6352613ebb978bf147e2dfa1748
2026,2026-07-27,001_SALES_DATA_NNME_27072026.DAT,C:\Users\jonat\PycharmProjects\NSWpropertyData\RawData\DAT\2026\20260727\001_SALES_DATA_NNME_27072026.DAT,16537,6dce743ad0d7edb65116d8a1ffc8dacf7fef57bca7994038300cbf524ab6330d
2026,2026-07-27,002_SALES_DATA_NNME_27072026.DAT,C:\Users\jonat\PycharmProjects\NSWpropertyData\RawData\DAT\2026\20260727\002_SALES_DATA_NNME_27072026.DAT,335,fa9198e06cbc7f5928e498bfc4c586e602bc1a0d5dc168b6a8f1c2f0fc79e30b
2026,2026-07-27,004_SALES_DATA_NNME_27072026.DAT,C:\Users\jonat\PycharmProjects\NSWpropertyData\RawData\DAT\2026\20260727\004_SALES_DATA_NNME_27072026.DAT,23269,88bcfbbac22db816480dbe1be1c3a7a219cd50b63d0e4eeb73f91127cb8acae4
2026,2026-07-27,005_SALES_DATA_NNME_27072026.DAT,C:\Users\jonat\PycharmProjects\NSWpropertyData\RawData\DAT\2026\20260727\005_SALES_DATA_NNME_27072026.DAT,9180,3f6764b4a21c9befe636e93104590a89b1d9e5b8f9a37a1b15c4a6e95dd1add5
2026,2026-07-27,007_SALES_DATA_NNME_27072026.DAT,C:\Users\jonat\PycharmProjects\NSWpropertyData\RawData\DAT\2026\20260727\007_SALES_DATA_NNME_27072026.DAT,3057,e5415c54561e309c21bda590543f771168fc1b1516ad3b670ca857c373d571aa
2026,2026-07-27,008_SALES_DATA_NNME_27072026.DAT,C:\Users\jonat\PycharmProjects\NSWpropertyData\RawData\DAT\2026\20260727\008_SALES_DATA_NNME_27072026.DAT,13658,fb49813d4933c20345bd37cca77aac7d7083e9a03726aad7e4674d91c6509c07
2026,2026-07-27,010_SALES_DATA_NNME_27072026.DAT,C:\Users\jonat\PycharmProjects\NSWpropertyData\RawData\DAT\2026\20260727\010_SALES_DATA_NNME_27072026.DAT,7878,59ad9643be61b799d46b6a90dfc836da9fca1d51c2cf4462009d78557cd10698
2026,2026-07-27,012_SALES_DATA_NNME_27072026.DAT,C:\Users\jonat\PycharmProjects\NSWpropertyData\RawData\DAT\2026\20260727\012_SALES_DATA_NNME_27072026.DAT,3148,ed75da18e639e23cb52ad6a0ffbe9c573031224f7d2628e69d467f372906ed5f
2026,2026-07-27,018_SALES_DATA_NNME_27072026.DAT,C:\Users\jonat\PycharmProjects\NSWpropertyData\RawData\DAT\2026\20260727\018_SALES_DATA_NNME_27072026.DAT,3749,0930d85617afaf2cc5810fe7d71e29121606e2ff89dbe265d080eb0e158f1c88
2026,2026-07-27,042_SALES_DATA_NNME_27072026.DAT,C:\Users\jonat\PycharmProjects\NSWpropertyData\RawData\DAT\2026\20260727\042_SALES_DATA_NNME_27072026.DAT,2279,899a9d7ae16a2c2736bdd021923eef1bc393c0e0d9bd57570fce6e46874d037f
2026,2026-07-27,043_SALES_DATA_NNME_27072026.DAT,C:\Users\jonat\PycharmProjects\NSWpropertyData\RawData\DAT\2026\20260727\043_SALES_DATA_NNME_27072026.DAT,603,74271b6075562cb90b23559557c14e693618b40d4962cf3ed28be67b486554e6
2026,2026-07-27,050_SALES_DATA_NNME_27072026.DAT,C:\Users\jonat\PycharmProjects\NSWpropertyData\RawData\DAT\2026\20260727\050_SALES_DATA_NNME_27072026.DAT,5395,694f5a126aa669ba1b4f9a6a9c2afa4f9c7af53a6fca97da2fcfa7f1735faf4e
2026,2026-07-27,051_SALES_DATA_NNME_27072026.DAT,C:\Users\jonat\PycharmProjects\NSWpropertyData\RawData\DAT\2026\20260727\051_SALES_DATA_NNME_27072026.DAT,1607,ef8025f56f0bb04980b1d431d5fc082cfd93247bd8f0fbdf4e58472c361bf951
2026,2026-07-27,052_SALES_DATA_NNME_27072026.DAT,C:\Users\jonat\PycharmProjects\NSWpropertyData\RawData\DAT\2026\20260727\052_SALES_DATA_NNME_27072026.DAT,624,6b8e6f852c7e00ce0ce7c7e3c6a7a777a1afdfb7e1c412d764dd6b67f10bc08a
2026,2026-07-27,054_SALES_DATA_NNME_27072026.DAT,C:\Users\jonat\PycharmProjects\NSWpropertyData\RawData\DAT\2026\20260727\054_SALES_DATA_NNME_27072026.DAT,883,c22f1b7d63c31b089b729ebc698d2ca96b4511ed00ed980ee72834111158d277
2026,2026-07-27,061_SALES_DATA_NNME_27072026.DAT,C:\Users\jonat\PycharmProjects\NSWpropertyData\RawData\DAT\2026\20260727\061_SALES_DATA_NNME_27072026.DAT,888,dab3b7da69f983ad8c4e69577bbae15eaa60cc52bb15a6dbfae515b3e2a2ae27
2026,2026-07-27,065_SALES_DATA_NNME_27072026.DAT,C:\Users\jonat\PycharmProjects\NSWpropertyData\RawData\DAT\2026\20260727\065_SALES_DATA_NNME_27072026.DAT,1135,8a0c4c3158911ac81e07282f130b6404e0ee08405197a33a1145cb839a6832da
2026,2026-07-27,066_SALES_DATA_NNME_27072026.DAT,C:\Users\jonat\PycharmProjects\NSWpropertyData\RawData\DAT\2026\20260727\066_SALES_DATA_NNME_27072026.DAT,327,54ed0fb43a0a16135034a751582eff907ad0c9679ded6e8c3c37ed0ea387b875
2026,2026-07-27,070_SALES_DATA_NNME_27072026.DAT,C:\Users\jonat\PycharmProjects\NSWpropertyData\RawData\DAT\2026\20260727\070_SALES_DATA_NNME_27072026.DAT,337,bb0f12c0c4ab9e40b638522bc5fc45aa78c94a4c206003a1d477aa7ca0fdf6e2
2026,2026-07-27,074_SALES_DATA_NNME_27072026.DAT,C:\Users\jonat\PycharmProjects\NSWpropertyData\RawData\DAT\2026\20260727\074_SALES_DATA_NNME_27072026.DAT,2853,d8bce4b144c12b08d6d156dc43a0404384cb43b94281be685a2e8c516b1fd9cb
2026,2026-07-27,081_SALES_DATA_NNME_27072026.DAT,C:\Users\jonat\PycharmProjects\NSWpropertyData\RawData\DAT\2026\20260727\081_SALES_DATA_NNME_27072026.DAT,20732,9f6b409ba226c023fb207f5b7ac2e2035223c250ff4f8a72ee99a5bc6eecea71
2026,2026-07-27,082_SALES_DATA_NNME_27072026.DAT,C:\Users\jonat\PycharmProjects\NSWpropertyData\RawData\DAT\2026\20260727\082_SALES_DATA_NNME_27072026.DAT,10975,8dee7c2e455f26f657f571dffeba314e9776cb12809867731416313449fc1e12
2026,2026-07-27,083_SALES_DATA_NNME_27072026.DAT,C:\Users\jonat\PycharmProjects\NSWpropertyData\RawData\DAT\2026\20260727\083_SALES_DATA_NNME_27072026.DAT,1697,748deee52137f13bc4dc64fcc59a9bc2b1c6b1d41fa66c5cbebe8f3da77a2549
2026,2026-07-27,084_SALES_DATA_NNME_27072026.DAT,C:\Users\jonat\PycharmProjects\NSWpropertyData\RawData\DAT\2026\20260727\084_SALES_DATA_NNME_27072026.DAT,7808,c6a8da6ac074ec0aa650b9569855deb06ffdc2fb2667c97837e359977231e846
2026,2026-07-27,085_SALES_DATA_NNME_27072026.DAT,C:\Users\jonat\PycharmProjects\NSWpropertyData\RawData\DAT\2026\20260727\085_SALES_DATA_NNME_27072026.DAT,15724,085a973a2432c6f8ca73ff5fd52c18901f04767f60db15e9261b03764b351c08
2026,2026-07-27,087_SALES_DATA_NNME_27072026.DAT,C:\Users\jonat\PycharmProjects\NSWpropertyData\RawData\DAT\2026\20260727\087_SALES_DATA_NNME_27072026.DAT,5438,05a05d35c2da0e2c325ccb66c518d84ed6c6ed725443545c63486039f7b43144
2026,2026-07-27,088_SALES_DATA_NNME_27072026.DAT,C:\Users\jonat\PycharmProjects\NSWpropertyData\RawData\DAT\2026\20260727\088_SALES_DATA_NNME_27072026.DAT,7511,38c84dabc4f3ba0ac779408fc4a4aed7e1862f1fa941bf4b4dab171ca162c34e
2026,2026-07-27,090_SALES_DATA_NNME_27072026.DAT,C:\Users\jonat\PycharmProjects\NSWpropertyData\RawData\DAT\2026\20260727\090_SALES_DATA_NNME_27072026.DAT,14892,bd8203d64774e51f2ca3964574b3fe98e98b184108c6ce9a4743362cb83ac68c
2026,2026-07-27,092_SALES_DATA_NNME_27072026.DAT,C:\Users\jonat\PycharmProjects\NSWpropertyData\RawData\DAT\2026\20260727\092_SALES_DATA_NNME_27072026.DAT,8098,d35bea9824725f98c66d76e3fb3259411986f8a38be4db104086428afa5c92ca
2026,2026-07-27,097_SALES_DATA_NNME_27072026.DAT,C:\Users\jonat\PycharmProjects\NSWpropertyData\RawData\DAT\2026\20260727\097_SALES_DATA_NNME_27072026.DAT,6467,ca0a89b1e72e764042cddcf26f72195f4590503fdbcc83113e4f802b0de96599
2026,2026-07-27,098_SALES_DATA_NNME_27072026.DAT,C:\Users\jonat\PycharmProjects\NSWpropertyData\RawData\DAT\2026\20260727\098_SALES_DATA_NNME_27072026.DAT,1229,4f9a3292f73d339302662aa675fc51ebec79f76ae26942926627119cf53e8583
2026,2026-07-27,100_SALES_DATA_NNME_27072026.DAT,C:\Users\jonat\PycharmProjects\NSWpropertyData\RawData\DAT\2026\20260727\100_SALES_DATA_NNME_27072026.DAT,9754,3fd00991e51bb90ecdd0f5bdaabf19cf67260a93f24cec1667620706c091a5f3
2026,2026-07-27,101_SALES_DATA_NNME_27072026.DAT,C:\Users\jonat\PycharmProjects\NSWpropertyData\RawData\DAT\2026\20260727\101_SALES_DATA_NNME_27072026.DAT,15992,f0072d86a6fa1fa7d1fa9b6685e188430288105dd1132209a73992cd70286c05
2026,2026-07-27,102_SALES_DATA_NNME_27072026.DAT,C:\Users\jonat\PycharmProjects\NSWpropertyData\RawData\DAT\2026\20260727\102_SALES_DATA_NNME_27072026.DAT,10307,44e03f65189dd5103f7b3b1ef6da07c5d72c2cb2cef71b2857ea114d3a5f3f98
2026,2026-07-27,103_SALES_DATA_NNME_27072026.DAT,C:\Users\jonat\PycharmProjects\NSWpropertyData\RawData\DAT\2026\20260727\103_SALES_DATA_NNME_27072026.DAT,15702,72f5e6213f687d39b421bc26afe18ccd150c9541f8b3ecaeaaf0b91efa31e5af
2026,2026-07-27,109_SALES_DATA_NNME_27072026.DAT,C:\Users\jonat\PycharmProjects\NSWpropertyData\RawData\DAT\2026\20260727\109_SALES_DATA_NNME_27072026.DAT,579,9f8a56ac5996f210cd9a5184fb1bbb34d0db75d596ff927072ca4cc32766958e
2026,2026-07-27,116_SALES_DATA_NNME_27072026.DAT,C:\Users\jonat\PycharmProjects\NSWpropertyData\RawData\DAT\2026\20260727\116_SALES_DATA_NNME_27072026.DAT,1145,f455f1e58fb8847f0c748d1f5b69c172bca63e913ff239b37317fb472a85b284
2026,2026-07-27,117_SALES_DATA_NNME_27072026.DAT,C:\Users\jonat\PycharmProjects\NSWpropertyData\RawData\DAT\2026\20260727\117_SALES_DATA_NNME_27072026.DAT,4478,6b4b2eb4c6a87de97bd2ea79dc956a69e3b443c77c1085dbaeaef2ffe70fb2dc
2026,2026-07-27,118_SALES_DATA_NNME_27072026.DAT,C:\Users\jonat\PycharmProjects\NSWpropertyData\RawData\DAT\2026\20260727\118_SALES_DATA_NNME_27072026.DAT,663,46208bc37a9bf4364ecab3cd38cc6827b98c3c1ce2e2aebe674e447490464499
2026,2026-07-27,123_SALES_DATA_NNME_27072026.DAT,C:\Users\jonat\PycharmProjects\NSWpropertyData\RawData\DAT\2026\20260727\123_SALES_DATA_NNME_27072026.DAT,637,be3867a022f5c21417b43b6d20d5c9d58cb1d877532cc1088ab3ed430bbb4826
2026,2026-07-27,124_SALES_DATA_NNME_27072026.DAT,C:\Users\jonat\PycharmProjects\NSWpropertyData\RawData\DAT\2026\20260727\124_SALES_DATA_NNME_27072026.DAT,5990,165f5bbeaa49504098f2bfead80ca81b0e75f48b544f40d40569b7ead494ef62
2026,2026-07-27,137_SALES_DATA_NNME_27072026.DAT,C:\Users\jonat\PycharmProjects\NSWpropertyData\RawData\DAT\2026\20260727\137_SALES_DATA_NNME_27072026.DAT,5143,791e7d3ace8432535c8a6d0c961a54d0ce0d2bd4c245cf67a0776cb3ecf142d2
2026,2026-07-27,139_SALES_DATA_NNME_27072026.DAT,C:\Users\jonat\PycharmProjects\NSWpropertyData\RawData\DAT\2026\20260727\139_SALES_DATA_NNME_27072026.DAT,6655,a4ef1186afe828dd3f9b1479145acebd49925be6fdd7c7bf5f707aed44782d07
2026,2026-07-27,143_SALES_DATA_NNME_27072026.DAT,C:\Users\jonat\PycharmProjects\NSWpropertyData\RawData\DAT\2026\20260727\143_SALES_DATA_NNME_27072026.DAT,3617,13024431c3c5844aadf9acdfa01e033ba6d22d97d9b6dc05655ce33e47ff0285
2026,2026-07-27,144_SALES_DATA_NNME_27072026.DAT,C:\Users\jonat\PycharmProjects\NSWpropertyData\RawData\DAT\2026\20260727\144_SALES_DATA_NNME_27072026.DAT,24328,853d9653b92f59d7bba580e1bbcd8cf60c75e364c58c569b344ccf857532dbbc
2026,2026-07-27,148_SALES_DATA_NNME_27072026.DAT,C:\Users\jonat\PycharmProjects\NSWpropertyData\RawData\DAT\2026\20260727\148_SALES_DATA_NNME_27072026.DAT,4808,5f6af07ee1ad5d3ac706ffcefccf62b7ef3b7b7647a3d7dc654bbed2ef3a6a4f
2026,2026-07-27,149_SALES_DATA_NNME_27072026.DAT,C:\Users\jonat\PycharmProjects\NSWpropertyData\RawData\DAT\2026\20260727\149_SALES_DATA_NNME_27072026.DAT,1831,74b7bcbd43ef8bb880067ef1ca8bf9df55897697ca31d2c125ad6d2d079233cb
2026,2026-07-27,150_SALES_DATA_NNME_27072026.DAT,C:\Users\jonat\PycharmProjects\NSWpropertyData\RawData\DAT\2026\20260727\150_SALES_DATA_NNME_27072026.DAT,2814,e6e7ee124887a7718fcc8e6e34bc604af7623666b177c3a9938028ec5a75f610
2026,2026-07-27,151_SALES_DATA_NNME_27072026.DAT,C:\Users\jonat\PycharmProjects\NSWpropertyData\RawData\DAT\2026\20260727\151_SALES_DATA_NNME_27072026.DAT,3874,903b815b07c882903ec8c73c68fc3f9a76626146100a8c23c099a26c1ba5677f
2026,2026-07-27,152_SALES_DATA_NNME_27072026.DAT,C:\Users\jonat\PycharmProjects\NSWpropertyData\RawData\DAT\2026\20260727\152_SALES_DATA_NNME_27072026.DAT,8632,b60591d948e9bd2c18d505f4896abe7d2ad72c9943e8216548388f7e179962c4
2026,2026-07-27,157_SALES_DATA_NNME_27072026.DAT,C:\Users\jonat\PycharmProjects\NSWpropertyData\RawData\DAT\2026\20260727\157_SALES_DATA_NNME_27072026.DAT,5978,4830692a3e5b024df1d3cdbbcd0fe41828449d63a9bb91c9d94c0e9fa96d1472
2026,2026-07-27,158_SALES_DATA_NNME_27072026.DAT,C:\Users\jonat\PycharmProjects\NSWpropertyData\RawData\DAT\2026\20260727\158_SALES_DATA_NNME_27072026.DAT,1467,e51fabe82d89c1091569b4a2ee53eaac6639bdf719be0414894df655afe52cb4
2026,2026-07-27,159_SALES_DATA_NNME_27072026.DAT,C:\Users\jonat\PycharmProjects\NSWpropertyData\RawData\DAT\2026\20260727\159_SALES_DATA_NNME_27072026.DAT,5997,63b58ce65b962505587dfd799561fc48407e30f7bb95e1da5b9036821208182b
2026,2026-07-27,164_SALES_DATA_NNME_27072026.DAT,C:\Users\jonat\PycharmProjects\NSWpropertyData\RawData\DAT\2026\20260727\164_SALES_DATA_NNME_27072026.DAT,2074,60535010f5e0e63147f5c0b4d40c65c61fafb35b50e8f93236ca103725f12f14
2026,2026-07-27,171_SALES_DATA_NNME_27072026.DAT,C:\Users\jonat\PycharmProjects\NSWpropertyData\RawData\DAT\2026\20260727\171_SALES_DATA_NNME_27072026.DAT,20704,4310af4a5efe19ca842f3503f79e63e443151bcf7d5d13977502d99b67257c6f
2026,2026-07-27,187_SALES_DATA_NNME_27072026.DAT,C:\Users\jonat\PycharmProjects\NSWpropertyData\RawData\DAT\2026\20260727\187_SALES_DATA_NNME_27072026.DAT,2092,2116cebb501f4376d1fc3b42645f6a7bb92bbccfbbb40cfd5a49f6d95fd59766
2026,2026-07-27,188_SALES_DATA_NNME_27072026.DAT,C:\Users\jonat\PycharmProjects\NSWpropertyData\RawData\DAT\2026\20260727\188_SALES_DATA_NNME_27072026.DAT,2241,e48507d99f34851c6ab2015bbdea3ab012bd408f1327973333cccf1166b2a37c
2026,2026-07-27,192_SALES_DATA_NNME_27072026.DAT,C:\Users\jonat\PycharmProjects\NSWpropertyData\RawData\DAT\2026\20260727\192_SALES_DATA_NNME_27072026.DAT,1349,8443c59a65103385384d6a6e07a8838cfb1fc6794a1e6d52347fc996e0dc2fe0
2026,2026-07-27,199_SALES_DATA_NNME_27072026.DAT,C:\Users\jonat\PycharmProjects\NSWpropertyData\RawData\DAT\2026\20260727\199_SALES_DATA_NNME_27072026.DAT,1197,079ab59e5618b6d3533029661319f8200f6e5339b6aeee7cb81f4f6e83394403
2026,2026-07-27,207_SALES_DATA_NNME_27072026.DAT,C:\Users\jonat\PycharmProjects\NSWpropertyData\RawData\DAT\2026\20260727\207_SALES_DATA_NNME_27072026.DAT,11501,1c45b16465e1b9af55d8e6c3071ce2e179acf7d48cd5b1102f53c09460d0df95
2026,2026-07-27,209_SALES_DATA_NNME_27072026.DAT,C:\Users\jonat\PycharmProjects\NSWpropertyData\RawData\DAT\2026\20260727\209_SALES_DATA_NNME_27072026.DAT,7454,b4002e6198490318ba6ec44ab7199e439b865243f3d92fd00b1077ba4512f76c
2026,2026-07-27,210_SALES_DATA_NNME_27072026.DAT,C:\Users\jonat\PycharmProjects\NSWpropertyData\RawData\DAT\2026\20260727\210_SALES_DATA_NNME_27072026.DAT,4551,b53f186cef298301fdbf19749396b11e6eae45bfd03318a50d3d76e3c786c9f2
2026,2026-07-27,214_SALES_DATA_NNME_27072026.DAT,C:\Users\jonat\PycharmProjects\NSWpropertyData\RawData\DAT\2026\20260727\214_SALES_DATA_NNME_27072026.DAT,33479,d7f0e15b9d64d5cdfcab37d0874a367b2da88fcce60a89e85cfd7da366a800cb
2026,2026-07-27,216_SALES_DATA_NNME_27072026.DAT,C:\Users\jonat\PycharmProjects\NSWpropertyData\RawData\DAT\2026\20260727\216_SALES_DATA_NNME_27072026.DAT,5743,09b8ba591a56c4ab4c4571dc165b9d16f446f93547390b18ef177ab388ef0651
2026,2026-07-27,217_SALES_DATA_NNME_27072026.DAT,C:\Users\jonat\PycharmProjects\NSWpropertyData\RawData\DAT\2026\20260727\217_SALES_DATA_NNME_27072026.DAT,13561,1607aa0e95e0afcfc22f8d2edf4f539e03fbcffc8676ce78e64fe52b3059dd89
2026,2026-07-27,218_SALES_DATA_NNME_27072026.DAT,C:\Users\jonat\PycharmProjects\NSWpropertyData\RawData\DAT\2026\20260727\218_SALES_DATA_NNME_27072026.DAT,12024,5dfaa8d8f342bdc390f6d68999c44e52218ae057328ab3af45456505b069beca
2026,2026-07-27,219_SALES_DATA_NNME_27072026.DAT,C:\Users\jonat\PycharmProjects\NSWpropertyData\RawData\DAT\2026\20260727\219_SALES_DATA_NNME_27072026.DAT,6876,16600c3474e313afeeeb6a68f99e21fb342cae579ba71d40ebd865003fc279a9
2026,2026-07-27,220_SALES_DATA_NNME_27072026.DAT,C:\Users\jonat\PycharmProjects\NSWpropertyData\RawData\DAT\2026\20260727\220_SALES_DATA_NNME_27072026.DAT,17247,6180d3b2de5fd3b3bf4f79ffe2945fae9789205f10ce85eb0160f8e0d32e26ff
2026,2026-07-27,222_SALES_DATA_NNME_27072026.DAT,C:\Users\jonat\PycharmProjects\NSWpropertyData\RawData\DAT\2026\20260727\222_SALES_DATA_NNME_27072026.DAT,2297,be9fefb19456613340ce5331b54bfc71f924326a4a9ded7d24bbd83e19037621
2026,2026-07-27,223_SALES_DATA_NNME_27072026.DAT,C:\Users\jonat\PycharmProjects\NSWpropertyData\RawData\DAT\2026\20260727\223_SALES_DATA_NNME_27072026.DAT,25010,8ea362b180d1f65f372b384b90be9a34586c2989ab4d2406e61e5f61d344cc3e
2026,2026-07-27,224_SALES_DATA_NNME_27072026.DAT,C:\Users\jonat\PycharmProjects\NSWpropertyData\RawData\DAT\2026\20260727\224_SALES_DATA_NNME_27072026.DAT,17352,c95b7976addd34bba251171e95f5ff0e8d5dcfdbc9a75f8925b6687564e2e8a3
2026,2026-07-27,226_SALES_DATA_NNME_27072026.DAT,C:\Users\jonat\PycharmProjects\NSWpropertyData\RawData\DAT\2026\20260727\226_SALES_DATA_NNME_27072026.DAT,8137,1ce51bafa962f9489f16c196e6438306220c3ac8ea71a9cc37019e7e5694e748
2026,2026-07-27,231_SALES_DATA_NNME_27072026.DAT,C:\Users\jonat\PycharmProjects\NSWpropertyData\RawData\DAT\2026\20260727\231_SALES_DATA_NNME_27072026.DAT,744,cf89ba855392c70c825ab9f3dc8b2902f4447580794808ee10931fbaab3fdfea
2026,2026-07-27,232_SALES_DATA_NNME_27072026.DAT,C:\Users\jonat\PycharmProjects\NSWpropertyData\RawData\DAT\2026\20260727\232_SALES_DATA_NNME_27072026.DAT,1046,df5bae7ba625f3c3274dd2c0c8c424bcb732f73e9a9eebcbd61fd63efd3f8b0f
2026,2026-07-27,234_SALES_DATA_NNME_27072026.DAT,C:\Users\jonat\PycharmProjects\NSWpropertyData\RawData\DAT\2026\20260727\234_SALES_DATA_NNME_27072026.DAT,4133,19efd458ccfffc1139a366b28e1b80b41dc926ba5717892a6a89f032a07331e4
2026,2026-07-27,235_SALES_DATA_NNME_27072026.DAT,C:\Users\jonat\PycharmProjects\NSWpropertyData\RawData\DAT\2026\20260727\235_SALES_DATA_NNME_27072026.DAT,297,55919b32e3f0603465d98df72d17d27d98aacbef6593be16d1085729c18dab59
2026,2026-07-27,236_SALES_DATA_NNME_27072026.DAT,C:\Users\jonat\PycharmProjects\NSWpropertyData\RawData\DAT\2026\20260727\236_SALES_DATA_NNME_27072026.DAT,1304,53f9012337e587d50bba1aa048824921c365c778a092a7706c6d5a0898f442fe
2026,2026-07-27,238_SALES_DATA_NNME_27072026.DAT,C:\Users\jonat\PycharmProjects\NSWpropertyData\RawData\DAT\2026\20260727\238_SALES_DATA_NNME_27072026.DAT,891,ba40f2adacafb8f5dc79a321c0c259aca9ff3fc3552584cb5d78727ec76b4a8a
2026,2026-07-27,240_SALES_DATA_NNME_27072026.DAT,C:\Users\jonat\PycharmProjects\NSWpropertyData\RawData\DAT\2026\20260727\240_SALES_DATA_NNME_27072026.DAT,300,4e2d21f0a7eb9a0ea8c146faae631e7eab3d3eaa73176faa0150ad4dd6768c32
2026,2026-07-27,244_SALES_DATA_NNME_27072026.DAT,C:\Users\jonat\PycharmProjects\NSWpropertyData\RawData\DAT\2026\20260727\244_SALES_DATA_NNME_27072026.DAT,664,0eaa657b64c00c02bce6958ed94271900495e91b7a1d8c87940ad293fa1219aa
2026,2026-07-27,247_SALES_DATA_NNME_27072026.DAT,C:\Users\jonat\PycharmProjects\NSWpropertyData\RawData\DAT\2026\20260727\247_SALES_DATA_NNME_27072026.DAT,1196,1c58b1e51a024aa7239d7f9b902031d22319083ec90c409332d7fb8e9655910f
2026,2026-07-27,250_SALES_DATA_NNME_27072026.DAT,C:\Users\jonat\PycharmProjects\NSWpropertyData\RawData\DAT\2026\20260727\250_SALES_DATA_NNME_27072026.DAT,3581,e0c9ec9ba88665a2a809c7c55436cd01d9896490098f209c38a19cf990f1633a
2026,2026-07-27,251_SALES_DATA_NNME_27072026.DAT,C:\Users\jonat\PycharmProjects\NSWpropertyData\RawData\DAT\2026\20260727\251_SALES_DATA_NNME_27072026.DAT,578,e37dcc85eed267787da4017026fbdf3e9c4a1ae93d1ba80c4c3bb95f4463f599
2026,2026-07-27,253_SALES_DATA_NNME_27072026.DAT,C:\Users\jonat\PycharmProjects\NSWpropertyData\RawData\DAT\2026\20260727\253_SALES_DATA_NNME_27072026.DAT,862,ef030f1ac919050198e36f3a216c6ad93e3062262a5ecefc75bae68fb86584e3
2026,2026-07-27,254_SALES_DATA_NNME_27072026.DAT,C:\Users\jonat\PycharmProjects\NSWpropertyData\RawData\DAT\2026\20260727\254_SALES_DATA_NNME_27072026.DAT,436,64a3be5466fab55c792713d31510bfa5d816b2bba21d266bc941518919741377
2026,2026-07-27,255_SALES_DATA_NNME_27072026.DAT,C:\Users\jonat\PycharmProjects\NSWpropertyData\RawData\DAT\2026\20260727\255_SALES_DATA_NNME_27072026.DAT,2247,f6c491c312578bae39b72d64e70023a0480424f63197a0664d30cb5ee187af3f
2026,2026-07-27,257_SALES_DATA_NNME_27072026.DAT,C:\Users\jonat\PycharmProjects\NSWpropertyData\RawData\DAT\2026\20260727\257_SALES_DATA_NNME_27072026.DAT,3313,c154a8222dd139800cace51e90601a4e147bbc5d9d1de0538febf51f8e889e51
2026,2026-07-27,258_SALES_DATA_NNME_27072026.DAT,C:\Users\jonat\PycharmProjects\NSWpropertyData\RawData\DAT\2026\20260727\258_SALES_DATA_NNME_27072026.DAT,22905,a023cdf37faaf2eca7c6e96fcc6455356b098e848e01561d9f40f6bde1e3073b
2026,2026-07-27,259_SALES_DATA_NNME_27072026.DAT,C:\Users\jonat\PycharmProjects\NSWpropertyData\RawData\DAT\2026\20260727\259_SALES_DATA_NNME_27072026.DAT,33692,98312309176c4cf3483c0574e6a8d4b208ddc86533e0893946a1e7375c5ea31c
2026,2026-07-27,260_SALES_DATA_NNME_27072026.DAT,C:\Users\jonat\PycharmProjects\NSWpropertyData\RawData\DAT\2026\20260727\260_SALES_DATA_NNME_27072026.DAT,18034,5be818ada6a027d150599210e2ac8834b94ca2ada54ca56466a33f1064ef2928
2026,2026-07-27,261_SALES_DATA_NNME_27072026.DAT,C:\Users\jonat\PycharmProjects\NSWpropertyData\RawData\DAT\2026\20260727\261_SALES_DATA_NNME_27072026.DAT,18384,8ae730ed99be68e0bce3d6f8147f340df79b0695d075082710d21847083c2bbd
2026,2026-07-27,262_SALES_DATA_NNME_27072026.DAT,C:\Users\jonat\PycharmProjects\NSWpropertyData\RawData\DAT\2026\20260727\262_SALES_DATA_NNME_27072026.DAT,2805,577f40e7335911fa24dc223cf9e2ba2cf87f44f6aa533009f6fb43eea315ca9e
2026,2026-07-27,263_SALES_DATA_NNME_27072026.DAT,C:\Users\jonat\PycharmProjects\NSWpropertyData\RawData\DAT\2026\20260727\263_SALES_DATA_NNME_27072026.DAT,861,74074753732600ad416d7e44e8cc627b0d33e1a6e7132af75d9ed82240522169
2026,2026-07-27,264_SALES_DATA_NNME_27072026.DAT,C:\Users\jonat\PycharmProjects\NSWpropertyData\RawData\DAT\2026\20260727\264_SALES_DATA_NNME_27072026.DAT,9187,ef3773edaac7967026c719003f0a7e2df76aad460a97120ee5138507ebb52555
2026,2026-07-27,265_SALES_DATA_NNME_27072026.DAT,C:\Users\jonat\PycharmProjects\NSWpropertyData\RawData\DAT\2026\20260727\265_SALES_DATA_NNME_27072026.DAT,2479,b3d3bb3a59c932ddbdf9aa79402c55c36339efb30496105afe9ee87873420dec
2026,2026-07-27,266_SALES_DATA_NNME_27072026.DAT,C:\Users\jonat\PycharmProjects\NSWpropertyData\RawData\DAT\2026\20260727\266_SALES_DATA_NNME_27072026.DAT,2781,73612a9b6a01d41923d52fabdfb8e518a572bc7cf7f424f4e9b338dc1775593d
2026,2026-07-27,267_SALES_DATA_NNME_27072026.DAT,C:\Users\jonat\PycharmProjects\NSWpropertyData\RawData\DAT\2026\20260727\267_SALES_DATA_NNME_27072026.DAT,20145,0ea7462970c2027941fd6e03a695a4731686a05e562f8a724400ba8f11dbec2b
2026,2026-07-27,268_SALES_DATA_NNME_27072026.DAT,C:\Users\jonat\PycharmProjects\NSWpropertyData\RawData\DAT\2026\20260727\268_SALES_DATA_NNME_27072026.DAT,12217,f669db00f57dfa16f94cae9c91053ce3c4333174214bb9648d91299b09259413
2026,2026-07-27,269_SALES_DATA_NNME_27072026.DAT,C:\Users\jonat\PycharmProjects\NSWpropertyData\RawData\DAT\2026\20260727\269_SALES_DATA_NNME_27072026.DAT,3895,b7bdce8a3edefe4444439eae8e25109acd5da5a507ba6d196f1830039dfa973e
2026,2026-07-27,270_SALES_DATA_NNME_27072026.DAT,C:\Users\jonat\PycharmProjects\NSWpropertyData\RawData\DAT\2026\20260727\270_SALES_DATA_NNME_27072026.DAT,581,8712bdfe719bf7a0b642b3cb81f4822cee563f080f808481377e39d75b295690
2026,2026-07-27,271_SALES_DATA_NNME_27072026.DAT,C:\Users\jonat\PycharmProjects\NSWpropertyData\RawData\DAT\2026\20260727\271_SALES_DATA_NNME_27072026.DAT,20035,989e6049e30a9a631321660ff0f68cc24c8c9374a803992d8a25450390b76fa8
2026,2026-07-27,272_SALES_DATA_NNME_27072026.DAT,C:\Users\jonat\PycharmProjects\NSWpropertyData\RawData\DAT\2026\20260727\272_SALES_DATA_NNME_27072026.DAT,9882,6daaea03563ae3cc30c681da0ea49ca755d6ac1cf05bdf7d3e3348bf19c38046
2026,2026-07-27,273_SALES_DATA_NNME_27072026.DAT,C:\Users\jonat\PycharmProjects\NSWpropertyData\RawData\DAT\2026\20260727\273_SALES_DATA_NNME_27072026.DAT,2246,49d119841349f56b28ff4203f6dee8ad5e32de3d8869f93d7a4729540827a008
2026,2026-07-27,274_SALES_DATA_NNME_27072026.DAT,C:\Users\jonat\PycharmProjects\NSWpropertyData\RawData\DAT\2026\20260727\274_SALES_DATA_NNME_27072026.DAT,3422,4b4b99e0ee7d622eaf823197b87ffd0cf41283ee6592ddc5ef2c66626a5fff94
2026,2026-07-27,275_SALES_DATA_NNME_27072026.DAT,C:\Users\jonat\PycharmProjects\NSWpropertyData\RawData\DAT\2026\20260727\275_SALES_DATA_NNME_27072026.DAT,7802,39dc59be99838c61e1e22d2426a53a322cd8837802710ab11ff2b0795251a011
2026,2026-07-27,276_SALES_DATA_NNME_27072026.DAT,C:\Users\jonat\PycharmProjects\NSWpropertyData\RawData\DAT\2026\20260727\276_SALES_DATA_NNME_27072026.DAT,17009,670f134db88a25eb126aa193e71e6f134535a70e019a0240017b131f8448e264
2026,2026-07-27,300_SALES_DATA_NNME_27072026.DAT,C:\Users\jonat\PycharmProjects\NSWpropertyData\RawData\DAT\2026\20260727\300_SALES_DATA_NNME_27072026.DAT,613,a2e089efebf29e0b16da38b9c7bc7114c50e1c58b257ae2744cb72baedc7bf5f
2026,2026-07-27,301_SALES_DATA_NNME_27072026.DAT,C:\Users\jonat\PycharmProjects\NSWpropertyData\RawData\DAT\2026\20260727\301_SALES_DATA_NNME_27072026.DAT,1235,aaa3ef1e15a601fffcb6d2fa1c00aaf72377d15f96044971f7a904761884b160
2026,2026-07-27,302_SALES_DATA_NNME_27072026.DAT,C:\Users\jonat\PycharmProjects\NSWpropertyData\RawData\DAT\2026\20260727\302_SALES_DATA_NNME_27072026.DAT,856,19c0488c6c9981d120750eaeae535e297c30e354ac7e7fa5940a636d923c8269
2026,2026-07-27,303_SALES_DATA_NNME_27072026.DAT,C:\Users\jonat\PycharmProjects\NSWpropertyData\RawData\DAT\2026\20260727\303_SALES_DATA_NNME_27072026.DAT,6698,5c2e69c559cd628ea44a3561bf343b942a0a9509c7d14520c6b682c91f5e1a15
2026,2026-07-27,511_SALES_DATA_NNME_27072026.DAT,C:\Users\jonat\PycharmProjects\NSWpropertyData\RawData\DAT\2026\20260727\511_SALES_DATA_NNME_27072026.DAT,1890,f0319383aa1cc76f428fbbbfd90d4ed69b8faea445e37031268f5e206b6d08be
2026,2026-07-27,526_SALES_DATA_NNME_27072026.DAT,C:\Users\jonat\PycharmProjects\NSWpropertyData\RawData\DAT\2026\20260727\526_SALES_DATA_NNME_27072026.DAT,2649,2ec1eddc1acedf65944fdaa3b17331331d41bf652cf86d1d459a447139256330
2026,2026-07-27,528_SALES_DATA_NNME_27072026.DAT,C:\Users\jonat\PycharmProjects\NSWpropertyData\RawData\DAT\2026\20260727\528_SALES_DATA_NNME_27072026.DAT,383,d73a430d0a803911f077ea887effe5d9dfdd91d5fb5eb99a6d6e26d7d24a1428
2026,2026-07-27,529_SALES_DATA_NNME_27072026.DAT,C:\Users\jonat\PycharmProjects\NSWpropertyData\RawData\DAT\2026\20260727\529_SALES_DATA_NNME_27072026.DAT,4591,98ada8277a56f07e9e7b40a4c59eed40f0d0580b96ce453746de5d553a393053
2026,2026-07-27,537_SALES_DATA_NNME_27072026.DAT,C:\Users\jonat\PycharmProjects\NSWpropertyData\RawData\DAT\2026\20260727\537_SALES_DATA_NNME_27072026.DAT,867,e39e87331a283b878e6156e4fd7e8529e1d0f6bd21a55bd051d837ae5e61ae1e
2026,2026-07-27,538_SALES_DATA_NNME_27072026.DAT,C:\Users\jonat\PycharmProjects\NSWpropertyData\RawData\DAT\2026\20260727\538_SALES_DATA_NNME_27072026.DAT,1822,518b373fe4bb54a91c5672a5aaa87f238e728ce033a40beab9a6c17e5bbdead7
2026,2026-07-27,560_SALES_DATA_NNME_27072026.DAT,C:\Users\jonat\PycharmProjects\NSWpropertyData\RawData\DAT\2026\20260727\560_SALES_DATA_NNME_27072026.DAT,1641,f92879b6798ac4604931172f58bc4f54caa1c7aa615f6f1a70a67d7b4d97672f
2026,2026-07-27,575_SALES_DATA_NNME_27072026.DAT,C:\Users\jonat\PycharmProjects\NSWpropertyData\RawData\DAT\2026\20260727\575_SALES_DATA_NNME_27072026.DAT,7584,1243eec513c6d0317449fabe9e5406be1122a91de4ddd11ab4c43f6c25acd99c
2026,2026-07-27,608_SALES_DATA_NNME_27072026.DAT,C:\Users\jonat\PycharmProjects\NSWpropertyData\RawData\DAT\2026\20260727\608_SALES_DATA_NNME_27072026.DAT,4774,954fbcd7b8075057d5aa8c5c14b6d6f86ae3dfcc32704b37832092cd0af4af77
2026,2026-07-27,620_SALES_DATA_NNME_27072026.DAT,C:\Users\jonat\PycharmProjects\NSWpropertyData\RawData\DAT\2026\20260727\620_SALES_DATA_NNME_27072026.DAT,4106,4198fe9775ac05455a01dc1c2487c0e6b31d1d5bba19fa017c886c51a66c3bda
2026,2026-07-27,656_SALES_DATA_NNME_27072026.DAT,C:\Users\jonat\PycharmProjects\NSWpropertyData\RawData\DAT\2026\20260727\656_SALES_DATA_NNME_27072026.DAT,16371,cfd920f057187e862bd374074672c177aea05df57372d106b0a757affa8f795e
2026,2026-07-27,666_SALES_DATA_NNME_27072026.DAT,C:\Users\jonat\PycharmProjects\NSWpropertyData\RawData\DAT\2026\20260727\666_SALES_DATA_NNME_27072026.DAT,9468,1bc60a200e36db0982ae4f82b4e9afce09f156a60e51275948440df8c3aa1fc9
2026,2026-07-27,708_SALES_DATA_NNME_27072026.DAT,C:\Users\jonat\PycharmProjects\NSWpropertyData\RawData\DAT\2026\20260727\708_SALES_DATA_NNME_27072026.DAT,27113,d64507c84d7d9afc413833bb45c2cb28e267bf0590cf6c94bbf72d240acef3b5
2026,2026-08-03,001_SALES_DATA_NNME_03082026.DAT,C:\Users\jonat\PycharmProjects\NSWpropertyData\RawData\DAT\2026\20260803\001_SALES_DATA_NNME_03082026.DAT,10756,cea846f8f8fd950e77d6ae8d46105fb661ba5f7882df02053894c60bdd5136e3
2026,2026-08-03,002_SALES_DATA_NNME_03082026.DAT,C:\Users\jonat\PycharmProjects\NSWpropertyData\RawData\DAT\2026\20260803\002_SALES_DATA_NNME_03082026.DAT,290,9a06418b3a04dbe028efc02cb1395717d72931468c3c85da8b0484d0db4708e0
2026,2026-08-03,004_SALES_DATA_NNME_03082026.DAT,C:\Users\jonat\PycharmProjects\NSWpropertyData\RawData\DAT\2026\20260803\004_SALES_DATA_NNME_03082026.DAT,24207,65f76f75af1684409a9e9a8d3b4d548cf39c2b35c33260e66d05f8415ec7be9c
2026,2026-08-03,005_SALES_DATA_NNME_03082026.DAT,C:\Users\jonat\PycharmProjects\NSWpropertyData\RawData\DAT\2026\20260803\005_SALES_DATA_NNME_03082026.DAT,20942,e2ce5502d49957b936d99b1aa45f98679e188bf5ca654cb1b09e964668902aba
2026,2026-08-03,007_SALES_DATA_NNME_03082026.DAT,C:\Users\jonat\PycharmProjects\NSWpropertyData\RawData\DAT\2026\20260803\007_SALES_DATA_NNME_03082026.DAT,2472,465555cbda6067ccde1ddc6623df41b815d3c8e57cd48fcb91fdb6378a99265e
2026,2026-08-03,008_SALES_DATA_NNME_03082026.DAT,C:\Users\jonat\PycharmProjects\NSWpropertyData\RawData\DAT\2026\20260803\008_SALES_DATA_NNME_03082026.DAT,22795,fd020680f358d495f9790796e2b7561dec8e3471a1ddd44c335de8cc499971fe
2026,2026-08-03,010_SALES_DATA_NNME_03082026.DAT,C:\Users\jonat\PycharmProjects\NSWpropertyData\RawData\DAT\2026\20260803\010_SALES_DATA_NNME_03082026.DAT,12210,b673c75bace53cd76c3fecd4218269a78691e5fdd674b5be4d03f0bfdd02fc74
2026,2026-08-03,012_SALES_DATA_NNME_03082026.DAT,C:\Users\jonat\PycharmProjects\NSWpropertyData\RawData\DAT\2026\20260803\012_SALES_DATA_NNME_03082026.DAT,2117,8c17acefcf09d391d2b8866179c9e38d265410320ce48528d935a6dde7964004
2026,2026-08-03,018_SALES_DATA_NNME_03082026.DAT,C:\Users\jonat\PycharmProjects\NSWpropertyData\RawData\DAT\2026\20260803\018_SALES_DATA_NNME_03082026.DAT,4602,7f3a42a3c31bc709fa38f4a99c2e1fd888ee294192e2286ecbe921d117a79e36
2026,2026-08-03,042_SALES_DATA_NNME_03082026.DAT,C:\Users\jonat\PycharmProjects\NSWpropertyData\RawData\DAT\2026\20260803\042_SALES_DATA_NNME_03082026.DAT,1625,06ea244cbec63332c5b84584c77607ff233ae20953520466cbaeab3e2c9072ce
2026,2026-08-03,043_SALES_DATA_NNME_03082026.DAT,C:\Users\jonat\PycharmProjects\NSWpropertyData\RawData\DAT\2026\20260803\043_SALES_DATA_NNME_03082026.DAT,623,c996c5abdbc5f9e058a342a64022e570a5548a9ab4e061f1e899ff03afa7fb13
2026,2026-08-03,050_SALES_DATA_NNME_03082026.DAT,C:\Users\jonat\PycharmProjects\NSWpropertyData\RawData\DAT\2026\20260803\050_SALES_DATA_NNME_03082026.DAT,7659,1bc713aeda30dcab224545bbe0ee9e1b3e0a33c9ee67752a4f641656aeeebf6f
2026,2026-08-03,051_SALES_DATA_NNME_03082026.DAT,C:\Users\jonat\PycharmProjects\NSWpropertyData\RawData\DAT\2026\20260803\051_SALES_DATA_NNME_03082026.DAT,890,aaca4b8d410d5f2ae2b4b76ff15223bfb614e59fa32087b3d7e1fac4f5da1a31
2026,2026-08-03,052_SALES_DATA_NNME_03082026.DAT,C:\Users\jonat\PycharmProjects\NSWpropertyData\RawData\DAT\2026\20260803\052_SALES_DATA_NNME_03082026.DAT,290,b292a977a2c44f87999f1b3e049b823cafcd56fe9853ed9b160a5e2ebc4145e4
2026,2026-08-03,054_SALES_DATA_NNME_03082026.DAT,C:\Users\jonat\PycharmProjects\NSWpropertyData\RawData\DAT\2026\20260803\054_SALES_DATA_NNME_03082026.DAT,618,7198edad511e51bd1a4776a9f672c7c337b2f608aedd5624de95a1e78b78d28f
2026,2026-08-03,061_SALES_DATA_NNME_03082026.DAT,C:\Users\jonat\PycharmProjects\NSWpropertyData\RawData\DAT\2026\20260803\061_SALES_DATA_NNME_03082026.DAT,328,111885d3ac5f11c4c476d0ea61ebbb95a5a89ad3baca464d5e527cb35d6fec6d
2026,2026-08-03,065_SALES_DATA_NNME_03082026.DAT,C:\Users\jonat\PycharmProjects\NSWpropertyData\RawData\DAT\2026\20260803\065_SALES_DATA_NNME_03082026.DAT,1551,58ca4d256c335936685b1b2c0329f8dd3e50b5356b45b8ed2a69cbb9be0e699c
2026,2026-08-03,066_SALES_DATA_NNME_03082026.DAT,C:\Users\jonat\PycharmProjects\NSWpropertyData\RawData\DAT\2026\20260803\066_SALES_DATA_NNME_03082026.DAT,308,a0d3c7b07c52d0315d5a70128b8f45b8de75fa7ea96ae99e108c99328f19e7a3
2026,2026-08-03,070_SALES_DATA_NNME_03082026.DAT,C:\Users\jonat\PycharmProjects\NSWpropertyData\RawData\DAT\2026\20260803\070_SALES_DATA_NNME_03082026.DAT,859,a848c44d204253594929f80c8b8572319c64b7fca0b5e353616c3cd990419d55
2026,2026-08-03,074_SALES_DATA_NNME_03082026.DAT,C:\Users\jonat\PycharmProjects\NSWpropertyData\RawData\DAT\2026\20260803\074_SALES_DATA_NNME_03082026.DAT,3283,0e95b31fbad9f0c22f47a784400d908fa1b9b91a8fc04ec00a65d39ffa9592d0
2026,2026-08-03,081_SALES_DATA_NNME_03082026.DAT,C:\Users\jonat\PycharmProjects\NSWpropertyData\RawData\DAT\2026\20260803\081_SALES_DATA_NNME_03082026.DAT,20994,d257cdfe4d9165296bb8235a8020cd972e2736f1dd7ee8a79ae810ddebbe2799
2026,2026-08-03,082_SALES_DATA_NNME_03082026.DAT,C:\Users\jonat\PycharmProjects\NSWpropertyData\RawData\DAT\2026\20260803\082_SALES_DATA_NNME_03082026.DAT,9203,5d937f00f70df6c696e154a63ba49370defa093d1f91d3f43d57d8510a1e8f67
2026,2026-08-03,083_SALES_DATA_NNME_03082026.DAT,C:\Users\jonat\PycharmProjects\NSWpropertyData\RawData\DAT\2026\20260803\083_SALES_DATA_NNME_03082026.DAT,1666,04cb13f440f939e82a85cab3d18c2262fe382284a370232a29d717c6ef208b5a
2026,2026-08-03,084_SALES_DATA_NNME_03082026.DAT,C:\Users\jonat\PycharmProjects\NSWpropertyData\RawData\DAT\2026\20260803\084_SALES_DATA_NNME_03082026.DAT,11205,57563db91ea88b0edd8a1ade900558e0a95d2e28db5a6ecff1796a121efb2b1e
2026,2026-08-03,085_SALES_DATA_NNME_03082026.DAT,C:\Users\jonat\PycharmProjects\NSWpropertyData\RawData\DAT\2026\20260803\085_SALES_DATA_NNME_03082026.DAT,8109,11fac119c85ff70f9fbcd1c3809cc1f105a6257f40c54e50132e6f1fbf20f75f
2026,2026-08-03,087_SALES_DATA_NNME_03082026.DAT,C:\Users\jonat\PycharmProjects\NSWpropertyData\RawData\DAT\2026\20260803\087_SALES_DATA_NNME_03082026.DAT,2986,3e921588676d001bfa8fcb68fc4e6c6c2d5ace6fd28f8b39632c021ff8937ffa
2026,2026-08-03,088_SALES_DATA_NNME_03082026.DAT,C:\Users\jonat\PycharmProjects\NSWpropertyData\RawData\DAT\2026\20260803\088_SALES_DATA_NNME_03082026.DAT,9633,6100d85b97a9b535a22dfefaca8e73e543b541d67bab2daa46ea5cf74c2ff20d
2026,2026-08-03,090_SALES_DATA_NNME_03082026.DAT,C:\Users\jonat\PycharmProjects\NSWpropertyData\RawData\DAT\2026\20260803\090_SALES_DATA_NNME_03082026.DAT,18972,f4d2af26e7492007b43cf28dbed9d19c3a8b6962f118eb9bd7ae944b52ca7264
2026,2026-08-03,092_SALES_DATA_NNME_03082026.DAT,C:\Users\jonat\PycharmProjects\NSWpropertyData\RawData\DAT\2026\20260803\092_SALES_DATA_NNME_03082026.DAT,7490,a899a5e1b6203c5a76012521473996836f5a043e708e22dc829847d3e35d6a44
2026,2026-08-03,097_SALES_DATA_NNME_03082026.DAT,C:\Users\jonat\PycharmProjects\NSWpropertyData\RawData\DAT\2026\20260803\097_SALES_DATA_NNME_03082026.DAT,6251,db9619f12ffeb8a8d97c42834dfb24e4ef714790471f0e451e0dfa9e39a4db0c
2026,2026-08-03,098_SALES_DATA_NNME_03082026.DAT,C:\Users\jonat\PycharmProjects\NSWpropertyData\RawData\DAT\2026\20260803\098_SALES_DATA_NNME_03082026.DAT,2812,f6786eb42e97faaa8fd907bf56ca922bbd16f47f44330421f0aeca689736cd7f
2026,2026-08-03,100_SALES_DATA_NNME_03082026.DAT,C:\Users\jonat\PycharmProjects\NSWpropertyData\RawData\DAT\2026\20260803\100_SALES_DATA_NNME_03082026.DAT,10126,77c413827e46351bd53672fc367f258bb84f083f4dd9b9775fe7d71e36368c68
2026,2026-08-03,101_SALES_DATA_NNME_03082026.DAT,C:\Users\jonat\PycharmProjects\NSWpropertyData\RawData\DAT\2026\20260803\101_SALES_DATA_NNME_03082026.DAT,14332,6d6614b539cbb9bcea1f9d8d31c3938d2bf484e701b02e01cb83b9042cda77f5
2026,2026-08-03,102_SALES_DATA_NNME_03082026.DAT,C:\Users\jonat\PycharmProjects\NSWpropertyData\RawData\DAT\2026\20260803\102_SALES_DATA_NNME_03082026.DAT,6332,c103d11f7012155e3be7c06ed967bb35a86b464a428d71ad8cd8f17042afbc2e
2026,2026-08-03,103_SALES_DATA_NNME_03082026.DAT,C:\Users\jonat\PycharmProjects\NSWpropertyData\RawData\DAT\2026\20260803\103_SALES_DATA_NNME_03082026.DAT,19109,1db19e23e2018af0aec25a3be6a16b49dec248e568d9767e259aa14d6689fb39
2026,2026-08-03,109_SALES_DATA_NNME_03082026.DAT,C:\Users\jonat\PycharmProjects\NSWpropertyData\RawData\DAT\2026\20260803\109_SALES_DATA_NNME_03082026.DAT,3836,e9313ba1c88e0c2220b156fa5025598a09d085414f3c470c0ef24a63c23808f2
2026,2026-08-03,116_SALES_DATA_NNME_03082026.DAT,C:\Users\jonat\PycharmProjects\NSWpropertyData\RawData\DAT\2026\20260803\116_SALES_DATA_NNME_03082026.DAT,2963,685cda9b35b02dd3ff279e9706217822f64e1a5762628c4282eeb1d5a40da428
2026,2026-08-03,117_SALES_DATA_NNME_03082026.DAT,C:\Users\jonat\PycharmProjects\NSWpropertyData\RawData\DAT\2026\20260803\117_SALES_DATA_NNME_03082026.DAT,1644,a1373457fab86695bb249816940f8abb8aa783dfba9518a3e92cc38b275252e3
2026,2026-08-03,118_SALES_DATA_NNME_03082026.DAT,C:\Users\jonat\PycharmProjects\NSWpropertyData\RawData\DAT\2026\20260803\118_SALES_DATA_NNME_03082026.DAT,1258,0fe64d5476a8e6e854550fb328aaf1429e885540980c1c457595cdc343f50026
2026,2026-08-03,123_SALES_DATA_NNME_03082026.DAT,C:\Users\jonat\PycharmProjects\NSWpropertyData\RawData\DAT\2026\20260803\123_SALES_DATA_NNME_03082026.DAT,537,bb1cd9eea0a5ecd055782acd0c6997ce249e2fecfeac3eff13b455eb48a472a5
2026,2026-08-03,124_SALES_DATA_NNME_03082026.DAT,C:\Users\jonat\PycharmProjects\NSWpropertyData\RawData\DAT\2026\20260803\124_SALES_DATA_NNME_03082026.DAT,5646,5f85d43e5bf29f6360073411304c515e50000a59fedd2dfaa7f3bfd6945a18a6
2026,2026-08-03,137_SALES_DATA_NNME_03082026.DAT,C:\Users\jonat\PycharmProjects\NSWpropertyData\RawData\DAT\2026\20260803\137_SALES_DATA_NNME_03082026.DAT,1744,1a7420d1f99bf70a7a441894e2739b22ca65f2ce2f324706fd13f1c0b77b3409
2026,2026-08-03,139_SALES_DATA_NNME_03082026.DAT,C:\Users\jonat\PycharmProjects\NSWpropertyData\RawData\DAT\2026\20260803\139_SALES_DATA_NNME_03082026.DAT,9092,7e56070ca7946e3918e9c43a5fb22eec9775dcdc9446c554df0882a85de7820f
2026,2026-08-03,143_SALES_DATA_NNME_03082026.DAT,C:\Users\jonat\PycharmProjects\NSWpropertyData\RawData\DAT\2026\20260803\143_SALES_DATA_NNME_03082026.DAT,5906,04b674c5213ea2c5418dcefcf3252dbbd4bf29804e4b2c7ea5bdcc1fd6a8def5
2026,2026-08-03,144_SALES_DATA_NNME_03082026.DAT,C:\Users\jonat\PycharmProjects\NSWpropertyData\RawData\DAT\2026\20260803\144_SALES_DATA_NNME_03082026.DAT,26257,b5051a0b8d7edd3ce282041369d473c07de3ed04d28149abd1a8a34c7fc99cbd
2026,2026-08-03,148_SALES_DATA_NNME_03082026.DAT,C:\Users\jonat\PycharmProjects\NSWpropertyData\RawData\DAT\2026\20260803\148_SALES_DATA_NNME_03082026.DAT,9556,375c8233b9d45d36221c70f9fb93c3c1d27c175d9050630f3ee2642143f6c455
2026,2026-08-03,149_SALES_DATA_NNME_03082026.DAT,C:\Users\jonat\PycharmProjects\NSWpropertyData\RawData\DAT\2026\20260803\149_SALES_DATA_NNME_03082026.DAT,2812,e2dd611069b9b23834ebd5ef707d6bb94faaa22407f51042914dd9a2495df73f
2026,2026-08-03,150_SALES_DATA_NNME_03082026.DAT,C:\Users\jonat\PycharmProjects\NSWpropertyData\RawData\DAT\2026\20260803\150_SALES_DATA_NNME_03082026.DAT,6371,203d6f55c3f810d4034e2e26d19b95b0aa80565937daa6348704561233a005f4
2026,2026-08-03,151_SALES_DATA_NNME_03082026.DAT,C:\Users\jonat\PycharmProjects\NSWpropertyData\RawData\DAT\2026\20260803\151_SALES_DATA_NNME_03082026.DAT,5014,e818ed084d5100729ff52bf85fa6950656db7e2b5b5baef821407ec9ca037b82
2026,2026-08-03,152_SALES_DATA_NNME_03082026.DAT,C:\Users\jonat\PycharmProjects\NSWpropertyData\RawData\DAT\2026\20260803\152_SALES_DATA_NNME_03082026.DAT,7422,0466ddfe56013c81ddbcde7de7244f75c80e2ec6a69f8826ae04f04c37ae9751
2026,2026-08-03,157_SALES_DATA_NNME_03082026.DAT,C:\Users\jonat\PycharmProjects\NSWpropertyData\RawData\DAT\2026\20260803\157_SALES_DATA_NNME_03082026.DAT,4085,9b53f4b2951d38e23022280f96240a7caa43b50b1f1c2e8c804b149ac7b365d2
2026,2026-08-03,158_SALES_DATA_NNME_03082026.DAT,C:\Users\jonat\PycharmProjects\NSWpropertyData\RawData\DAT\2026\20260803\158_SALES_DATA_NNME_03082026.DAT,1536,07a39560c24124770fb96a10427f510acdb4331f70ece5d7c7e0fe166471efc1
2026,2026-08-03,159_SALES_DATA_NNME_03082026.DAT,C:\Users\jonat\PycharmProjects\NSWpropertyData\RawData\DAT\2026\20260803\159_SALES_DATA_NNME_03082026.DAT,6405,4dfdaa57a3d0716b73c9ee9e88bbcc90121abc0663df56c40e5870ca8c468314
2026,2026-08-03,164_SALES_DATA_NNME_03082026.DAT,C:\Users\jonat\PycharmProjects\NSWpropertyData\RawData\DAT\2026\20260803\164_SALES_DATA_NNME_03082026.DAT,2078,dce41464e10c8721bdda199e2834bdca687337d69b096e6d9ee2c12aaf994475
2026,2026-08-03,171_SALES_DATA_NNME_03082026.DAT,C:\Users\jonat\PycharmProjects\NSWpropertyData\RawData\DAT\2026\20260803\171_SALES_DATA_NNME_03082026.DAT,11513,e2d9c226b28140e84dccb3f761eedc978676c042f858b6d147965a2e04923a28
2026,2026-08-03,187_SALES_DATA_NNME_03082026.DAT,C:\Users\jonat\PycharmProjects\NSWpropertyData\RawData\DAT\2026\20260803\187_SALES_DATA_NNME_03082026.DAT,2372,a7cb61ce90d4280cefee2acac32b3e04c182653917b79007fd5f7cbe2d363231
2026,2026-08-03,188_SALES_DATA_NNME_03082026.DAT,C:\Users\jonat\PycharmProjects\NSWpropertyData\RawData\DAT\2026\20260803\188_SALES_DATA_NNME_03082026.DAT,1527,4aa9f215f9870a4191dace486009ac7a2b90215551a1422c8ed5eb554bd88381
2026,2026-08-03,192_SALES_DATA_NNME_03082026.DAT,C:\Users\jonat\PycharmProjects\NSWpropertyData\RawData\DAT\2026\20260803\192_SALES_DATA_NNME_03082026.DAT,2923,316870ce42098cd1aa6b500138e9318b8b5f9016d6f32adb57b7ad65ccfae470
2026,2026-08-03,199_SALES_DATA_NNME_03082026.DAT,C:\Users\jonat\PycharmProjects\NSWpropertyData\RawData\DAT\2026\20260803\199_SALES_DATA_NNME_03082026.DAT,704,4c11bf817f11b95c548a307871f513771968b23bd26f337330d7fa5dcbfce8fd
2026,2026-08-03,207_SALES_DATA_NNME_03082026.DAT,C:\Users\jonat\PycharmProjects\NSWpropertyData\RawData\DAT\2026\20260803\207_SALES_DATA_NNME_03082026.DAT,9916,97315a71f9b856d5bafb59f048e62d3fc25d333163f04f681d4c56786247680e
2026,2026-08-03,209_SALES_DATA_NNME_03082026.DAT,C:\Users\jonat\PycharmProjects\NSWpropertyData\RawData\DAT\2026\20260803\209_SALES_DATA_NNME_03082026.DAT,7596,dba7a91b46e11efdff13f83e7cb35381ae8b668c66c961f41491cdcef9cc2e7e
2026,2026-08-03,210_SALES_DATA_NNME_03082026.DAT,C:\Users\jonat\PycharmProjects\NSWpropertyData\RawData\DAT\2026\20260803\210_SALES_DATA_NNME_03082026.DAT,6130,4f6825fc93132cbc6fdc1f9b7650899080465f7b09b7eafa53f1a7c3dbd698fe
2026,2026-08-03,214_SALES_DATA_NNME_03082026.DAT,C:\Users\jonat\PycharmProjects\NSWpropertyData\RawData\DAT\2026\20260803\214_SALES_DATA_NNME_03082026.DAT,43562,e1808306616335116ecc03d1d069dc387ce85d6aac2adcf29b04c4b663d77e93
2026,2026-08-03,216_SALES_DATA_NNME_03082026.DAT,C:\Users\jonat\PycharmProjects\NSWpropertyData\RawData\DAT\2026\20260803\216_SALES_DATA_NNME_03082026.DAT,8150,afe1e060c43a7944a7c2a5aaf306f14c43cb6b4393ea6e8a0006bcd5a262463c
2026,2026-08-03,217_SALES_DATA_NNME_03082026.DAT,C:\Users\jonat\PycharmProjects\NSWpropertyData\RawData\DAT\2026\20260803\217_SALES_DATA_NNME_03082026.DAT,33574,7cd21c6504f3aaf776850ee036c85c55d96331f57cd57510b8853baa99f30a7b
2026,2026-08-03,218_SALES_DATA_NNME_03082026.DAT,C:\Users\jonat\PycharmProjects\NSWpropertyData\RawData\DAT\2026\20260803\218_SALES_DATA_NNME_03082026.DAT,16088,59dea95c79e94c1e69e7c72c05f1f132d882188179538804e2f3df37e6403593
2026,2026-08-03,219_SALES_DATA_NNME_03082026.DAT,C:\Users\jonat\PycharmProjects\NSWpropertyData\RawData\DAT\2026\20260803\219_SALES_DATA_NNME_03082026.DAT,8906,ce6bcedf886db1358aecc0174c60f09accc9ae5664f03de59249d807937e38b3
2026,2026-08-03,220_SALES_DATA_NNME_03082026.DAT,C:\Users\jonat\PycharmProjects\NSWpropertyData\RawData\DAT\2026\20260803\220_SALES_DATA_NNME_03082026.DAT,12859,45719134928f5f27ab798322315a5d651fdbd43bd4ef88eb5565f521714dfc1b
2026,2026-08-03,222_SALES_DATA_NNME_03082026.DAT,C:\Users\jonat\PycharmProjects\NSWpropertyData\RawData\DAT\2026\20260803\222_SALES_DATA_NNME_03082026.DAT,1843,a84848b33d4c27365ca45d0a86a47294efada76ff668d4f5e2d58299400fc197
2026,2026-08-03,223_SALES_DATA_NNME_03082026.DAT,C:\Users\jonat\PycharmProjects\NSWpropertyData\RawData\DAT\2026\20260803\223_SALES_DATA_NNME_03082026.DAT,19865,62f5b88ef9a5340ca9c6a7469f864229763200da5d2fe6c16cf5cebc200043ec
2026,2026-08-03,224_SALES_DATA_NNME_03082026.DAT,C:\Users\jonat\PycharmProjects\NSWpropertyData\RawData\DAT\2026\20260803\224_SALES_DATA_NNME_03082026.DAT,21874,d2e63b59d303fb158d1afd5fa3270e685016b3a1514d94fb69469e3b87c91da3
2026,2026-08-03,226_SALES_DATA_NNME_03082026.DAT,C:\Users\jonat\PycharmProjects\NSWpropertyData\RawData\DAT\2026\20260803\226_SALES_DATA_NNME_03082026.DAT,9263,6e7316bbeea0705babb73d50f54c1852db57399b40a8103b655b8500c103b9f0
2026,2026-08-03,230_SALES_DATA_NNME_03082026.DAT,C:\Users\jonat\PycharmProjects\NSWpropertyData\RawData\DAT\2026\20260803\230_SALES_DATA_NNME_03082026.DAT,356,9740dbf92e73634da7ce8c40c4ad863aa350aeff96df291f1d4c43b2fcf6f77c
2026,2026-08-03,231_SALES_DATA_NNME_03082026.DAT,C:\Users\jonat\PycharmProjects\NSWpropertyData\RawData\DAT\2026\20260803\231_SALES_DATA_NNME_03082026.DAT,297,07deb705e81569fe6071ea52d3f234436417393055e77684014102bf1d920b48
2026,2026-08-03,234_SALES_DATA_NNME_03082026.DAT,C:\Users\jonat\PycharmProjects\NSWpropertyData\RawData\DAT\2026\20260803\234_SALES_DATA_NNME_03082026.DAT,6117,2bbf2a5c7da41515190ac6a8a0d38230a0fd063191b565cf14888a23c96dd189
2026,2026-08-03,236_SALES_DATA_NNME_03082026.DAT,C:\Users\jonat\PycharmProjects\NSWpropertyData\RawData\DAT\2026\20260803\236_SALES_DATA_NNME_03082026.DAT,818,a1803def61c4386f0605f662934271b51a43bc54550e679e60d2c3c6ff831477
2026,2026-08-03,238_SALES_DATA_NNME_03082026.DAT,C:\Users\jonat\PycharmProjects\NSWpropertyData\RawData\DAT\2026\20260803\238_SALES_DATA_NNME_03082026.DAT,1335,560bc897baf1aa88cbda805b942806941c24846f08ad771358d0f223032b8716
2026,2026-08-03,239_SALES_DATA_NNME_03082026.DAT,C:\Users\jonat\PycharmProjects\NSWpropertyData\RawData\DAT\2026\20260803\239_SALES_DATA_NNME_03082026.DAT,347,e1c81cfe12274932d2fed8c4f7e82279d939f18d2daab66f07c83b36cd7d69b6
2026,2026-08-03,243_SALES_DATA_NNME_03082026.DAT,C:\Users\jonat\PycharmProjects\NSWpropertyData\RawData\DAT\2026\20260803\243_SALES_DATA_NNME_03082026.DAT,917,159142502b47e494832deb4817ed23c97906aef856e4ca8abb9dc7f50efc7970
2026,2026-08-03,244_SALES_DATA_NNME_03082026.DAT,C:\Users\jonat\PycharmProjects\NSWpropertyData\RawData\DAT\2026\20260803\244_SALES_DATA_NNME_03082026.DAT,649,7abf51a7dcbd9b69c6324cdcbbe4fd36a4babebfccfc09773fa818bce2510bf5
2026,2026-08-03,247_SALES_DATA_NNME_03082026.DAT,C:\Users\jonat\PycharmProjects\NSWpropertyData\RawData\DAT\2026\20260803\247_SALES_DATA_NNME_03082026.DAT,2199,608210a0fa8aa14977fc06c4e0d506bd8d19e07347653fbdb43f85a46137762f
2026,2026-08-03,250_SALES_DATA_NNME_03082026.DAT,C:\Users\jonat\PycharmProjects\NSWpropertyData\RawData\DAT\2026\20260803\250_SALES_DATA_NNME_03082026.DAT,1771,c9a0c1daf29591d58ed8ef3d14b08e21fe7ac09bf25d00d56062b19c56799e04
2026,2026-08-03,251_SALES_DATA_NNME_03082026.DAT,C:\Users\jonat\PycharmProjects\NSWpropertyData\RawData\DAT\2026\20260803\251_SALES_DATA_NNME_03082026.DAT,936,a04f023603ab88a6d1bfd2c77ac2c7723742482910fab544953eecf5adaa50f9
2026,2026-08-03,252_SALES_DATA_NNME_03082026.DAT,C:\Users\jonat\PycharmProjects\NSWpropertyData\RawData\DAT\2026\20260803\252_SALES_DATA_NNME_03082026.DAT,381,4e0b0e3b545e929db325d306a7f3ef2542e58709acd40a22d315c9924b13fbdb
2026,2026-08-03,253_SALES_DATA_NNME_03082026.DAT,C:\Users\jonat\PycharmProjects\NSWpropertyData\RawData\DAT\2026\20260803\253_SALES_DATA_NNME_03082026.DAT,1342,3821ee96cf0f6d048e4aeedd8b26c5b85b3dbcb4639441fc5000a3592e647fc9
2026,2026-08-03,255_SALES_DATA_NNME_03082026.DAT,C:\Users\jonat\PycharmProjects\NSWpropertyData\RawData\DAT\2026\20260803\255_SALES_DATA_NNME_03082026.DAT,373,c2a64f2b6b3d3e25f37c833d95c0677b9ccb6f2729b972fdf2fe3f3a4f04e3f8
2026,2026-08-03,257_SALES_DATA_NNME_03082026.DAT,C:\Users\jonat\PycharmProjects\NSWpropertyData\RawData\DAT\2026\20260803\257_SALES_DATA_NNME_03082026.DAT,2842,679e4dbda5d3297dc584205a0b4a035ecca6309b193a792475cc5e7dbd77db39
2026,2026-08-03,258_SALES_DATA_NNME_03082026.DAT,C:\Users\jonat\PycharmProjects\NSWpropertyData\RawData\DAT\2026\20260803\258_SALES_DATA_NNME_03082026.DAT,24642,a77a6e1fb16e5f524ba7ceb62a3fc06f9b67a5174e8041eaede16cc9492973b5
2026,2026-08-03,259_SALES_DATA_NNME_03082026.DAT,C:\Users\jonat\PycharmProjects\NSWpropertyData\RawData\DAT\2026\20260803\259_SALES_DATA_NNME_03082026.DAT,37993,1034eeba5c6ce98afccdadcf553384015792d52d2fb1344d570b46551c12ce20
2026,2026-08-03,260_SALES_DATA_NNME_03082026.DAT,C:\Users\jonat\PycharmProjects\NSWpropertyData\RawData\DAT\2026\20260803\260_SALES_DATA_NNME_03082026.DAT,41529,fede0b16160712f34deb8babaf171638057041f33c78b0ee319dbbb544f8cf4d
2026,2026-08-03,261_SALES_DATA_NNME_03082026.DAT,C:\Users\jonat\PycharmProjects\NSWpropertyData\RawData\DAT\2026\20260803\261_SALES_DATA_NNME_03082026.DAT,18149,93b4a79102101a3bcfce26279d8f69536eeb07f13cc25ca98b2369a9ba8eb396
2026,2026-08-03,262_SALES_DATA_NNME_03082026.DAT,C:\Users\jonat\PycharmProjects\NSWpropertyData\RawData\DAT\2026\20260803\262_SALES_DATA_NNME_03082026.DAT,1173,0f3cf4a727af4070394139c030c4807944b2f9ac4c9b1f71264ad53fc1f9ed9d
2026,2026-08-03,263_SALES_DATA_NNME_03082026.DAT,C:\Users\jonat\PycharmProjects\NSWpropertyData\RawData\DAT\2026\20260803\263_SALES_DATA_NNME_03082026.DAT,1991,260541ae7d5ea6d51f4a8188693342b33ecf9b0413b5193529d69932dce11dfe
2026,2026-08-03,264_SALES_DATA_NNME_03082026.DAT,C:\Users\jonat\PycharmProjects\NSWpropertyData\RawData\DAT\2026\20260803\264_SALES_DATA_NNME_03082026.DAT,14804,ea0afb54cdb1647d433b62f3454e50a1d72bc2b4a3d6a48dd021bc794f4ab3ea
2026,2026-08-03,265_SALES_DATA_NNME_03082026.DAT,C:\Users\jonat\PycharmProjects\NSWpropertyData\RawData\DAT\2026\20260803\265_SALES_DATA_NNME_03082026.DAT,1217,515cc77025150016597f8ed60facc76a08321f01480921dcef609c1b7b103616
2026,2026-08-03,266_SALES_DATA_NNME_03082026.DAT,C:\Users\jonat\PycharmProjects\NSWpropertyData\RawData\DAT\2026\20260803\266_SALES_DATA_NNME_03082026.DAT,3498,820d67faa79f779cafcd449a32b39f2a2021c4cdd61ec0503f98725f8f776bb0
2026,2026-08-03,267_SALES_DATA_NNME_03082026.DAT,C:\Users\jonat\PycharmProjects\NSWpropertyData\RawData\DAT\2026\20260803\267_SALES_DATA_NNME_03082026.DAT,18213,a549c5f501126a33eaf0f1c6efc0b61e1f735565b475a96a64726aca2b60fcf8
2026,2026-08-03,268_SALES_DATA_NNME_03082026.DAT,C:\Users\jonat\PycharmProjects\NSWpropertyData\RawData\DAT\2026\20260803\268_SALES_DATA_NNME_03082026.DAT,10952,68d5e67da617a964c87e2baf54fbcf4d4d66967c40c0bf743f8d7a3421f8cce8
2026,2026-08-03,269_SALES_DATA_NNME_03082026.DAT,C:\Users\jonat\PycharmProjects\NSWpropertyData\RawData\DAT\2026\20260803\269_SALES_DATA_NNME_03082026.DAT,2026,62a6f28e601ca14b695593a0e425717943ffd000906ada7f76bc145d211312aa
2026,2026-08-03,270_SALES_DATA_NNME_03082026.DAT,C:\Users\jonat\PycharmProjects\NSWpropertyData\RawData\DAT\2026\20260803\270_SALES_DATA_NNME_03082026.DAT,906,959bea12f73ccb408f213478967db03b8401f91292fe1fe5222e4e00bd14785d
2026,2026-08-03,271_SALES_DATA_NNME_03082026.DAT,C:\Users\jonat\PycharmProjects\NSWpropertyData\RawData\DAT\2026\20260803\271_SALES_DATA_NNME_03082026.DAT,20219,54de462cc84c7838b155b3765ea1d64e23616918ce657ba6fc35d22afef1283a
2026,2026-08-03,272_SALES_DATA_NNME_03082026.DAT,C:\Users\jonat\PycharmProjects\NSWpropertyData\RawData\DAT\2026\20260803\272_SALES_DATA_NNME_03082026.DAT,10757,085de2506db761f53f59ea9e6808b99e2aa628eae7836ebdaaff03f96c7b15c9
2026,2026-08-03,273_SALES_DATA_NNME_03082026.DAT,C:\Users\jonat\PycharmProjects\NSWpropertyData\RawData\DAT\2026\20260803\273_SALES_DATA_NNME_03082026.DAT,2512,6988c1c6cfa5bd5258191a0af27025ae7515b47ef794e744376a7854f28a11d6
2026,2026-08-03,274_SALES_DATA_NNME_03082026.DAT,C:\Users\jonat\PycharmProjects\NSWpropertyData\RawData\DAT\2026\20260803\274_SALES_DATA_NNME_03082026.DAT,1369,8560d8270de94468fc1a268c8223a2c29f6101984d0e4da7caa5a95c59558b0b
2026,2026-08-03,275_SALES_DATA_NNME_03082026.DAT,C:\Users\jonat\PycharmProjects\NSWpropertyData\RawData\DAT\2026\20260803\275_SALES_DATA_NNME_03082026.DAT,8798,e99fff6c0d57f378f52b8065aadf9612865b4d2952faa228eed9800a8cd01756
2026,2026-08-03,276_SALES_DATA_NNME_03082026.DAT,C:\Users\jonat\PycharmProjects\NSWpropertyData\RawData\DAT\2026\20260803\276_SALES_DATA_NNME_03082026.DAT,15430,9c4bf8ade111443be4c2038d6a088634afd26749832370e8a42f89a9ee5e3cd7
2026,2026-08-03,300_SALES_DATA_NNME_03082026.DAT,C:\Users\jonat\PycharmProjects\NSWpropertyData\RawData\DAT\2026\20260803\300_SALES_DATA_NNME_03082026.DAT,662,c2a775706e854758ceac50e575eaa0ec2d4bfd05153e851d2e907bd393bac0a1
2026,2026-08-03,301_SALES_DATA_NNME_03082026.DAT,C:\Users\jonat\PycharmProjects\NSWpropertyData\RawData\DAT\2026\20260803\301_SALES_DATA_NNME_03082026.DAT,840,6f52b75179b7bbaa8cb743b8e33534a254d46ceabc95cbf80b11c6f6038bbe81
2026,2026-08-03,302_SALES_DATA_NNME_03082026.DAT,C:\Users\jonat\PycharmProjects\NSWpropertyData\RawData\DAT\2026\20260803\302_SALES_DATA_NNME_03082026.DAT,376,73286a786284dd50fe137fc7d3319fbd8108435712365097825923508c6b90bd
2026,2026-08-03,303_SALES_DATA_NNME_03082026.DAT,C:\Users\jonat\PycharmProjects\NSWpropertyData\RawData\DAT\2026\20260803\303_SALES_DATA_NNME_03082026.DAT,7651,4c137c8b432422e2a6e53ca9d777911cc0cbabaa27bf51b86ba0413b956abd98
2026,2026-08-03,511_SALES_DATA_NNME_03082026.DAT,C:\Users\jonat\PycharmProjects\NSWpropertyData\RawData\DAT\2026\20260803\511_SALES_DATA_NNME_03082026.DAT,2571,3f9bcb7af0dc8e29590d52bb05846a7e40aa2a33c13c3cde4fd6b6e01a963b56
2026,2026-08-03,526_SALES_DATA_NNME_03082026.DAT,C:\Users\jonat\PycharmProjects\NSWpropertyData\RawData\DAT\2026\20260803\526_SALES_DATA_NNME_03082026.DAT,914,27ceff5a77489ee840f1c76d684659045637eb336e5953420ccb7195aed63230
2026,2026-08-03,528_SALES_DATA_NNME_03082026.DAT,C:\Users\jonat\PycharmProjects\NSWpropertyData\RawData\DAT\2026\20260803\528_SALES_DATA_NNME_03082026.DAT,1773,e976fe91a147abc31f31bbb360b435b3f0238f67c810ae044ce5af2ba14694d9
2026,2026-08-03,529_SALES_DATA_NNME_03082026.DAT,C:\Users\jonat\PycharmProjects\NSWpropertyData\RawData\DAT\2026\20260803\529_SALES_DATA_NNME_03082026.DAT,5143,273ab1c258e17fc0ff8a7066313c02c6cac70e29734806b5471def118097ce95
2026,2026-08-03,537_SALES_DATA_NNME_03082026.DAT,C:\Users\jonat\PycharmProjects\NSWpropertyData\RawData\DAT\2026\20260803\537_SALES_DATA_NNME_03082026.DAT,856,f655f4d9c19675a28a59771255768b64d60d85579b23296ea8978f7e1ab2c1ae
2026,2026-08-03,538_SALES_DATA_NNME_03082026.DAT,C:\Users\jonat\PycharmProjects\NSWpropertyData\RawData\DAT\2026\20260803\538_SALES_DATA_NNME_03082026.DAT,1714,803dc42082aaf96fab6f2db1d364ce912a3af92ea3ee7c0b02e28ed8de86ed7e
2026,2026-08-03,560_SALES_DATA_NNME_03082026.DAT,C:\Users\jonat\PycharmProjects\NSWpropertyData\RawData\DAT\2026\20260803\560_SALES_DATA_NNME_03082026.DAT,3035,2b0efc5fc79771f8d3aac8d981890bb16b7e26d810b375daa7d94eea76c73bc4
2026,2026-08-03,575_SALES_DATA_NNME_03082026.DAT,C:\Users\jonat\PycharmProjects\NSWpropertyData\RawData\DAT\2026\20260803\575_SALES_DATA_NNME_03082026.DAT,7503,7c0ff3b2ae878cd5b64893d2e6cf2dba8eba75bf4fe007b8e48c14bf491c3aff
2026,2026-08-03,608_SALES_DATA_NNME_03082026.DAT,C:\Users\jonat\PycharmProjects\NSWpropertyData\RawData\DAT\2026\20260803\608_SALES_DATA_NNME_03082026.DAT,6792,ede7546835905816917cb25dae53e30465f3974e446bebeeb13deef0a8b2451d
2026,2026-08-03,620_SALES_DATA_NNME_03082026.DAT,C:\Users\jonat\PycharmProjects\NSWpropertyData\RawData\DAT\2026\20260803\620_SALES_DATA_NNME_03082026.DAT,4269,fedddfdfcc0a35214d0cb48df98ca31646b6b26d1a7b72d17b4801d52cb7a907
2026,2026-08-03,656_SALES_DATA_NNME_03082026.DAT,C:\Users\jonat\PycharmProjects\NSWpropertyData\RawData\DAT\2026\20260803\656_SALES_DATA_NNME_03082026.DAT,11050,ab41b5d1158e2dc7aa85dab617be6a2dfc8e3057e82a74a03a1593cedbbb51e0
2026,2026-08-03,666_SALES_DATA_NNME_03082026.DAT,C:\Users\jonat\PycharmProjects\NSWpropertyData\RawData\DAT\2026\20260803\666_SALES_DATA_NNME_03082026.DAT,10693,f74df37e42e8542af60ac2f6ae21862534ffe4c6c8549d4179476c6737052b3c
2026,2026-08-03,708_SALES_DATA_NNME_03082026.DAT,C:\Users\jonat\PycharmProjects\NSWpropertyData\RawData\DAT\2026\20260803\708_SALES_DATA_NNME_03082026.DAT,32511,5318bc8b6d1a352ad18f8ed429665d14bbe3ff0e27f4e0d3616082ec17bce95f
2026,2026-08-10,001_SALES_DATA_NNME_10082026.DAT,C:\Users\jonat\PycharmProjects\NSWpropertyData\RawData\DAT\2026\20260810\001_SALES_DATA_NNME_10082026.DAT,9355,85918a3581e998be2a58608145704c18ebe16b42100eadcb94743646701fedcf
2026,2026-08-10,002_SALES_DATA_NNME_10082026.DAT,C:\Users\jonat\PycharmProjects\NSWpropertyData\RawData\DAT\2026\20260810\002_SALES_DATA_NNME_10082026.DAT,1778,2ca50d583215fa507ea332a8c33d4b1e9b85358d61dfa3374bb449eaf39e1276
2026,2026-08-10,004_SALES_DATA_NNME_10082026.DAT,C:\Users\jonat\PycharmProjects\NSWpropertyData\RawData\DAT\2026\20260810\004_SALES_DATA_NNME_10082026.DAT,15749,2c892bccb9d049c38ac48eab0c239d2072d9d17b01e6a663a52fa58f999ff661
2026,2026-08-10,005_SALES_DATA_NNME_10082026.DAT,C:\Users\jonat\PycharmProjects\NSWpropertyData\RawData\DAT\2026\20260810\005_SALES_DATA_NNME_10082026.DAT,11760,bf4700ba5b0427abfa76c1b05a128d3d95e7cfb0b8696dd0a49f9e9bc4344fce
2026,2026-08-10,007_SALES_DATA_NNME_10082026.DAT,C:\Users\jonat\PycharmProjects\NSWpropertyData\RawData\DAT\2026\20260810\007_SALES_DATA_NNME_10082026.DAT,4065,7a9cae202403c487dfe42ce9f576d115f796d4a80433b00981e668da03d2e704
2026,2026-08-10,008_SALES_DATA_NNME_10082026.DAT,C:\Users\jonat\PycharmProjects\NSWpropertyData\RawData\DAT\2026\20260810\008_SALES_DATA_NNME_10082026.DAT,23597,cd5dd67c429c06f3105829327abd3ebf40f6516952a878a1f13d7cb479f988cc
2026,2026-08-10,010_SALES_DATA_NNME_10082026.DAT,C:\Users\jonat\PycharmProjects\NSWpropertyData\RawData\DAT\2026\20260810\010_SALES_DATA_NNME_10082026.DAT,5410,06bbe1ce6b6b3794c87c5412db236f2a7a15e5dde2e191be8efbcecf74803ee1
2026,2026-08-10,012_SALES_DATA_NNME_10082026.DAT,C:\Users\jonat\PycharmProjects\NSWpropertyData\RawData\DAT\2026\20260810\012_SALES_DATA_NNME_10082026.DAT,4661,d9f4467cd2f734b8f8857fa08f986f943f756a16f1ee0dec9087757e693166d8
2026,2026-08-10,018_SALES_DATA_NNME_10082026.DAT,C:\Users\jonat\PycharmProjects\NSWpropertyData\RawData\DAT\2026\20260810\018_SALES_DATA_NNME_10082026.DAT,4569,caca5173e4eadb157199322f24cca9d399e8255a24fade92ab0fc506086891e3
2026,2026-08-10,042_SALES_DATA_NNME_10082026.DAT,C:\Users\jonat\PycharmProjects\NSWpropertyData\RawData\DAT\2026\20260810\042_SALES_DATA_NNME_10082026.DAT,1507,6312cbd1c1a477ccb4477aa49c0c4b7f7da8c07c32688da6903705b94a83b1df
2026,2026-08-10,043_SALES_DATA_NNME_10082026.DAT,C:\Users\jonat\PycharmProjects\NSWpropertyData\RawData\DAT\2026\20260810\043_SALES_DATA_NNME_10082026.DAT,327,1a802d5c31dc00f4d0b0b42e5a67539d253f4e32aac3eb2841b8096714d85ab8
2026,2026-08-10,050_SALES_DATA_NNME_10082026.DAT,C:\Users\jonat\PycharmProjects\NSWpropertyData\RawData\DAT\2026\20260810\050_SALES_DATA_NNME_10082026.DAT,7612,745cc4ac657f23c21a08f9a36fee873187fc991a6ea3dc8a2b549ebd7664440b
2026,2026-08-10,051_SALES_DATA_NNME_10082026.DAT,C:\Users\jonat\PycharmProjects\NSWpropertyData\RawData\DAT\2026\20260810\051_SALES_DATA_NNME_10082026.DAT,2257,55b6280df801e0e79e8d13945018cf8cc4189775f80995fad9fca986f407dacb
2026,2026-08-10,052_SALES_DATA_NNME_10082026.DAT,C:\Users\jonat\PycharmProjects\NSWpropertyData\RawData\DAT\2026\20260810\052_SALES_DATA_NNME_10082026.DAT,1334,a12721750ed0a6b7670aa1b2b14ea45d09fa20cc14c20d4a51e801ad2b182f8b
2026,2026-08-10,054_SALES_DATA_NNME_10082026.DAT,C:\Users\jonat\PycharmProjects\NSWpropertyData\RawData\DAT\2026\20260810\054_SALES_DATA_NNME_10082026.DAT,1413,37877135af1122f741718ef90fbe8b934cc53180135b1b88b68b8391ce6615ae
2026,2026-08-10,061_SALES_DATA_NNME_10082026.DAT,C:\Users\jonat\PycharmProjects\NSWpropertyData\RawData\DAT\2026\20260810\061_SALES_DATA_NNME_10082026.DAT,550,481a24aebcb3fb157c226b47124cab478608d9caf5a400eed209d470d80bd6dd
2026,2026-08-10,065_SALES_DATA_NNME_10082026.DAT,C:\Users\jonat\PycharmProjects\NSWpropertyData\RawData\DAT\2026\20260810\065_SALES_DATA_NNME_10082026.DAT,1183,b44b0747a38ace7f52bc9eb84221a9d58c5d9dc2ea2f37f700dc122e4564ae9b
2026,2026-08-10,066_SALES_DATA_NNME_10082026.DAT,C:\Users\jonat\PycharmProjects\NSWpropertyData\RawData\DAT\2026\20260810\066_SALES_DATA_NNME_10082026.DAT,328,cf661dd21412389a141fce3fe3fe810276935e0eba1c307eadcaaeb807c5b5e7
2026,2026-08-10,070_SALES_DATA_NNME_10082026.DAT,C:\Users\jonat\PycharmProjects\NSWpropertyData\RawData\DAT\2026\20260810\070_SALES_DATA_NNME_10082026.DAT,927,8955af37897a869d9988d3130ded9fc39140f7272251c487e96435f32ce502f3
2026,2026-08-10,074_SALES_DATA_NNME_10082026.DAT,C:\Users\jonat\PycharmProjects\NSWpropertyData\RawData\DAT\2026\20260810\074_SALES_DATA_NNME_10082026.DAT,1506,7860b8fcb2ec74888e0a37824efe324a659c5ba96f774f7e445c616c21dbb1ce
2026,2026-08-10,081_SALES_DATA_NNME_10082026.DAT,C:\Users\jonat\PycharmProjects\NSWpropertyData\RawData\DAT\2026\20260810\081_SALES_DATA_NNME_10082026.DAT,20395,a8eda75fb7e70e521b5617efbee353d3f8d4738f58e606785e17eea17b9d281f
2026,2026-08-10,082_SALES_DATA_NNME_10082026.DAT,C:\Users\jonat\PycharmProjects\NSWpropertyData\RawData\DAT\2026\20260810\082_SALES_DATA_NNME_10082026.DAT,12033,d06d6d5709c12b13e8a01463679d8ac83fd38eefd09eb0af613c0e92ae62e285
2026,2026-08-10,083_SALES_DATA_NNME_10082026.DAT,C:\Users\jonat\PycharmProjects\NSWpropertyData\RawData\DAT\2026\20260810\083_SALES_DATA_NNME_10082026.DAT,336,461e89888db206f8e34872c0f04f10c0a944a195dffc70358fd2f2021047de50
2026,2026-08-10,084_SALES_DATA_NNME_10082026.DAT,C:\Users\jonat\PycharmProjects\NSWpropertyData\RawData\DAT\2026\20260810\084_SALES_DATA_NNME_10082026.DAT,11006,95b6f4e3bdd385bb886eaf0c7e0e9c7ba1bbff79d365702acdadfce0b5c3293d
2026,2026-08-10,085_SALES_DATA_NNME_10082026.DAT,C:\Users\jonat\PycharmProjects\NSWpropertyData\RawData\DAT\2026\20260810\085_SALES_DATA_NNME_10082026.DAT,8226,791553be1381ff8320ef5e4571be6c26ced04e1745d40ebd22dcf605bc5a7993
2026,2026-08-10,087_SALES_DATA_NNME_10082026.DAT,C:\Users\jonat\PycharmProjects\NSWpropertyData\RawData\DAT\2026\20260810\087_SALES_DATA_NNME_10082026.DAT,2129,46d011f1b7603f438f8b047f899c8f571920fb417e714899b49a3cd5916adff5
2026,2026-08-10,088_SALES_DATA_NNME_10082026.DAT,C:\Users\jonat\PycharmProjects\NSWpropertyData\RawData\DAT\2026\20260810\088_SALES_DATA_NNME_10082026.DAT,8269,ae1a602ce18b7382bbb7032afc75fda3e3a5eb34d5c58e8752aca8faa72c9b6c
2026,2026-08-10,090_SALES_DATA_NNME_10082026.DAT,C:\Users\jonat\PycharmProjects\NSWpropertyData\RawData\DAT\2026\20260810\090_SALES_DATA_NNME_10082026.DAT,13612,527edc20ede088d2b29ffb3db02e0a1d6a6d204a99932d792c457559b01dc862
2026,2026-08-10,092_SALES_DATA_NNME_10082026.DAT,C:\Users\jonat\PycharmProjects\NSWpropertyData\RawData\DAT\2026\20260810\092_SALES_DATA_NNME_10082026.DAT,3895,03ed57bbadbd646db4f5e9076328db92160a447efd7bd9b68eaf4921264be5dd
2026,2026-08-10,097_SALES_DATA_NNME_10082026.DAT,C:\Users\jonat\PycharmProjects\NSWpropertyData\RawData\DAT\2026\20260810\097_SALES_DATA_NNME_10082026.DAT,6326,2e8ce7cb2904c4655c2a8641dd0015b78ecc965fce632a1e3f23bd4c270eb964
2026,2026-08-10,098_SALES_DATA_NNME_10082026.DAT,C:\Users\jonat\PycharmProjects\NSWpropertyData\RawData\DAT\2026\20260810\098_SALES_DATA_NNME_10082026.DAT,1583,b055dd0345e9485ea7ee7b49c344ef025293066e34e68b6af7df6074cb43118d
2026,2026-08-10,100_SALES_DATA_NNME_10082026.DAT,C:\Users\jonat\PycharmProjects\NSWpropertyData\RawData\DAT\2026\20260810\100_SALES_DATA_NNME_10082026.DAT,8780,d17ca6fdb543c012a056e1b5db1bfd48bddf0f2a81c393d6c5e657bbed6e9597
2026,2026-08-10,101_SALES_DATA_NNME_10082026.DAT,C:\Users\jonat\PycharmProjects\NSWpropertyData\RawData\DAT\2026\20260810\101_SALES_DATA_NNME_10082026.DAT,13679,f386f950a956fc328a97caefd91fda0eb1959091294b7475898becf9268a32ce
2026,2026-08-10,102_SALES_DATA_NNME_10082026.DAT,C:\Users\jonat\PycharmProjects\NSWpropertyData\RawData\DAT\2026\20260810\102_SALES_DATA_NNME_10082026.DAT,9090,0c2fe6df989b7e81513e28c6bb33945a0d3072a9e4c7759b6e5ef49edfc01879
2026,2026-08-10,103_SALES_DATA_NNME_10082026.DAT,C:\Users\jonat\PycharmProjects\NSWpropertyData\RawData\DAT\2026\20260810\103_SALES_DATA_NNME_10082026.DAT,24158,f590b7df1deb899e06722e234d094e84ac86557faa96cae6f959bb581e2e9dc3
2026,2026-08-10,109_SALES_DATA_NNME_10082026.DAT,C:\Users\jonat\PycharmProjects\NSWpropertyData\RawData\DAT\2026\20260810\109_SALES_DATA_NNME_10082026.DAT,974,95d2e8885f334c0be361e6d8bc25ec68370b4845039c42d7b3998af93642c229
2026,2026-08-10,116_SALES_DATA_NNME_10082026.DAT,C:\Users\jonat\PycharmProjects\NSWpropertyData\RawData\DAT\2026\20260810\116_SALES_DATA_NNME_10082026.DAT,2126,fd5e84c6abab7b274ff7bca5a7e2162f249dca660bbc89c9f76c484472fe1055
2026,2026-08-10,117_SALES_DATA_NNME_10082026.DAT,C:\Users\jonat\PycharmProjects\NSWpropertyData\RawData\DAT\2026\20260810\117_SALES_DATA_NNME_10082026.DAT,1770,f7395e56ce50caa7883d9ecb18f7ea106f1d23186591895cc9cd2b3e942dceff
2026,2026-08-10,118_SALES_DATA_NNME_10082026.DAT,C:\Users\jonat\PycharmProjects\NSWpropertyData\RawData\DAT\2026\20260810\118_SALES_DATA_NNME_10082026.DAT,1700,acc43ea267128b9b8c56638637dd1355a608c4ceaabfb7287e36472874d235a8
2026,2026-08-10,124_SALES_DATA_NNME_10082026.DAT,C:\Users\jonat\PycharmProjects\NSWpropertyData\RawData\DAT\2026\20260810\124_SALES_DATA_NNME_10082026.DAT,6517,bce474b916c25805d9395a807583d86ef234b85988bbf04853f18111e9059000
2026,2026-08-10,137_SALES_DATA_NNME_10082026.DAT,C:\Users\jonat\PycharmProjects\NSWpropertyData\RawData\DAT\2026\20260810\137_SALES_DATA_NNME_10082026.DAT,3663,18c86ead4a329420daf73edb9e274c7cb40fb2e9d1177cab2dde94a5c58474b6
2026,2026-08-10,139_SALES_DATA_NNME_10082026.DAT,C:\Users\jonat\PycharmProjects\NSWpropertyData\RawData\DAT\2026\20260810\139_SALES_DATA_NNME_10082026.DAT,10349,2fb3a52aa05be7c5f6062a5ae2fb399826dc55e2e4cc100a2f855a7d0fc51033
2026,2026-08-10,143_SALES_DATA_NNME_10082026.DAT,C:\Users\jonat\PycharmProjects\NSWpropertyData\RawData\DAT\2026\20260810\143_SALES_DATA_NNME_10082026.DAT,4161,1a87673093243586e8f50cd8681978ad55bd46fc3bbb92d82b1e75bc79216064
2026,2026-08-10,144_SALES_DATA_NNME_10082026.DAT,C:\Users\jonat\PycharmProjects\NSWpropertyData\RawData\DAT\2026\20260810\144_SALES_DATA_NNME_10082026.DAT,24457,3d5b00e82a63c0a8f8bc2b919de30ca4063cf9837437d6bb3d9d40bdb237496e
2026,2026-08-10,148_SALES_DATA_NNME_10082026.DAT,C:\Users\jonat\PycharmProjects\NSWpropertyData\RawData\DAT\2026\20260810\148_SALES_DATA_NNME_10082026.DAT,7263,54f1424b78bce53d0415f6a570acf5453b52aa8547f89790c08808b5777b087d
2026,2026-08-10,149_SALES_DATA_NNME_10082026.DAT,C:\Users\jonat\PycharmProjects\NSWpropertyData\RawData\DAT\2026\20260810\149_SALES_DATA_NNME_10082026.DAT,978,cd5fceecb8dc32fe97761d9fe4eba82fee18e324de746f9f6a848fcbdde46540
2026,2026-08-10,150_SALES_DATA_NNME_10082026.DAT,C:\Users\jonat\PycharmProjects\NSWpropertyData\RawData\DAT\2026\20260810\150_SALES_DATA_NNME_10082026.DAT,4895,a23fba1293af76ba59d21fb4a365c984ffb75fefca75169edeff345889bdbf58
2026,2026-08-10,151_SALES_DATA_NNME_10082026.DAT,C:\Users\jonat\PycharmProjects\NSWpropertyData\RawData\DAT\2026\20260810\151_SALES_DATA_NNME_10082026.DAT,3626,0143ebbc6e87066d44cdd64e415e3e072a9e20ca977e3e789b3fbd5baeb2683b
2026,2026-08-10,152_SALES_DATA_NNME_10082026.DAT,C:\Users\jonat\PycharmProjects\NSWpropertyData\RawData\DAT\2026\20260810\152_SALES_DATA_NNME_10082026.DAT,8441,f5b3549881f2a916e4180cb1c737be6ba90580dace3238bacf571024b223031f
2026,2026-08-10,157_SALES_DATA_NNME_10082026.DAT,C:\Users\jonat\PycharmProjects\NSWpropertyData\RawData\DAT\2026\20260810\157_SALES_DATA_NNME_10082026.DAT,7375,1d3930441eedcd635f411893031640a88cb0a3743a7a66b51b1b2314f0d65c54
2026,2026-08-10,158_SALES_DATA_NNME_10082026.DAT,C:\Users\jonat\PycharmProjects\NSWpropertyData\RawData\DAT\2026\20260810\158_SALES_DATA_NNME_10082026.DAT,583,38b912e259be2856c39f86b8162be40f8b2f63346e7f6a30c19677cedab20f5d
2026,2026-08-10,159_SALES_DATA_NNME_10082026.DAT,C:\Users\jonat\PycharmProjects\NSWpropertyData\RawData\DAT\2026\20260810\159_SALES_DATA_NNME_10082026.DAT,5041,244def030b109ce46cf8c46c88bc6e7bfc5c5612828503636cba2151747ea50f
2026,2026-08-10,164_SALES_DATA_NNME_10082026.DAT,C:\Users\jonat\PycharmProjects\NSWpropertyData\RawData\DAT\2026\20260810\164_SALES_DATA_NNME_10082026.DAT,1582,b128752922b94125edbb5d56f81bf4c5719ae39d5a229abbe7913367224df4c9
2026,2026-08-10,171_SALES_DATA_NNME_10082026.DAT,C:\Users\jonat\PycharmProjects\NSWpropertyData\RawData\DAT\2026\20260810\171_SALES_DATA_NNME_10082026.DAT,15212,f4c99c59447095dc2f62e14425447ae3b9f8a1b182626489e76d3e9b5c357a71
2026,2026-08-10,187_SALES_DATA_NNME_10082026.DAT,C:\Users\jonat\PycharmProjects\NSWpropertyData\RawData\DAT\2026\20260810\187_SALES_DATA_NNME_10082026.DAT,1449,20e77fc76ed339738d5d4b3984a01fdb23a0701bf3f2aadcac561ae1b2452e46
2026,2026-08-10,188_SALES_DATA_NNME_10082026.DAT,C:\Users\jonat\PycharmProjects\NSWpropertyData\RawData\DAT\2026\20260810\188_SALES_DATA_NNME_10082026.DAT,2642,75ccb3c3680c4cb60e8b4bee52a20acdac1d8ce4fcef09ee0b1fd0b171e45697
2026,2026-08-10,192_SALES_DATA_NNME_10082026.DAT,C:\Users\jonat\PycharmProjects\NSWpropertyData\RawData\DAT\2026\20260810\192_SALES_DATA_NNME_10082026.DAT,614,3732f5130408a6a8552fd20ffdf0b31f2e386581d3d622f4439ab7d15771a77a
2026,2026-08-10,199_SALES_DATA_NNME_10082026.DAT,C:\Users\jonat\PycharmProjects\NSWpropertyData\RawData\DAT\2026\20260810\199_SALES_DATA_NNME_10082026.DAT,368,a7167dc349145a5107f59be5abd8d3b0a43d533c6cbda012da0eee0d7c1a7332
2026,2026-08-10,207_SALES_DATA_NNME_10082026.DAT,C:\Users\jonat\PycharmProjects\NSWpropertyData\RawData\DAT\2026\20260810\207_SALES_DATA_NNME_10082026.DAT,16450,cc1a415dc148acb68db9b8606e8449ca72fc85529981036bd29d4e3b66f2e3db
2026,2026-08-10,209_SALES_DATA_NNME_10082026.DAT,C:\Users\jonat\PycharmProjects\NSWpropertyData\RawData\DAT\2026\20260810\209_SALES_DATA_NNME_10082026.DAT,5625,81a91e4980b0bac7594cca103a9dbaeb05527c31241aeef963e39dc344928e3c
2026,2026-08-10,210_SALES_DATA_NNME_10082026.DAT,C:\Users\jonat\PycharmProjects\NSWpropertyData\RawData\DAT\2026\20260810\210_SALES_DATA_NNME_10082026.DAT,6787,d07ecc2caa4b65d48fa6735ec2b78d88f04ef27a834ccb5c2cb7418ba6eae42d
2026,2026-08-10,214_SALES_DATA_NNME_10082026.DAT,C:\Users\jonat\PycharmProjects\NSWpropertyData\RawData\DAT\2026\20260810\214_SALES_DATA_NNME_10082026.DAT,30489,cb9b9ef61683d8afb09aa56489b0fb2e1d3e84a27ac170d65b2d2532ec999f86
2026,2026-08-10,216_SALES_DATA_NNME_10082026.DAT,C:\Users\jonat\PycharmProjects\NSWpropertyData\RawData\DAT\2026\20260810\216_SALES_DATA_NNME_10082026.DAT,6337,85dddb7fdbaaf6c006a423571eb5987aa0f1f6e47c3270e1e55aeca08e84b00b
2026,2026-08-10,217_SALES_DATA_NNME_10082026.DAT,C:\Users\jonat\PycharmProjects\NSWpropertyData\RawData\DAT\2026\20260810\217_SALES_DATA_NNME_10082026.DAT,29329,6ef7770f59e4ab843e66739582970b7374beab4453c4e6f16282715c1c101bd9
2026,2026-08-10,218_SALES_DATA_NNME_10082026.DAT,C:\Users\jonat\PycharmProjects\NSWpropertyData\RawData\DAT\2026\20260810\218_SALES_DATA_NNME_10082026.DAT,10690,8883c98460c491db8138e4490d02ff87bbe9cdcfee387476b41da65d1d13c8fe
2026,2026-08-10,219_SALES_DATA_NNME_10082026.DAT,C:\Users\jonat\PycharmProjects\NSWpropertyData\RawData\DAT\2026\20260810\219_SALES_DATA_NNME_10082026.DAT,4288,a0ea16484eb1e5849284c133c785545f4c38f3996d869a4c5b69e6972f60b68d
2026,2026-08-10,220_SALES_DATA_NNME_10082026.DAT,C:\Users\jonat\PycharmProjects\NSWpropertyData\RawData\DAT\2026\20260810\220_SALES_DATA_NNME_10082026.DAT,9524,b49289b228319219f391a4c61ec557f28d0a8165ac9f2bdb1fc7e574b71be519
2026,2026-08-10,222_SALES_DATA_NNME_10082026.DAT,C:\Users\jonat\PycharmProjects\NSWpropertyData\RawData\DAT\2026\20260810\222_SALES_DATA_NNME_10082026.DAT,3769,b89c0224d0b4743191ecb5eaac306ce1c9e72b55f431f6ca734013ac853258ca
2026,2026-08-10,223_SALES_DATA_NNME_10082026.DAT,C:\Users\jonat\PycharmProjects\NSWpropertyData\RawData\DAT\2026\20260810\223_SALES_DATA_NNME_10082026.DAT,21560,2e25827252ac31018d6855d22242f912df389ffc7cad61da96175ab13a53a9db
2026,2026-08-10,224_SALES_DATA_NNME_10082026.DAT,C:\Users\jonat\PycharmProjects\NSWpropertyData\RawData\DAT\2026\20260810\224_SALES_DATA_NNME_10082026.DAT,14442,a9d44a5f9ce6a241a6908faade02358e6635a3e9bec846c2872892e70a1dde25
2026,2026-08-10,226_SALES_DATA_NNME_10082026.DAT,C:\Users\jonat\PycharmProjects\NSWpropertyData\RawData\DAT\2026\20260810\226_SALES_DATA_NNME_10082026.DAT,10085,a55d9da8b2caffcaccf6023af657cb0f425834d0fec170cf0c9c43d2e2b71809
2026,2026-08-10,230_SALES_DATA_NNME_10082026.DAT,C:\Users\jonat\PycharmProjects\NSWpropertyData\RawData\DAT\2026\20260810\230_SALES_DATA_NNME_10082026.DAT,928,ed0e70bcd2252f22610b3400742df624574e308eb1e320343cd873116a14ca46
2026,2026-08-10,231_SALES_DATA_NNME_10082026.DAT,C:\Users\jonat\PycharmProjects\NSWpropertyData\RawData\DAT\2026\20260810\231_SALES_DATA_NNME_10082026.DAT,1122,89640938c01337ef5150168bb1549080ad0eb1e2e213d8ea0fc7f90d21510aca
2026,2026-08-10,232_SALES_DATA_NNME_10082026.DAT,C:\Users\jonat\PycharmProjects\NSWpropertyData\RawData\DAT\2026\20260810\232_SALES_DATA_NNME_10082026.DAT,372,4f0d3f198b3900bb4db32fcc054a2a541890dd2f4207636bec385d58375c3ee0
2026,2026-08-10,234_SALES_DATA_NNME_10082026.DAT,C:\Users\jonat\PycharmProjects\NSWpropertyData\RawData\DAT\2026\20260810\234_SALES_DATA_NNME_10082026.DAT,4237,f390deebfce0817e81d1db081319908a6a67aa433eff2103e3732c95647b7d5a
2026,2026-08-10,236_SALES_DATA_NNME_10082026.DAT,C:\Users\jonat\PycharmProjects\NSWpropertyData\RawData\DAT\2026\20260810\236_SALES_DATA_NNME_10082026.DAT,543,cca75bdf00ac3db6ca873847ae192837231411b53e607154ac49086c035c0279
2026,2026-08-10,238_SALES_DATA_NNME_10082026.DAT,C:\Users\jonat\PycharmProjects\NSWpropertyData\RawData\DAT\2026\20260810\238_SALES_DATA_NNME_10082026.DAT,627,bfdfa5f218e49719660d04affc0d30f43cdb8237c2c70033b0d9b1006c57ba59
2026,2026-08-10,239_SALES_DATA_NNME_10082026.DAT,C:\Users\jonat\PycharmProjects\NSWpropertyData\RawData\DAT\2026\20260810\239_SALES_DATA_NNME_10082026.DAT,293,6056557e795f51afae8fbdd6975b55879feb9e56ef7d0175f23e8c00319751a2
2026,2026-08-10,240_SALES_DATA_NNME_10082026.DAT,C:\Users\jonat\PycharmProjects\NSWpropertyData\RawData\DAT\2026\20260810\240_SALES_DATA_NNME_10082026.DAT,808,882df9027a1e1bd46cf6ca6fb89cdf1b096866240ae290466bed0a2eac7f5de5
2026,2026-08-10,243_SALES_DATA_NNME_10082026.DAT,C:\Users\jonat\PycharmProjects\NSWpropertyData\RawData\DAT\2026\20260810\243_SALES_DATA_NNME_10082026.DAT,571,e060b764b8b5b15c67a3379fc6b1b85416a3e3fc1e3fffcae91e2b89d9694a86
2026,2026-08-10,244_SALES_DATA_NNME_10082026.DAT,C:\Users\jonat\PycharmProjects\NSWpropertyData\RawData\DAT\2026\20260810\244_SALES_DATA_NNME_10082026.DAT,336,cd9fb0e23e7169f3490c63a6c3bef0c763cb4fb2c25d4b6f0dd18d21d384c183
2026,2026-08-10,247_SALES_DATA_NNME_10082026.DAT,C:\Users\jonat\PycharmProjects\NSWpropertyData\RawData\DAT\2026\20260810\247_SALES_DATA_NNME_10082026.DAT,1670,c0aa92c73d0216c60116c82a1df61536b42b7bda47cf69cb0734a382950fe332
2026,2026-08-10,250_SALES_DATA_NNME_10082026.DAT,C:\Users\jonat\PycharmProjects\NSWpropertyData\RawData\DAT\2026\20260810\250_SALES_DATA_NNME_10082026.DAT,1253,fbb6af529d86d4a571d86c7d5c6b8fdc6e3ffaeb26c2433ce6bffe19843eb0df
2026,2026-08-10,251_SALES_DATA_NNME_10082026.DAT,C:\Users\jonat\PycharmProjects\NSWpropertyData\RawData\DAT\2026\20260810\251_SALES_DATA_NNME_10082026.DAT,670,ea82b694ff04842f32f1eea793f4760de669cafb4211e0687dc875983f194fe4
2026,2026-08-10,252_SALES_DATA_NNME_10082026.DAT,C:\Users\jonat\PycharmProjects\NSWpropertyData\RawData\DAT\2026\20260810\252_SALES_DATA_NNME_10082026.DAT,1262,2b0f3c877fbc36c871681347847e5f05931e82a49443c4c1355bed3ba36ff990
2026,2026-08-10,254_SALES_DATA_NNME_10082026.DAT,C:\Users\jonat\PycharmProjects\NSWpropertyData\RawData\DAT\2026\20260810\254_SALES_DATA_NNME_10082026.DAT,296,364a34d03d4e9bda0809e8f490f0583acdd0e99f72883fd9c48a5f4dfafb21ee
2026,2026-08-10,255_SALES_DATA_NNME_10082026.DAT,C:\Users\jonat\PycharmProjects\NSWpropertyData\RawData\DAT\2026\20260810\255_SALES_DATA_NNME_10082026.DAT,1150,b4f86f7795484f3286509c92ebc2810baff3b0e93d8fa71e133d0c75c6a17a0c
2026,2026-08-10,257_SALES_DATA_NNME_10082026.DAT,C:\Users\jonat\PycharmProjects\NSWpropertyData\RawData\DAT\2026\20260810\257_SALES_DATA_NNME_10082026.DAT,6611,3b754d582dd3ec80f1d9baa245cca5de877a410cb0ad7960c76017e574a643e4
2026,2026-08-10,258_SALES_DATA_NNME_10082026.DAT,C:\Users\jonat\PycharmProjects\NSWpropertyData\RawData\DAT\2026\20260810\258_SALES_DATA_NNME_10082026.DAT,28847,4e16d354066fabf4ea2f9ad8d7b8e9d7122136242a5df1c0b05b8a324ca66187
2026,2026-08-10,259_SALES_DATA_NNME_10082026.DAT,C:\Users\jonat\PycharmProjects\NSWpropertyData\RawData\DAT\2026\20260810\259_SALES_DATA_NNME_10082026.DAT,37411,4c2d67f5ede19766150bb08a821180acc5b86361f46a467b65e069fcffe4b844
2026,2026-08-10,260_SALES_DATA_NNME_10082026.DAT,C:\Users\jonat\PycharmProjects\NSWpropertyData\RawData\DAT\2026\20260810\260_SALES_DATA_NNME_10082026.DAT,25611,415fe0e123b9d4a1ce8ef364c402f4a54e996242e3b8a1e528424c16cbd30617
2026,2026-08-10,261_SALES_DATA_NNME_10082026.DAT,C:\Users\jonat\PycharmProjects\NSWpropertyData\RawData\DAT\2026\20260810\261_SALES_DATA_NNME_10082026.DAT,17270,ba47f050b5b802c3ca7f4863bd1180944ca0f7c32e5243926e8f38794ce9ef63
2026,2026-08-10,262_SALES_DATA_NNME_10082026.DAT,C:\Users\jonat\PycharmProjects\NSWpropertyData\RawData\DAT\2026\20260810\262_SALES_DATA_NNME_10082026.DAT,1723,994046cb67a9f2f6f5e41a6db5133a6ca1969923ba706e30626e7e5aacfd337a
2026,2026-08-10,263_SALES_DATA_NNME_10082026.DAT,C:\Users\jonat\PycharmProjects\NSWpropertyData\RawData\DAT\2026\20260810\263_SALES_DATA_NNME_10082026.DAT,1634,11fc6b0177cb5159ce4442f50af18bdce748c6728241d05ff226e2342a940f50
2026,2026-08-10,264_SALES_DATA_NNME_10082026.DAT,C:\Users\jonat\PycharmProjects\NSWpropertyData\RawData\DAT\2026\20260810\264_SALES_DATA_NNME_10082026.DAT,8022,27fbb1e1eb44a0f88a32a97bc575513d0821146187903c006116d7ca6cd7e962
2026,2026-08-10,265_SALES_DATA_NNME_10082026.DAT,C:\Users\jonat\PycharmProjects\NSWpropertyData\RawData\DAT\2026\20260810\265_SALES_DATA_NNME_10082026.DAT,1217,c8c8585244e07f98637483d071726eea36a6ecf37706cd0db5967c999fc9079f
2026,2026-08-10,266_SALES_DATA_NNME_10082026.DAT,C:\Users\jonat\PycharmProjects\NSWpropertyData\RawData\DAT\2026\20260810\266_SALES_DATA_NNME_10082026.DAT,4234,8ccc4c19d9291aeea722742d14814bb5a8d3e3dae57118533c979e42f81adcf2
2026,2026-08-10,267_SALES_DATA_NNME_10082026.DAT,C:\Users\jonat\PycharmProjects\NSWpropertyData\RawData\DAT\2026\20260810\267_SALES_DATA_NNME_10082026.DAT,19723,630a9421161e776aa8259ddee3a9a531ec8a4ca57020b2767ad63d9affa261cf
2026,2026-08-10,268_SALES_DATA_NNME_10082026.DAT,C:\Users\jonat\PycharmProjects\NSWpropertyData\RawData\DAT\2026\20260810\268_SALES_DATA_NNME_10082026.DAT,12197,a43324629156efd7ced35ef819634ff7041a7c42eb0ecd1b2d8b16f8c2cce530
2026,2026-08-10,269_SALES_DATA_NNME_10082026.DAT,C:\Users\jonat\PycharmProjects\NSWpropertyData\RawData\DAT\2026\20260810\269_SALES_DATA_NNME_10082026.DAT,2986,02e30084fa0529bc80a7f3070f2ed3483184f124fd6263f078249f168b229e93
2026,2026-08-10,270_SALES_DATA_NNME_10082026.DAT,C:\Users\jonat\PycharmProjects\NSWpropertyData\RawData\DAT\2026\20260810\270_SALES_DATA_NNME_10082026.DAT,297,ba9085849128fde50c3c3c6e74a8208c2851bb788cbed87f657f48c6e56cb7b4
2026,2026-08-10,271_SALES_DATA_NNME_10082026.DAT,C:\Users\jonat\PycharmProjects\NSWpropertyData\RawData\DAT\2026\20260810\271_SALES_DATA_NNME_10082026.DAT,25000,d220aa5e5470171c453d19f4f9927d358dc057c996dfc7b0d556bedcd31a4a73
2026,2026-08-10,272_SALES_DATA_NNME_10082026.DAT,C:\Users\jonat\PycharmProjects\NSWpropertyData\RawData\DAT\2026\20260810\272_SALES_DATA_NNME_10082026.DAT,6269,5c0d1dc5e1541733a781af9dcf73303ea553c9977c1deaf8034a84936b288c5b
2026,2026-08-10,273_SALES_DATA_NNME_10082026.DAT,C:\Users\jonat\PycharmProjects\NSWpropertyData\RawData\DAT\2026\20260810\273_SALES_DATA_NNME_10082026.DAT,4263,42ee0e4166c4a3469980b9e945c0bafb7e2dad098511c3ed1e4cfdb52898e98f
2026,2026-08-10,274_SALES_DATA_NNME_10082026.DAT,C:\Users\jonat\PycharmProjects\NSWpropertyData\RawData\DAT\2026\20260810\274_SALES_DATA_NNME_10082026.DAT,2126,27f7a475a9bcbd8205d55da4c4d57201bf72678efe6eebf504a66ca3877b9951
2026,2026-08-10,275_SALES_DATA_NNME_10082026.DAT,C:\Users\jonat\PycharmProjects\NSWpropertyData\RawData\DAT\2026\20260810\275_SALES_DATA_NNME_10082026.DAT,6662,0262fc24eb21d177d1eceb52d2b13fe52db63cfd35d17a60a531a55760a6d1ba
2026,2026-08-10,276_SALES_DATA_NNME_10082026.DAT,C:\Users\jonat\PycharmProjects\NSWpropertyData\RawData\DAT\2026\20260810\276_SALES_DATA_NNME_10082026.DAT,17917,c953e9d9f247d4027f348c7f67e6df09c4547b3e75c8a7163a50eb04104e625f
2026,2026-08-10,301_SALES_DATA_NNME_10082026.DAT,C:\Users\jonat\PycharmProjects\NSWpropertyData\RawData\DAT\2026\20260810\301_SALES_DATA_NNME_10082026.DAT,543,84cffb121d9e259bccae50db12d9b4ac05e83216401b8deed1e13a2aee934b83
2026,2026-08-10,302_SALES_DATA_NNME_10082026.DAT,C:\Users\jonat\PycharmProjects\NSWpropertyData\RawData\DAT\2026\20260810\302_SALES_DATA_NNME_10082026.DAT,1794,e3e56e75a188e11fda6db6fba9e18e78cd64e87c02754c4ff3c4237109e0620e
2026,2026-08-10,303_SALES_DATA_NNME_10082026.DAT,C:\Users\jonat\PycharmProjects\NSWpropertyData\RawData\DAT\2026\20260810\303_SALES_DATA_NNME_10082026.DAT,8648,ee87fc4cc6b17f322ac4af4c0d8b2f474fc62cee0a77c87f722017567e0cafba
2026,2026-08-10,511_SALES_DATA_NNME_10082026.DAT,C:\Users\jonat\PycharmProjects\NSWpropertyData\RawData\DAT\2026\20260810\511_SALES_DATA_NNME_10082026.DAT,1628,263e0d19916c69cf751d912379cfc03e6834090ecd17b317b4ebf2eb65461267
2026,2026-08-10,526_SALES_DATA_NNME_10082026.DAT,C:\Users\jonat\PycharmProjects\NSWpropertyData\RawData\DAT\2026\20260810\526_SALES_DATA_NNME_10082026.DAT,2145,17d0175006fa6bc042ef465c723cf2252282cbbabfc7955d9d0d1294259c4008
2026,2026-08-10,528_SALES_DATA_NNME_10082026.DAT,C:\Users\jonat\PycharmProjects\NSWpropertyData\RawData\DAT\2026\20260810\528_SALES_DATA_NNME_10082026.DAT,1995,c5ba776d4c54db3a7a3f7b4b26afd4ebdee99f1569a44ab245dc8e5d6ffd3fba
2026,2026-08-10,529_SALES_DATA_NNME_10082026.DAT,C:\Users\jonat\PycharmProjects\NSWpropertyData\RawData\DAT\2026\20260810\529_SALES_DATA_NNME_10082026.DAT,4007,9865195e7cf56de68ea595e19200b71cfb9ddfbb763c3b790c1d0d42e0eb7e4d
2026,2026-08-10,537_SALES_DATA_NNME_10082026.DAT,C:\Users\jonat\PycharmProjects\NSWpropertyData\RawData\DAT\2026\20260810\537_SALES_DATA_NNME_10082026.DAT,1771,865de163ff540c2e5dad194c9f1d5be6443d227fa852a33d724946af624c15a1
2026,2026-08-10,538_SALES_DATA_NNME_10082026.DAT,C:\Users\jonat\PycharmProjects\NSWpropertyData\RawData\DAT\2026\20260810\538_SALES_DATA_NNME_10082026.DAT,377,16d0dacdb11f573eda5273ec70fa047e4cc6cc8028673190aec7e511fd40ad69
2026,2026-08-10,560_SALES_DATA_NNME_10082026.DAT,C:\Users\jonat\PycharmProjects\NSWpropertyData\RawData\DAT\2026\20260810\560_SALES_DATA_NNME_10082026.DAT,1495,3b0b1075a80b541e6da65e7fb95ae6089690bdbcfc63305bf3d8b1afd145416c
2026,2026-08-10,575_SALES_DATA_NNME_10082026.DAT,C:\Users\jonat\PycharmProjects\NSWpropertyData\RawData\DAT\2026\20260810\575_SALES_DATA_NNME_10082026.DAT,6907,0905b6e5efbf2ff64da0a1460e1378d1f587febf82ab087bb324a27a7ff43dda
2026,2026-08-10,608_SALES_DATA_NNME_10082026.DAT,C:\Users\jonat\PycharmProjects\NSWpropertyData\RawData\DAT\2026\20260810\608_SALES_DATA_NNME_10082026.DAT,4661,a952a1aaa59c8b36aad48c7c2307f0b02342fe81a939eb1ba5eadeffc1b13110
2026,2026-08-10,620_SALES_DATA_NNME_10082026.DAT,C:\Users\jonat\PycharmProjects\NSWpropertyData\RawData\DAT\2026\20260810\620_SALES_DATA_NNME_10082026.DAT,6884,3a1d499719194e9215da6a9a127b36bb012af6e3087774a84be7817413b70a25
2026,2026-08-10,656_SALES_DATA_NNME_10082026.DAT,C:\Users\jonat\PycharmProjects\NSWpropertyData\RawData\DAT\2026\20260810\656_SALES_DATA_NNME_10082026.DAT,10568,4761c02e4213b277f8a7569303d5c4a419f23ffe080f99c5e87cd323b722ed2f
2026,2026-08-10,666_SALES_DATA_NNME_10082026.DAT,C:\Users\jonat\PycharmProjects\NSWpropertyData\RawData\DAT\2026\20260810\666_SALES_DATA_NNME_10082026.DAT,7128,11e362f8d4883589890859e9c1a33a85ba24628db11efda6b2d761eee7151063
2026,2026-08-10,708_SALES_DATA_NNME_10082026.DAT,C:\Users\jonat\PycharmProjects\NSWpropertyData\RawData\DAT\2026\20260810\708_SALES_DATA_NNME_10082026.DAT,27654,9a419938a2ec62d9d82e73f8512926f694fdf535a3edd7cf76a03c573cc809cb
2026,2026-08-17,001_SALES_DATA_NNME_17082026.DAT,C:\Users\jonat\PycharmProjects\NSWpropertyData\RawData\DAT\2026\20260817\001_SALES_DATA_NNME_17082026.DAT,9468,808b1c31fd0f1b0a166a51b864a87a749fc09cdf9ace3dac6f86e40e450c163a
2026,2026-08-17,002_SALES_DATA_NNME_17082026.DAT,C:\Users\jonat\PycharmProjects\NSWpropertyData\RawData\DAT\2026\20260817\002_SALES_DATA_NNME_17082026.DAT,1247,2321bdacd8b9cbafb39beaa95499b6d41d4bd5511ba6b236b3a84856077421a4
2026,2026-08-17,004_SALES_DATA_NNME_17082026.DAT,C:\Users\jonat\PycharmProjects\NSWpropertyData\RawData\DAT\2026\20260817\004_SALES_DATA_NNME_17082026.DAT,18378,791755dfd5dcbd305f5c7ef09a27c7efbd92eb5ac3bd7b95dbc4daacc4e9fd07
2026,2026-08-17,005_SALES_DATA_NNME_17082026.DAT,C:\Users\jonat\PycharmProjects\NSWpropertyData\RawData\DAT\2026\20260817\005_SALES_DATA_NNME_17082026.DAT,13906,b885110ce9ed79c1cb736c51361922b7ab61d2628a2e902a780d13ff7383cfc1
2026,2026-08-17,007_SALES_DATA_NNME_17082026.DAT,C:\Users\jonat\PycharmProjects\NSWpropertyData\RawData\DAT\2026\20260817\007_SALES_DATA_NNME_17082026.DAT,4901,fcda97c7b8eaaf545a740be88c9f6a53400192b4fc539628b75edc17a6d213ef
2026,2026-08-17,008_SALES_DATA_NNME_17082026.DAT,C:\Users\jonat\PycharmProjects\NSWpropertyData\RawData\DAT\2026\20260817\008_SALES_DATA_NNME_17082026.DAT,16087,024a36f15d7eb2bcc45f18d9f5f7d8cbb4b1ea4cf9502ca83c251e1985d32f11
2026,2026-08-17,010_SALES_DATA_NNME_17082026.DAT,C:\Users\jonat\PycharmProjects\NSWpropertyData\RawData\DAT\2026\20260817\010_SALES_DATA_NNME_17082026.DAT,9862,54656f89cb7c90e10c236b6aad93bfee310e8a0e72ee356a31cb2c5b7418638d
2026,2026-08-17,012_SALES_DATA_NNME_17082026.DAT,C:\Users\jonat\PycharmProjects\NSWpropertyData\RawData\DAT\2026\20260817\012_SALES_DATA_NNME_17082026.DAT,3016,b75267bed082c7cd95ce19d6ac796373aab0fec1eec55a6240b5706109874543
2026,2026-08-17,018_SALES_DATA_NNME_17082026.DAT,C:\Users\jonat\PycharmProjects\NSWpropertyData\RawData\DAT\2026\20260817\018_SALES_DATA_NNME_17082026.DAT,5674,7be30ff5fda2f8ea5165f659a2937503aef79bc438124452fe9c6dd3e3db4b8a
2026,2026-08-17,042_SALES_DATA_NNME_17082026.DAT,C:\Users\jonat\PycharmProjects\NSWpropertyData\RawData\DAT\2026\20260817\042_SALES_DATA_NNME_17082026.DAT,806,f11587c088c20130fb355ab3b5d98bb0ade5134e669b630ae053fdeaf90a0cbc
2026,2026-08-17,043_SALES_DATA_NNME_17082026.DAT,C:\Users\jonat\PycharmProjects\NSWpropertyData\RawData\DAT\2026\20260817\043_SALES_DATA_NNME_17082026.DAT,720,3904537ef4c086d876fbe2c322328df638aae8e98e6d47b11289f3a5a6442b03
2026,2026-08-17,050_SALES_DATA_NNME_17082026.DAT,C:\Users\jonat\PycharmProjects\NSWpropertyData\RawData\DAT\2026\20260817\050_SALES_DATA_NNME_17082026.DAT,6765,70a1d91b39a807a1c523014db5ad61f475cd1c6ea03c8f47d6ecb2ee5bb2e66c
2026,2026-08-17,051_SALES_DATA_NNME_17082026.DAT,C:\Users\jonat\PycharmProjects\NSWpropertyData\RawData\DAT\2026\20260817\051_SALES_DATA_NNME_17082026.DAT,624,9588c817b352ce652229e220ff7207d6d4b2f71e0b15fa82b0aaaabfd8ed04dd
2026,2026-08-17,054_SALES_DATA_NNME_17082026.DAT,C:\Users\jonat\PycharmProjects\NSWpropertyData\RawData\DAT\2026\20260817\054_SALES_DATA_NNME_17082026.DAT,1229,b0f4f0d5f41e5e6adcea58354bb08e92a6b1119548ad0a1d07500086bd26918f
2026,2026-08-17,061_SALES_DATA_NNME_17082026.DAT,C:\Users\jonat\PycharmProjects\NSWpropertyData\RawData\DAT\2026\20260817\061_SALES_DATA_NNME_17082026.DAT,368,846fa7d87f1f71a52c5cc56062210365700f66cfb62cdd196e3ce6bbba8bf7ac
2026,2026-08-17,065_SALES_DATA_NNME_17082026.DAT,C:\Users\jonat\PycharmProjects\NSWpropertyData\RawData\DAT\2026\20260817\065_SALES_DATA_NNME_17082026.DAT,3137,ab11f79da717d5ca717518e813d410c862fda6e1e0695ae02ba72a3835d19b49
2026,2026-08-17,066_SALES_DATA_NNME_17082026.DAT,C:\Users\jonat\PycharmProjects\NSWpropertyData\RawData\DAT\2026\20260817\066_SALES_DATA_NNME_17082026.DAT,1194,8abd051135f7c93dc2f3967596de1158476dabae79301e244ed8c472b29ec572
2026,2026-08-17,070_SALES_DATA_NNME_17082026.DAT,C:\Users\jonat\PycharmProjects\NSWpropertyData\RawData\DAT\2026\20260817\070_SALES_DATA_NNME_17082026.DAT,617,24817d3463c31e412ad59c7dc51e59a93dd175a31875acd51b6cadd234018a9b
2026,2026-08-17,074_SALES_DATA_NNME_17082026.DAT,C:\Users\jonat\PycharmProjects\NSWpropertyData\RawData\DAT\2026\20260817\074_SALES_DATA_NNME_17082026.DAT,3012,f58bc73529774e033f0b519b0683788736a8e64ff3c506a6240ce8cd5b6ca290
2026,2026-08-17,081_SALES_DATA_NNME_17082026.DAT,C:\Users\jonat\PycharmProjects\NSWpropertyData\RawData\DAT\2026\20260817\081_SALES_DATA_NNME_17082026.DAT,14735,7b424c6590949f57933b1868e6a9a2ae8f18685b5caa001720fc1978fa0effd7
2026,2026-08-17,082_SALES_DATA_NNME_17082026.DAT,C:\Users\jonat\PycharmProjects\NSWpropertyData\RawData\DAT\2026\20260817\082_SALES_DATA_NNME_17082026.DAT,11624,153fe89c9ff58def7b25b38753d998de840cd3be4b6da33832088eb3fa64685f
2026,2026-08-17,083_SALES_DATA_NNME_17082026.DAT,C:\Users\jonat\PycharmProjects\NSWpropertyData\RawData\DAT\2026\20260817\083_SALES_DATA_NNME_17082026.DAT,372,5fc2f0651c9fecfd800ded18a861e14a93425754a5a15e1139486de5b5c879bd
2026,2026-08-17,084_SALES_DATA_NNME_17082026.DAT,C:\Users\jonat\PycharmProjects\NSWpropertyData\RawData\DAT\2026\20260817\084_SALES_DATA_NNME_17082026.DAT,8941,27fa91350b30e8463510ba67302cf30f03a8030c3594f087c7e61553c8883f7c
2026,2026-08-17,085_SALES_DATA_NNME_17082026.DAT,C:\Users\jonat\PycharmProjects\NSWpropertyData\RawData\DAT\2026\20260817\085_SALES_DATA_NNME_17082026.DAT,11841,44d2f9df688da2b8557bf612269427583a22b6e71d86b351a56fa9253540aa2a
2026,2026-08-17,087_SALES_DATA_NNME_17082026.DAT,C:\Users\jonat\PycharmProjects\NSWpropertyData\RawData\DAT\2026\20260817\087_SALES_DATA_NNME_17082026.DAT,4562,572e65d744511448e0f594192b57ff41a84bdc4f24a92f3d9a3288723dc82421
2026,2026-08-17,088_SALES_DATA_NNME_17082026.DAT,C:\Users\jonat\PycharmProjects\NSWpropertyData\RawData\DAT\2026\20260817\088_SALES_DATA_NNME_17082026.DAT,6702,fa37b7d9e96ead6de0cfe899463f709c73ce14c27fa75b07fb3447d9cdd61527
2026,2026-08-17,090_SALES_DATA_NNME_17082026.DAT,C:\Users\jonat\PycharmProjects\NSWpropertyData\RawData\DAT\2026\20260817\090_SALES_DATA_NNME_17082026.DAT,14932,a79d9214cbf553176feb08f43081913cf17763785eafdd40146aa27f2a778422
2026,2026-08-17,092_SALES_DATA_NNME_17082026.DAT,C:\Users\jonat\PycharmProjects\NSWpropertyData\RawData\DAT\2026\20260817\092_SALES_DATA_NNME_17082026.DAT,6832,f06a3ec4eca74f8f69b8bc74da1607a0d21535d88d519a024600562b7ff38068
2026,2026-08-17,097_SALES_DATA_NNME_17082026.DAT,C:\Users\jonat\PycharmProjects\NSWpropertyData\RawData\DAT\2026\20260817\097_SALES_DATA_NNME_17082026.DAT,5795,c7d9dc1ca5207aa626c3bd8c46b97e86aeeae68035b10e983a43bf37a4ec1d25
2026,2026-08-17,098_SALES_DATA_NNME_17082026.DAT,C:\Users\jonat\PycharmProjects\NSWpropertyData\RawData\DAT\2026\20260817\098_SALES_DATA_NNME_17082026.DAT,2259,cce1e7a070c0cabe4ee8884291f5283dca6bf8ffe75f89b163c86716a440eabe
2026,2026-08-17,100_SALES_DATA_NNME_17082026.DAT,C:\Users\jonat\PycharmProjects\NSWpropertyData\RawData\DAT\2026\20260817\100_SALES_DATA_NNME_17082026.DAT,12019,acb4bcb8c6ebe5e5d5a41c748d358f2d59d3438ae9e8059de12b74c92052bf0a
2026,2026-08-17,101_SALES_DATA_NNME_17082026.DAT,C:\Users\jonat\PycharmProjects\NSWpropertyData\RawData\DAT\2026\20260817\101_SALES_DATA_NNME_17082026.DAT,15320,ad00d120c53b2de900b14238c19a5c3e0579d5199185ae64f956f063b8e06a43
2026,2026-08-17,102_SALES_DATA_NNME_17082026.DAT,C:\Users\jonat\PycharmProjects\NSWpropertyData\RawData\DAT\2026\20260817\102_SALES_DATA_NNME_17082026.DAT,8893,e4ce7087ef961f19e9ebd38380a9b1711d40b9ed0a25b21cb056985c48941c49
2026,2026-08-17,103_SALES_DATA_NNME_17082026.DAT,C:\Users\jonat\PycharmProjects\NSWpropertyData\RawData\DAT\2026\20260817\103_SALES_DATA_NNME_17082026.DAT,21340,3dc99335d693848cf6547d787fde8bdcf299d6b7d041a33aa3a86009cf6f82e3
2026,2026-08-17,109_SALES_DATA_NNME_17082026.DAT,C:\Users\jonat\PycharmProjects\NSWpropertyData\RawData\DAT\2026\20260817\109_SALES_DATA_NNME_17082026.DAT,1309,5d0a68cedfd8fa5ca4e21473e9f8e601aca103077c7b3c317085794e33d28805
2026,2026-08-17,116_SALES_DATA_NNME_17082026.DAT,C:\Users\jonat\PycharmProjects\NSWpropertyData\RawData\DAT\2026\20260817\116_SALES_DATA_NNME_17082026.DAT,3846,1f08e57ee9c16c2c082fd63fbb7668dd2d5eb3357bb7d928f34a7097ee0e5427
2026,2026-08-17,117_SALES_DATA_NNME_17082026.DAT,C:\Users\jonat\PycharmProjects\NSWpropertyData\RawData\DAT\2026\20260817\117_SALES_DATA_NNME_17082026.DAT,4391,d72e840bf1946b089dc7dc0695e02fc21bd00dc7a206623258fbf3a6531b8354
2026,2026-08-17,118_SALES_DATA_NNME_17082026.DAT,C:\Users\jonat\PycharmProjects\NSWpropertyData\RawData\DAT\2026\20260817\118_SALES_DATA_NNME_17082026.DAT,2657,bbc60c2e584e326f4519bc07c6d4fafe5d38cd60657a051b1963deeeb7e31769
2026,2026-08-17,123_SALES_DATA_NNME_17082026.DAT,C:\Users\jonat\PycharmProjects\NSWpropertyData\RawData\DAT\2026\20260817\123_SALES_DATA_NNME_17082026.DAT,692,08e0786859a2743bf0be7f2770482dc05b3af853d5ed50cbeefa9bf396025fbe
2026,2026-08-17,124_SALES_DATA_NNME_17082026.DAT,C:\Users\jonat\PycharmProjects\NSWpropertyData\RawData\DAT\2026\20260817\124_SALES_DATA_NNME_17082026.DAT,3909,3d97d02b4c736776c232cd0e2981a110491ea455a182e2aa0b7e7947d61a8659
2026,2026-08-17,137_SALES_DATA_NNME_17082026.DAT,C:\Users\jonat\PycharmProjects\NSWpropertyData\RawData\DAT\2026\20260817\137_SALES_DATA_NNME_17082026.DAT,3606,91fb1e97e1a0e9b03c95080c58e886682204c11598f31a9b4245eb2d6ef2b7d0
2026,2026-08-17,139_SALES_DATA_NNME_17082026.DAT,C:\Users\jonat\PycharmProjects\NSWpropertyData\RawData\DAT\2026\20260817\139_SALES_DATA_NNME_17082026.DAT,10856,7e1eae65f351f32fb2ab060ce1bc466b9409b7eff40302f01ae0460c30830f5a
2026,2026-08-17,143_SALES_DATA_NNME_17082026.DAT,C:\Users\jonat\PycharmProjects\NSWpropertyData\RawData\DAT\2026\20260817\143_SALES_DATA_NNME_17082026.DAT,7069,4068fca3854e9a0113110d21ee88f4b7d350c3b5b2f530378c297294d03e8059
2026,2026-08-17,144_SALES_DATA_NNME_17082026.DAT,C:\Users\jonat\PycharmProjects\NSWpropertyData\RawData\DAT\2026\20260817\144_SALES_DATA_NNME_17082026.DAT,24267,935e40f329cdfaaab49045dd3ed511cf1a563db0deb4d5fd79d806ea7807d2a6
2026,2026-08-17,148_SALES_DATA_NNME_17082026.DAT,C:\Users\jonat\PycharmProjects\NSWpropertyData\RawData\DAT\2026\20260817\148_SALES_DATA_NNME_17082026.DAT,4081,f4e0892810807c18d6d31619a5853d47922facaca30fc7556f8ba4030ee5e641
2026,2026-08-17,149_SALES_DATA_NNME_17082026.DAT,C:\Users\jonat\PycharmProjects\NSWpropertyData\RawData\DAT\2026\20260817\149_SALES_DATA_NNME_17082026.DAT,302,5dd0dcc8437ce3d4085a5c4f9e9fff5f0003943954516b3e3453ee2b949c202d
2026,2026-08-17,150_SALES_DATA_NNME_17082026.DAT,C:\Users\jonat\PycharmProjects\NSWpropertyData\RawData\DAT\2026\20260817\150_SALES_DATA_NNME_17082026.DAT,2423,18a5df931d48eb142be470bd92b1c3050ccd4409ca7c9192edc3a8e533ebe81b
2026,2026-08-17,151_SALES_DATA_NNME_17082026.DAT,C:\Users\jonat\PycharmProjects\NSWpropertyData\RawData\DAT\2026\20260817\151_SALES_DATA_NNME_17082026.DAT,1259,fd325c97d62fd6ebff44ad710d28cd7d0c723b868249370b775bf20340829363
2026,2026-08-17,152_SALES_DATA_NNME_17082026.DAT,C:\Users\jonat\PycharmProjects\NSWpropertyData\RawData\DAT\2026\20260817\152_SALES_DATA_NNME_17082026.DAT,8484,c7ce74be174e713f23347ac41e3c44f5961fee7fec97b3ac7ef30d66609427bf
2026,2026-08-17,157_SALES_DATA_NNME_17082026.DAT,C:\Users\jonat\PycharmProjects\NSWpropertyData\RawData\DAT\2026\20260817\157_SALES_DATA_NNME_17082026.DAT,2787,b5f34b59e9ac1cf57f7165ac2b849321aa268958869d697a691233a5ab13a843
2026,2026-08-17,158_SALES_DATA_NNME_17082026.DAT,C:\Users\jonat\PycharmProjects\NSWpropertyData\RawData\DAT\2026\20260817\158_SALES_DATA_NNME_17082026.DAT,870,1753658e92465d77e299407d337792ef4dd51a5ae2261147a1e8220cf137f615
2026,2026-08-17,159_SALES_DATA_NNME_17082026.DAT,C:\Users\jonat\PycharmProjects\NSWpropertyData\RawData\DAT\2026\20260817\159_SALES_DATA_NNME_17082026.DAT,5994,9dc8da8374028f39cf8f350c09df5f65e614d7fcf7b604bca696d8c9e7e2702b
2026,2026-08-17,164_SALES_DATA_NNME_17082026.DAT,C:\Users\jonat\PycharmProjects\NSWpropertyData\RawData\DAT\2026\20260817\164_SALES_DATA_NNME_17082026.DAT,840,747aabd8782b55d21b3f3c3d400bf1d55a4c61c656687f9516c36527478b108c
2026,2026-08-17,171_SALES_DATA_NNME_17082026.DAT,C:\Users\jonat\PycharmProjects\NSWpropertyData\RawData\DAT\2026\20260817\171_SALES_DATA_NNME_17082026.DAT,13592,19e11d893599e9e67266a9f90ddbc2ddd4a6bb4f016a29459686f96b0852a7c6
2026,2026-08-17,187_SALES_DATA_NNME_17082026.DAT,C:\Users\jonat\PycharmProjects\NSWpropertyData\RawData\DAT\2026\20260817\187_SALES_DATA_NNME_17082026.DAT,4655,8bfb4bbfdd90778228236922c905a3ca21cfdac3790563dec840705185c6a3b5
2026,2026-08-17,188_SALES_DATA_NNME_17082026.DAT,C:\Users\jonat\PycharmProjects\NSWpropertyData\RawData\DAT\2026\20260817\188_SALES_DATA_NNME_17082026.DAT,336,28500c6a6e71ab57cc9c14646e140a444d7deb3dd8eeab7d6540c96688dca7ae
2026,2026-08-17,192_SALES_DATA_NNME_17082026.DAT,C:\Users\jonat\PycharmProjects\NSWpropertyData\RawData\DAT\2026\20260817\192_SALES_DATA_NNME_17082026.DAT,1914,0c626a3d7274a3c18d4386f874caa58f66050d6c2fc02f8d274fe8d3091f2efd
2026,2026-08-17,207_SALES_DATA_NNME_17082026.DAT,C:\Users\jonat\PycharmProjects\NSWpropertyData\RawData\DAT\2026\20260817\207_SALES_DATA_NNME_17082026.DAT,11105,f79c5569d2d230ae5b59c430863611a2fdeaa729fb904b1049852e3dcd5d2105
2026,2026-08-17,209_SALES_DATA_NNME_17082026.DAT,C:\Users\jonat\PycharmProjects\NSWpropertyData\RawData\DAT\2026\20260817\209_SALES_DATA_NNME_17082026.DAT,6810,9735b9ca410aaa4ea401f4f9ec4675e43aae299c1fa3da4c036353bc7021d753
2026,2026-08-17,210_SALES_DATA_NNME_17082026.DAT,C:\Users\jonat\PycharmProjects\NSWpropertyData\RawData\DAT\2026\20260817\210_SALES_DATA_NNME_17082026.DAT,5452,cbb6777945dcfceb94f623d232cdbf98d491923c9c8ae638f12fa05ccda8c293
2026,2026-08-17,214_SALES_DATA_NNME_17082026.DAT,C:\Users\jonat\PycharmProjects\NSWpropertyData\RawData\DAT\2026\20260817\214_SALES_DATA_NNME_17082026.DAT,33901,41d9b8e6e6481684e556bb57ac8e7ea86f02742de2df61228d3922e0cf22add0
2026,2026-08-17,216_SALES_DATA_NNME_17082026.DAT,C:\Users\jonat\PycharmProjects\NSWpropertyData\RawData\DAT\2026\20260817\216_SALES_DATA_NNME_17082026.DAT,7101,714938168fdd363333b51c7b0097ed996b668ec69567135bb45c4088ba5632c5
2026,2026-08-17,217_SALES_DATA_NNME_17082026.DAT,C:\Users\jonat\PycharmProjects\NSWpropertyData\RawData\DAT\2026\20260817\217_SALES_DATA_NNME_17082026.DAT,15302,69acbcbc5d247f8d0128c59af81561b90b849c441b6ece9bea93f522b710a270
2026,2026-08-17,218_SALES_DATA_NNME_17082026.DAT,C:\Users\jonat\PycharmProjects\NSWpropertyData\RawData\DAT\2026\20260817\218_SALES_DATA_NNME_17082026.DAT,13918,6c0b57e24c6e7c0c8c18c3e6894767d6d7e4eb3e9eb207ba41c835c89655e0e9
2026,2026-08-17,219_SALES_DATA_NNME_17082026.DAT,C:\Users\jonat\PycharmProjects\NSWpropertyData\RawData\DAT\2026\20260817\219_SALES_DATA_NNME_17082026.DAT,5199,8bc3ab7bc71b05858d53992bc8f4824c39e2a957ad9e88ce4fcbaf62fa77db9e
2026,2026-08-17,220_SALES_DATA_NNME_17082026.DAT,C:\Users\jonat\PycharmProjects\NSWpropertyData\RawData\DAT\2026\20260817\220_SALES_DATA_NNME_17082026.DAT,9357,d22f0ffb9edab2d912e7fc6700b14db3c0f301d92bc5ffcce1ddf92d1461d535
2026,2026-08-17,222_SALES_DATA_NNME_17082026.DAT,C:\Users\jonat\PycharmProjects\NSWpropertyData\RawData\DAT\2026\20260817\222_SALES_DATA_NNME_17082026.DAT,3038,459ed4aef9ad5757e08c583837bcf77ca449ab5351ec739cf687ef37c770ffe7
2026,2026-08-17,223_SALES_DATA_NNME_17082026.DAT,C:\Users\jonat\PycharmProjects\NSWpropertyData\RawData\DAT\2026\20260817\223_SALES_DATA_NNME_17082026.DAT,21129,22be9a90b87a592bb48b7d8b722e214190b8018321f8daf2ef2531150d6e3a4b
2026,2026-08-17,224_SALES_DATA_NNME_17082026.DAT,C:\Users\jonat\PycharmProjects\NSWpropertyData\RawData\DAT\2026\20260817\224_SALES_DATA_NNME_17082026.DAT,17615,615a90a54cf8ade40ed8ed26f5d87c53c082b535ab4632750eed6831fb810af5
2026,2026-08-17,226_SALES_DATA_NNME_17082026.DAT,C:\Users\jonat\PycharmProjects\NSWpropertyData\RawData\DAT\2026\20260817\226_SALES_DATA_NNME_17082026.DAT,8128,487f98e38fed041a4cd6f1c9e2587cbdf4feeca2cfd6871db09ac47f08881a51
2026,2026-08-17,230_SALES_DATA_NNME_17082026.DAT,C:\Users\jonat\PycharmProjects\NSWpropertyData\RawData\DAT\2026\20260817\230_SALES_DATA_NNME_17082026.DAT,913,2b29cffeec8ca6cc823dd380800916f7ed63a8b096f409b57028189ff074c8b5
2026,2026-08-17,231_SALES_DATA_NNME_17082026.DAT,C:\Users\jonat\PycharmProjects\NSWpropertyData\RawData\DAT\2026\20260817\231_SALES_DATA_NNME_17082026.DAT,1474,857b4deacfbe41603d4549eddf42892158459b345abf03dc485eb43df09dfa1f
2026,2026-08-17,232_SALES_DATA_NNME_17082026.DAT,C:\Users\jonat\PycharmProjects\NSWpropertyData\RawData\DAT\2026\20260817\232_SALES_DATA_NNME_17082026.DAT,294,a94318c377232edcd4ed36374fd11205ea969e99c9fde6b50304d90ed50bfa34
2026,2026-08-17,233_SALES_DATA_NNME_17082026.DAT,C:\Users\jonat\PycharmProjects\NSWpropertyData\RawData\DAT\2026\20260817\233_SALES_DATA_NNME_17082026.DAT,631,d827397f4b629e152723d9bae2464460c9bd28deedc2d327fc25d104bbed04b3
2026,2026-08-17,234_SALES_DATA_NNME_17082026.DAT,C:\Users\jonat\PycharmProjects\NSWpropertyData\RawData\DAT\2026\20260817\234_SALES_DATA_NNME_17082026.DAT,2435,e7749b78226b3b2217f8816c462b33f3946691662a75e9ee489234c28757075c
2026,2026-08-17,236_SALES_DATA_NNME_17082026.DAT,C:\Users\jonat\PycharmProjects\NSWpropertyData\RawData\DAT\2026\20260817\236_SALES_DATA_NNME_17082026.DAT,887,39162df082f92956d18b90603de37551a402199b72b636c286a48034d737fb3f
2026,2026-08-17,238_SALES_DATA_NNME_17082026.DAT,C:\Users\jonat\PycharmProjects\NSWpropertyData\RawData\DAT\2026\20260817\238_SALES_DATA_NNME_17082026.DAT,930,4736dace75c1a68472b7c6e5d027bc57196cb4e31ee2b9c2d1e3ec1c9aa1299b
2026,2026-08-17,239_SALES_DATA_NNME_17082026.DAT,C:\Users\jonat\PycharmProjects\NSWpropertyData\RawData\DAT\2026\20260817\239_SALES_DATA_NNME_17082026.DAT,1128,edf2470a6d8ef293e16e5d03150ae20420da29d80ce8618cf421ac5eb568f700
2026,2026-08-17,243_SALES_DATA_NNME_17082026.DAT,C:\Users\jonat\PycharmProjects\NSWpropertyData\RawData\DAT\2026\20260817\243_SALES_DATA_NNME_17082026.DAT,574,6bea4d045756ec6029c7dfeb91753b2afbedb16e5dd93ad15109a11d9b372b50
2026,2026-08-17,244_SALES_DATA_NNME_17082026.DAT,C:\Users\jonat\PycharmProjects\NSWpropertyData\RawData\DAT\2026\20260817\244_SALES_DATA_NNME_17082026.DAT,596,9d01147cb5e0e3e6d87f2d2cf76e505b95158926ca41c511e4f3678ec1fba07f
2026,2026-08-17,247_SALES_DATA_NNME_17082026.DAT,C:\Users\jonat\PycharmProjects\NSWpropertyData\RawData\DAT\2026\20260817\247_SALES_DATA_NNME_17082026.DAT,1274,8cbe0b6ee5676245fdba2cbf779fdcf07b296fe3c763351df59cc620725b9419
2026,2026-08-17,250_SALES_DATA_NNME_17082026.DAT,C:\Users\jonat\PycharmProjects\NSWpropertyData\RawData\DAT\2026\20260817\250_SALES_DATA_NNME_17082026.DAT,2334,670483ad9503d986c3e5a922d60697741c2e51031857fd8f46f113ecfa6034f7
2026,2026-08-17,251_SALES_DATA_NNME_17082026.DAT,C:\Users\jonat\PycharmProjects\NSWpropertyData\RawData\DAT\2026\20260817\251_SALES_DATA_NNME_17082026.DAT,913,43cb7f18a10ceede091d9170de76d8e7678b3f3bfbec12a0b576e4327fc944a6
2026,2026-08-17,252_SALES_DATA_NNME_17082026.DAT,C:\Users\jonat\PycharmProjects\NSWpropertyData\RawData\DAT\2026\20260817\252_SALES_DATA_NNME_17082026.DAT,296,3a8591f7c57554335769f39d981ed0a27d99f045687ea63283150d64bc37fb33
2026,2026-08-17,255_SALES_DATA_NNME_17082026.DAT,C:\Users\jonat\PycharmProjects\NSWpropertyData\RawData\DAT\2026\20260817\255_SALES_DATA_NNME_17082026.DAT,2090,c53f44b4dedc4e1f6685763b93a59adab8ae859bfd26c975b3c5f396844cbafd
2026,2026-08-17,257_SALES_DATA_NNME_17082026.DAT,C:\Users\jonat\PycharmProjects\NSWpropertyData\RawData\DAT\2026\20260817\257_SALES_DATA_NNME_17082026.DAT,3720,e5a4ceb6a01ead6bfc73f5188022ae637431c83524342394f25a04a10b120e17
2026,2026-08-17,258_SALES_DATA_NNME_17082026.DAT,C:\Users\jonat\PycharmProjects\NSWpropertyData\RawData\DAT\2026\20260817\258_SALES_DATA_NNME_17082026.DAT,24911,001ce33839219fcf59a46b45fdf4f7405b178e81a3e8878545ee5cde030b63d3
2026,2026-08-17,259_SALES_DATA_NNME_17082026.DAT,C:\Users\jonat\PycharmProjects\NSWpropertyData\RawData\DAT\2026\20260817\259_SALES_DATA_NNME_17082026.DAT,38304,5703dd86b116839dcee64b460bc3667c3128af98526b33868e4cac8b9b36edaf
2026,2026-08-17,260_SALES_DATA_NNME_17082026.DAT,C:\Users\jonat\PycharmProjects\NSWpropertyData\RawData\DAT\2026\20260817\260_SALES_DATA_NNME_17082026.DAT,26805,fb68f5380a9a09b013f5a6b0a1cb5dbccb60e4b59dda3cb37f12d436de983767
2026,2026-08-17,261_SALES_DATA_NNME_17082026.DAT,C:\Users\jonat\PycharmProjects\NSWpropertyData\RawData\DAT\2026\20260817\261_SALES_DATA_NNME_17082026.DAT,19395,cfbfb2e2baa762adf2b09a8354962fad66e878a904f23edc0349df4eba378075
2026,2026-08-17,262_SALES_DATA_NNME_17082026.DAT,C:\Users\jonat\PycharmProjects\NSWpropertyData\RawData\DAT\2026\20260817\262_SALES_DATA_NNME_17082026.DAT,1218,d58159b9570d247a8db1849f187c0e13f67f5f55a409aa05f743ca6d871d8621
2026,2026-08-17,263_SALES_DATA_NNME_17082026.DAT,C:\Users\jonat\PycharmProjects\NSWpropertyData\RawData\DAT\2026\20260817\263_SALES_DATA_NNME_17082026.DAT,1064,994f8ba5b9dbf8e1e82212cce50d66a380db0b2381a483309841af1fb0ae7230
2026,2026-08-17,264_SALES_DATA_NNME_17082026.DAT,C:\Users\jonat\PycharmProjects\NSWpropertyData\RawData\DAT\2026\20260817\264_SALES_DATA_NNME_17082026.DAT,13458,ac79d4b0c0fcca9a72ec21c0182e65f3885f99f8bfca9e757acad6ee6cf0fb3e
2026,2026-08-17,265_SALES_DATA_NNME_17082026.DAT,C:\Users\jonat\PycharmProjects\NSWpropertyData\RawData\DAT\2026\20260817\265_SALES_DATA_NNME_17082026.DAT,1329,3bff1b31a1fc0fea7f886288cefefa20c6b0326c45b8b52e92168d0ad3dbf089
2026,2026-08-17,266_SALES_DATA_NNME_17082026.DAT,C:\Users\jonat\PycharmProjects\NSWpropertyData\RawData\DAT\2026\20260817\266_SALES_DATA_NNME_17082026.DAT,2328,85f6e2e0050f23101019b74314b3e3dd26c06db38c912853c7e281c2ea69ea86
2026,2026-08-17,267_SALES_DATA_NNME_17082026.DAT,C:\Users\jonat\PycharmProjects\NSWpropertyData\RawData\DAT\2026\20260817\267_SALES_DATA_NNME_17082026.DAT,19467,c1fa9866a945be28e8d40b6377fc76df350b3614b194f53204f3a6faa3958bee
2026,2026-08-17,268_SALES_DATA_NNME_17082026.DAT,C:\Users\jonat\PycharmProjects\NSWpropertyData\RawData\DAT\2026\20260817\268_SALES_DATA_NNME_17082026.DAT,15382,82083188cca754ecf5a0c421775112812056a6ba64132b3f17c8fcf454445df0
2026,2026-08-17,269_SALES_DATA_NNME_17082026.DAT,C:\Users\jonat\PycharmProjects\NSWpropertyData\RawData\DAT\2026\20260817\269_SALES_DATA_NNME_17082026.DAT,3931,9ecbf274febd272eab07c1dea69caf232f33f03035bf134fb47596d18c773e56
2026,2026-08-17,271_SALES_DATA_NNME_17082026.DAT,C:\Users\jonat\PycharmProjects\NSWpropertyData\RawData\DAT\2026\20260817\271_SALES_DATA_NNME_17082026.DAT,26824,0aa852660487bba382e3c05a53941f65d7992cd82d7b655b8886efb360ac320d
2026,2026-08-17,272_SALES_DATA_NNME_17082026.DAT,C:\Users\jonat\PycharmProjects\NSWpropertyData\RawData\DAT\2026\20260817\272_SALES_DATA_NNME_17082026.DAT,8460,7aadca914c47c857e61942caea0dca61a8476805821d5305305bb3c4ba401f5a
2026,2026-08-17,273_SALES_DATA_NNME_17082026.DAT,C:\Users\jonat\PycharmProjects\NSWpropertyData\RawData\DAT\2026\20260817\273_SALES_DATA_NNME_17082026.DAT,2325,855c41a99b80cb3847d9098e592a714cd430e33530d4bcfae73a0bc0ddc67f75
2026,2026-08-17,274_SALES_DATA_NNME_17082026.DAT,C:\Users\jonat\PycharmProjects\NSWpropertyData\RawData\DAT\2026\20260817\274_SALES_DATA_NNME_17082026.DAT,1247,686585845023af91fb67682f3ce19e750f7d289f45cbeb9e72ed6cbb34888606
2026,2026-08-17,275_SALES_DATA_NNME_17082026.DAT,C:\Users\jonat\PycharmProjects\NSWpropertyData\RawData\DAT\2026\20260817\275_SALES_DATA_NNME_17082026.DAT,9155,b30184d60d37af293bbffae89d2fad63c8a7ddbf3c73cb677ada27c971a01797
2026,2026-08-17,276_SALES_DATA_NNME_17082026.DAT,C:\Users\jonat\PycharmProjects\NSWpropertyData\RawData\DAT\2026\20260817\276_SALES_DATA_NNME_17082026.DAT,12177,75cd54c1e6af8e70a641f57718e223ca9b32c160fa2aed7b913035a9126a097b
2026,2026-08-17,300_SALES_DATA_NNME_17082026.DAT,C:\Users\jonat\PycharmProjects\NSWpropertyData\RawData\DAT\2026\20260817\300_SALES_DATA_NNME_17082026.DAT,981,402a2d294528fef0c4aecd87934fae9e3002c12fce12d4404ffcd904a2330854
2026,2026-08-17,301_SALES_DATA_NNME_17082026.DAT,C:\Users\jonat\PycharmProjects\NSWpropertyData\RawData\DAT\2026\20260817\301_SALES_DATA_NNME_17082026.DAT,1126,371077378240b8dbe3d7a78acd8ff4ab6847c6677f9744629bfff00ad11f79a7
2026,2026-08-17,302_SALES_DATA_NNME_17082026.DAT,C:\Users\jonat\PycharmProjects\NSWpropertyData\RawData\DAT\2026\20260817\302_SALES_DATA_NNME_17082026.DAT,626,27ace5845aa9d499f2d1e278a4e4934e78636997bc5c33c7089cfc9030ae4ac5
2026,2026-08-17,303_SALES_DATA_NNME_17082026.DAT,C:\Users\jonat\PycharmProjects\NSWpropertyData\RawData\DAT\2026\20260817\303_SALES_DATA_NNME_17082026.DAT,6484,2151742bf381bd1056cc6b9201af31395ec024d50924b9193692dd954f3dcc9b
2026,2026-08-17,511_SALES_DATA_NNME_17082026.DAT,C:\Users\jonat\PycharmProjects\NSWpropertyData\RawData\DAT\2026\20260817\511_SALES_DATA_NNME_17082026.DAT,1407,1a8ff29970861d4b88f62aa92c5df34f4fce01d9c213fa4814fe26ffae8f8af2
2026,2026-08-17,526_SALES_DATA_NNME_17082026.DAT,C:\Users\jonat\PycharmProjects\NSWpropertyData\RawData\DAT\2026\20260817\526_SALES_DATA_NNME_17082026.DAT,1587,1ee39747aefbb44172a7cdcd60a2c7db06ed52be5e009977d678bd852833b2ae
2026,2026-08-17,528_SALES_DATA_NNME_17082026.DAT,C:\Users\jonat\PycharmProjects\NSWpropertyData\RawData\DAT\2026\20260817\528_SALES_DATA_NNME_17082026.DAT,2020,a1f1ad5a9c921edbc05146ff776b5eddb45f56b61df08d6bd6b1abdbdf8bd2e9
2026,2026-08-17,529_SALES_DATA_NNME_17082026.DAT,C:\Users\jonat\PycharmProjects\NSWpropertyData\RawData\DAT\2026\20260817\529_SALES_DATA_NNME_17082026.DAT,7314,b038b0774aa9eaa80e4a2637dac0ef5a040b1ecd7d355448a29001424f053c58
2026,2026-08-17,537_SALES_DATA_NNME_17082026.DAT,C:\Users\jonat\PycharmProjects\NSWpropertyData\RawData\DAT\2026\20260817\537_SALES_DATA_NNME_17082026.DAT,2216,028ef50a4367716981770ebbca89dd894c02c5fa88de328af71da893157efab1
2026,2026-08-17,538_SALES_DATA_NNME_17082026.DAT,C:\Users\jonat\PycharmProjects\NSWpropertyData\RawData\DAT\2026\20260817\538_SALES_DATA_NNME_17082026.DAT,1152,fdf947a282206b4a90c5222aa75256a2d88bb81d3d934e42efce7931ea9f373c
2026,2026-08-17,560_SALES_DATA_NNME_17082026.DAT,C:\Users\jonat\PycharmProjects\NSWpropertyData\RawData\DAT\2026\20260817\560_SALES_DATA_NNME_17082026.DAT,1295,143fcc19ab53cd9027a51be23a1701f640dd793e59b7784859ab239a6d1d0b2f
2026,2026-08-17,575_SALES_DATA_NNME_17082026.DAT,C:\Users\jonat\PycharmProjects\NSWpropertyData\RawData\DAT\2026\20260817\575_SALES_DATA_NNME_17082026.DAT,8230,7fa58690a4fb7809fdc42113ab1b6cd8f3154ae62cc5479885807456377d4aa9
2026,2026-08-17,608_SALES_DATA_NNME_17082026.DAT,C:\Users\jonat\PycharmProjects\NSWpropertyData\RawData\DAT\2026\20260817\608_SALES_DATA_NNME_17082026.DAT,3895,a1f42f544feea8e08bc90781f1646c3573c6f22622004d173f6b9b77f7dcac15
2026,2026-08-17,620_SALES_DATA_NNME_17082026.DAT,C:\Users\jonat\PycharmProjects\NSWpropertyData\RawData\DAT\2026\20260817\620_SALES_DATA_NNME_17082026.DAT,5927,86418d1847be167c9dc0bf36aa79ecab33fe4f900c29b7fad4629840803694ee
2026,2026-08-17,656_SALES_DATA_NNME_17082026.DAT,C:\Users\jonat\PycharmProjects\NSWpropertyData\RawData\DAT\2026\20260817\656_SALES_DATA_NNME_17082026.DAT,10000,03ce44d9f9acebe791e4b1a6c4fd903a0785aaf63f5fdf56a39099570b49c056
2026,2026-08-17,666_SALES_DATA_NNME_17082026.DAT,C:\Users\jonat\PycharmProjects\NSWpropertyData\RawData\DAT\2026\20260817\666_SALES_DATA_NNME_17082026.DAT,10573,eaad3fe90359eaa84b30724361b5dcc86733a76a06da44834e2411e5547538b7
2026,2026-08-17,708_SALES_DATA_NNME_17082026.DAT,C:\Users\jonat\PycharmProjects\NSWpropertyData\RawData\DAT\2026\20260817\708_SALES_DATA_NNME_17082026.DAT,26107,532ca047e59188a03107919c709b3c482118d6f5a6ed8c75cd51cd35a002b76b
2026,2026-08-24,001_SALES_DATA_NNME_24082026.DAT,C:\Users\jonat\PycharmProjects\NSWpropertyData\RawData\DAT\2026\20260824\001_SALES_DATA_NNME_24082026.DAT,11248,3fa89a5cec1295d122c9f4495291f16255ebd89ccab0ef2b025f1801965fd173
2026,2026-08-24,002_SALES_DATA_NNME_24082026.DAT,C:\Users\jonat\PycharmProjects\NSWpropertyData\RawData\DAT\2026\20260824\002_SALES_DATA_NNME_24082026.DAT,561,d3666a3915093399be622fe54c51489bdf11db15361771491e11ab5bc059163f
2026,2026-08-24,004_SALES_DATA_NNME_24082026.DAT,C:\Users\jonat\PycharmProjects\NSWpropertyData\RawData\DAT\2026\20260824\004_SALES_DATA_NNME_24082026.DAT,18548,93d865c0310d3cc6c5f523f161190dc05c134a39420cccf2fa23edc2d5a95f26
2026,2026-08-24,005_SALES_DATA_NNME_24082026.DAT,C:\Users\jonat\PycharmProjects\NSWpropertyData\RawData\DAT\2026\20260824\005_SALES_DATA_NNME_24082026.DAT,25821,bf3b59fcc586ef08c3a3ea715a6bd93dd89ba5f198c4a89289201bed33084386
2026,2026-08-24,007_SALES_DATA_NNME_24082026.DAT,C:\Users\jonat\PycharmProjects\NSWpropertyData\RawData\DAT\2026\20260824\007_SALES_DATA_NNME_24082026.DAT,1392,f2d0d71773d2a47cce7354ad73a0d9fcd3484e67b889bd5fadfedc0138f9b63a
2026,2026-08-24,008_SALES_DATA_NNME_24082026.DAT,C:\Users\jonat\PycharmProjects\NSWpropertyData\RawData\DAT\2026\20260824\008_SALES_DATA_NNME_24082026.DAT,20757,9bdb69e6f125cc1f446fa4c60c1b152ff082f0d7acd4f81fceea5f2e31247b67
2026,2026-08-24,010_SALES_DATA_NNME_24082026.DAT,C:\Users\jonat\PycharmProjects\NSWpropertyData\RawData\DAT\2026\20260824\010_SALES_DATA_NNME_24082026.DAT,12104,2d539273328e92f907393d33043c8095631cc864549c04e02c5a6a05e91048b4
2026,2026-08-24,012_SALES_DATA_NNME_24082026.DAT,C:\Users\jonat\PycharmProjects\NSWpropertyData\RawData\DAT\2026\20260824\012_SALES_DATA_NNME_24082026.DAT,2050,5af7c407fac3be2b4575eb26e7c4cbab2418eae5b65ffacdc85b8bd64312d622
2026,2026-08-24,018_SALES_DATA_NNME_24082026.DAT,C:\Users\jonat\PycharmProjects\NSWpropertyData\RawData\DAT\2026\20260824\018_SALES_DATA_NNME_24082026.DAT,6115,3309f55bab8f69739647bef852f3616dccc46c24a969eebb0362f34bafb7e369
2026,2026-08-24,042_SALES_DATA_NNME_24082026.DAT,C:\Users\jonat\PycharmProjects\NSWpropertyData\RawData\DAT\2026\20260824\042_SALES_DATA_NNME_24082026.DAT,2046,ba6ab9e81a8116fabebeb8f7b1cdbed9a89b5da9857f33877b12e96f15c52e13
2026,2026-08-24,043_SALES_DATA_NNME_24082026.DAT,C:\Users\jonat\PycharmProjects\NSWpropertyData\RawData\DAT\2026\20260824\043_SALES_DATA_NNME_24082026.DAT,951,c95a5747bf854bc2a042d61f10a348e2b41758d90943de40e511b614827c0a04
2026,2026-08-24,050_SALES_DATA_NNME_24082026.DAT,C:\Users\jonat\PycharmProjects\NSWpropertyData\RawData\DAT\2026\20260824\050_SALES_DATA_NNME_24082026.DAT,8358,b1dbd26518ab2facc26fc9278fa477c81450658a153da3e740c9a1c3cc36bf98
2026,2026-08-24,051_SALES_DATA_NNME_24082026.DAT,C:\Users\jonat\PycharmProjects\NSWpropertyData\RawData\DAT\2026\20260824\051_SALES_DATA_NNME_24082026.DAT,1895,177af4fd0dcbe42751c20f64013d86383fea33a3aa468daa5687f147b67a0b95
2026,2026-08-24,052_SALES_DATA_NNME_24082026.DAT,C:\Users\jonat\PycharmProjects\NSWpropertyData\RawData\DAT\2026\20260824\052_SALES_DATA_NNME_24082026.DAT,801,1b028818a7599128df5526f25db773d85095c5da94e7a92b76b6f7f6d978ad0c
2026,2026-08-24,054_SALES_DATA_NNME_24082026.DAT,C:\Users\jonat\PycharmProjects\NSWpropertyData\RawData\DAT\2026\20260824\054_SALES_DATA_NNME_24082026.DAT,733,6ff41dc5ceeeaee49dff6053261c30c1487c513c7947ade6f2990a183f458232
2026,2026-08-24,061_SALES_DATA_NNME_24082026.DAT,C:\Users\jonat\PycharmProjects\NSWpropertyData\RawData\DAT\2026\20260824\061_SALES_DATA_NNME_24082026.DAT,1179,fd4c0e4e5dece1ed12f13188b44c5c0e58af09df54c173129357857ae7bcb144
2026,2026-08-24,065_SALES_DATA_NNME_24082026.DAT,C:\Users\jonat\PycharmProjects\NSWpropertyData\RawData\DAT\2026\20260824\065_SALES_DATA_NNME_24082026.DAT,2495,92fdc6b8a50bfe61b2ec00c517a089e74f8c3a9441f3eb8d3b77db36c685d727
2026,2026-08-24,070_SALES_DATA_NNME_24082026.DAT,C:\Users\jonat\PycharmProjects\NSWpropertyData\RawData\DAT\2026\20260824\070_SALES_DATA_NNME_24082026.DAT,1442,098d9435893c4ee6f9668b7b00a5fe4d108b5d3b7d557c4a8f53983f2c6a83b5
2026,2026-08-24,074_SALES_DATA_NNME_24082026.DAT,C:\Users\jonat\PycharmProjects\NSWpropertyData\RawData\DAT\2026\20260824\074_SALES_DATA_NNME_24082026.DAT,4161,ea797edba70968a15c01a79c54ee57168fa53bdca7666773d7be2578ed8afd9d
2026,2026-08-24,081_SALES_DATA_NNME_24082026.DAT,C:\Users\jonat\PycharmProjects\NSWpropertyData\RawData\DAT\2026\20260824\081_SALES_DATA_NNME_24082026.DAT,29194,c87c7f5211ac027c277b7c9b3025ea667e19763c6e8550f127cb7e77996a8bd0
2026,2026-08-24,082_SALES_DATA_NNME_24082026.DAT,C:\Users\jonat\PycharmProjects\NSWpropertyData\RawData\DAT\2026\20260824\082_SALES_DATA_NNME_24082026.DAT,14936,afa6ea40b2007d49071342379efc36dcc78d68b130c270ab4024eba752f875ca
2026,2026-08-24,083_SALES_DATA_NNME_24082026.DAT,C:\Users\jonat\PycharmProjects\NSWpropertyData\RawData\DAT\2026\20260824\083_SALES_DATA_NNME_24082026.DAT,1781,5ca00f38381c3b19499728e96ff4e3cecbe1ecc91b8dd857b28bea14d590bccc
2026,2026-08-24,084_SALES_DATA_NNME_24082026.DAT,C:\Users\jonat\PycharmProjects\NSWpropertyData\RawData\DAT\2026\20260824\084_SALES_DATA_NNME_24082026.DAT,10573,13d3577c690155a134eb9859ca32e22ff99a4ceb9d8441032029bf3529aa1986
2026,2026-08-24,085_SALES_DATA_NNME_24082026.DAT,C:\Users\jonat\PycharmProjects\NSWpropertyData\RawData\DAT\2026\20260824\085_SALES_DATA_NNME_24082026.DAT,10225,94cf0f63b34e0b2801de9fa1f77c4bab8c785547db8da4a91c671d638bccfab0
2026,2026-08-24,087_SALES_DATA_NNME_24082026.DAT,C:\Users\jonat\PycharmProjects\NSWpropertyData\RawData\DAT\2026\20260824\087_SALES_DATA_NNME_24082026.DAT,3615,6744cb67b6521f2267516405f1fcfb7a212d2f0ee8be6cc1af6ada5e698a8d3e
2026,2026-08-24,088_SALES_DATA_NNME_24082026.DAT,C:\Users\jonat\PycharmProjects\NSWpropertyData\RawData\DAT\2026\20260824\088_SALES_DATA_NNME_24082026.DAT,13369,dd837d03e84079386a5cb99873b4ef29a394134d463d84f4f11adb945a1eae05
2026,2026-08-24,090_SALES_DATA_NNME_24082026.DAT,C:\Users\jonat\PycharmProjects\NSWpropertyData\RawData\DAT\2026\20260824\090_SALES_DATA_NNME_24082026.DAT,40880,c4444dc38d128f862aafab0e186ac44249d65017e992edaa8bedaa21b521c298
2026,2026-08-24,092_SALES_DATA_NNME_24082026.DAT,C:\Users\jonat\PycharmProjects\NSWpropertyData\RawData\DAT\2026\20260824\092_SALES_DATA_NNME_24082026.DAT,10470,eeb5fbc7c6a2b05ca81bc85b929acfa8b4c347de20585dd2c511b2c7a8c05370
2026,2026-08-24,097_SALES_DATA_NNME_24082026.DAT,C:\Users\jonat\PycharmProjects\NSWpropertyData\RawData\DAT\2026\20260824\097_SALES_DATA_NNME_24082026.DAT,3806,792f180fabfda82cdd6634d14a02e6f6d861302a78409e5e0be9fcd3d4ae149e
2026,2026-08-24,098_SALES_DATA_NNME_24082026.DAT,C:\Users\jonat\PycharmProjects\NSWpropertyData\RawData\DAT\2026\20260824\098_SALES_DATA_NNME_24082026.DAT,4210,1d74a23f5408726bb9a940ae473d9d2825ad03a151c3763c5c07582e4b4e31b4
2026,2026-08-24,100_SALES_DATA_NNME_24082026.DAT,C:\Users\jonat\PycharmProjects\NSWpropertyData\RawData\DAT\2026\20260824\100_SALES_DATA_NNME_24082026.DAT,19771,a25ebd51ce4091f3b8a603a5ed2bf10d2fea38a7a735e07e0209a9d67cd93fd1
2026,2026-08-24,101_SALES_DATA_NNME_24082026.DAT,C:\Users\jonat\PycharmProjects\NSWpropertyData\RawData\DAT\2026\20260824\101_SALES_DATA_NNME_24082026.DAT,15200,ef13b379751df4b1536a93ea7b77e49b9ebfce1c9d1976bc36a2fc43bbe9f0f3
2026,2026-08-24,102_SALES_DATA_NNME_24082026.DAT,C:\Users\jonat\PycharmProjects\NSWpropertyData\RawData\DAT\2026\20260824\102_SALES_DATA_NNME_24082026.DAT,9730,152dfd31ca273491d5d7451b60dedfef0a4ce9740069718a7cd57aaf33c9d26f
2026,2026-08-24,103_SALES_DATA_NNME_24082026.DAT,C:\Users\jonat\PycharmProjects\NSWpropertyData\RawData\DAT\2026\20260824\103_SALES_DATA_NNME_24082026.DAT,21107,307268848b586b56b5670aac92999e3d3327b20c8758ccc216242e7c359b1ec5
2026,2026-08-24,109_SALES_DATA_NNME_24082026.DAT,C:\Users\jonat\PycharmProjects\NSWpropertyData\RawData\DAT\2026\20260824\109_SALES_DATA_NNME_24082026.DAT,1596,eb9a6ac28f355f4d054f89fc41748ba2b9e181f6e0fbf9911377c79ea751b7bd
2026,2026-08-24,116_SALES_DATA_NNME_24082026.DAT,C:\Users\jonat\PycharmProjects\NSWpropertyData\RawData\DAT\2026\20260824\116_SALES_DATA_NNME_24082026.DAT,2097,66fdae9cf69b4932a665b25393886641277f94f794a7f6fe1b7c285d32f28505
2026,2026-08-24,117_SALES_DATA_NNME_24082026.DAT,C:\Users\jonat\PycharmProjects\NSWpropertyData\RawData\DAT\2026\20260824\117_SALES_DATA_NNME_24082026.DAT,3361,5484f5ee300c310dc7ee64b7570454403dc45799af0a41b8298db0dd0270cf53
2026,2026-08-24,118_SALES_DATA_NNME_24082026.DAT,C:\Users\jonat\PycharmProjects\NSWpropertyData\RawData\DAT\2026\20260824\118_SALES_DATA_NNME_24082026.DAT,897,b3837b2c3098a401a79ae52273ffeb4f06aaae3aa170be03dc96bc9692c28bab
2026,2026-08-24,123_SALES_DATA_NNME_24082026.DAT,C:\Users\jonat\PycharmProjects\NSWpropertyData\RawData\DAT\2026\20260824\123_SALES_DATA_NNME_24082026.DAT,579,a251ca35d7c25ee0e5a2185489741ca209e27860c0b21916db23a4b06a002264
2026,2026-08-24,124_SALES_DATA_NNME_24082026.DAT,C:\Users\jonat\PycharmProjects\NSWpropertyData\RawData\DAT\2026\20260824\124_SALES_DATA_NNME_24082026.DAT,4598,4daaab7754e91e4d323019944cb956eee3601fd05d53dbc8003d997d72bd7c20
2026,2026-08-24,137_SALES_DATA_NNME_24082026.DAT,C:\Users\jonat\PycharmProjects\NSWpropertyData\RawData\DAT\2026\20260824\137_SALES_DATA_NNME_24082026.DAT,3330,0a59ce7e246b50f1877ef42f5e0bb14169201ea82cbc66ee76a1eddfc5d413d1
2026,2026-08-24,139_SALES_DATA_NNME_24082026.DAT,C:\Users\jonat\PycharmProjects\NSWpropertyData\RawData\DAT\2026\20260824\139_SALES_DATA_NNME_24082026.DAT,10393,3966241f6c683ea672f637087862c1d68ca806bbe0b315e03bdf92ea07baf058
2026,2026-08-24,143_SALES_DATA_NNME_24082026.DAT,C:\Users\jonat\PycharmProjects\NSWpropertyData\RawData\DAT\2026\20260824\143_SALES_DATA_NNME_24082026.DAT,3981,9e1dabc9b92f14443036cafad9286d7961d6b142fd296c3607ba6bb6ee91c554
2026,2026-08-24,144_SALES_DATA_NNME_24082026.DAT,C:\Users\jonat\PycharmProjects\NSWpropertyData\RawData\DAT\2026\20260824\144_SALES_DATA_NNME_24082026.DAT,30498,2076b68763d42630d179c8f05527e01227440484e07760e91ba00e2d33572f9d
2026,2026-08-24,148_SALES_DATA_NNME_24082026.DAT,C:\Users\jonat\PycharmProjects\NSWpropertyData\RawData\DAT\2026\20260824\148_SALES_DATA_NNME_24082026.DAT,6884,97ced53722b23158987741d427c5ca2d1a5540244a18ead6cf1f86cfacb88993
2026,2026-08-24,149_SALES_DATA_NNME_24082026.DAT,C:\Users\jonat\PycharmProjects\NSWpropertyData\RawData\DAT\2026\20260824\149_SALES_DATA_NNME_24082026.DAT,1683,64fcdccc0b1f9fa6ce95ddba8b1e90bf0affe27b3d992286cc0e7aa506fd0653
2026,2026-08-24,150_SALES_DATA_NNME_24082026.DAT,C:\Users\jonat\PycharmProjects\NSWpropertyData\RawData\DAT\2026\20260824\150_SALES_DATA_NNME_24082026.DAT,5854,1542b0e9fa2085539bd91869ca490022d8252ac9810ecae9fd9935eae922b635
2026,2026-08-24,151_SALES_DATA_NNME_24082026.DAT,C:\Users\jonat\PycharmProjects\NSWpropertyData\RawData\DAT\2026\20260824\151_SALES_DATA_NNME_24082026.DAT,3626,b1c3b758012e0e6757909761ef5cbe6f6b55c0bd4b0a197ccddc3c4f0ad7f58f
2026,2026-08-24,152_SALES_DATA_NNME_24082026.DAT,C:\Users\jonat\PycharmProjects\NSWpropertyData\RawData\DAT\2026\20260824\152_SALES_DATA_NNME_24082026.DAT,10819,c50a69380cc91df0b56b020558eb22b2ff182883f8b51dcd52085a87876f4f03
2026,2026-08-24,157_SALES_DATA_NNME_24082026.DAT,C:\Users\jonat\PycharmProjects\NSWpropertyData\RawData\DAT\2026\20260824\157_SALES_DATA_NNME_24082026.DAT,3886,f98829645c246d6335a4010354b21ba694bd8646c8ca7a17efe4dcf4fedb120d
2026,2026-08-24,158_SALES_DATA_NNME_24082026.DAT,C:\Users\jonat\PycharmProjects\NSWpropertyData\RawData\DAT\2026\20260824\158_SALES_DATA_NNME_24082026.DAT,1468,befc6b68d4b56925ada35af8b8bdbf2e0f0e89f428f98c89362229c021c4770c
2026,2026-08-24,159_SALES_DATA_NNME_24082026.DAT,C:\Users\jonat\PycharmProjects\NSWpropertyData\RawData\DAT\2026\20260824\159_SALES_DATA_NNME_24082026.DAT,5481,43e130aed57af665703d9a855495dbaed931ddf1bdcff3336f571c9be74023f7
2026,2026-08-24,164_SALES_DATA_NNME_24082026.DAT,C:\Users\jonat\PycharmProjects\NSWpropertyData\RawData\DAT\2026\20260824\164_SALES_DATA_NNME_24082026.DAT,4161,52ab593af57248073911b2b502925be3acf5572e95efe038eb698d2e02413bd7
2026,2026-08-24,171_SALES_DATA_NNME_24082026.DAT,C:\Users\jonat\PycharmProjects\NSWpropertyData\RawData\DAT\2026\20260824\171_SALES_DATA_NNME_24082026.DAT,9807,a45807c9b72c835aa1cdaf2f43e970289b1b0f9d9cab16444315edf70092d4af
2026,2026-08-24,187_SALES_DATA_NNME_24082026.DAT,C:\Users\jonat\PycharmProjects\NSWpropertyData\RawData\DAT\2026\20260824\187_SALES_DATA_NNME_24082026.DAT,2003,72650a679ef00ffb8d0d831a4140c6397776bc086d77aa31b4702f97c035b259
2026,2026-08-24,188_SALES_DATA_NNME_24082026.DAT,C:\Users\jonat\PycharmProjects\NSWpropertyData\RawData\DAT\2026\20260824\188_SALES_DATA_NNME_24082026.DAT,2663,69027228545b2f2bf44898e0eedc45cb4226889ae241ec1a87dd377791f9bff5
2026,2026-08-24,192_SALES_DATA_NNME_24082026.DAT,C:\Users\jonat\PycharmProjects\NSWpropertyData\RawData\DAT\2026\20260824\192_SALES_DATA_NNME_24082026.DAT,2005,83d9667888bd5cfe3c2fb8a4079c721ac0221bae0e04500110b2ccf1c8fb2457
2026,2026-08-24,199_SALES_DATA_NNME_24082026.DAT,C:\Users\jonat\PycharmProjects\NSWpropertyData\RawData\DAT\2026\20260824\199_SALES_DATA_NNME_24082026.DAT,1613,1016d008d2f72349173b27e892a0fe6348e17bee03378a75b45c049d6d84845d
2026,2026-08-24,207_SALES_DATA_NNME_24082026.DAT,C:\Users\jonat\PycharmProjects\NSWpropertyData\RawData\DAT\2026\20260824\207_SALES_DATA_NNME_24082026.DAT,11484,bd430de4868f7d5f335be39cfc52b99a0822345ce72f420e9ee38e09cf112d64
2026,2026-08-24,209_SALES_DATA_NNME_24082026.DAT,C:\Users\jonat\PycharmProjects\NSWpropertyData\RawData\DAT\2026\20260824\209_SALES_DATA_NNME_24082026.DAT,4451,b6a34dce600e66dd67493aa5eb362d57989c2403e29b9c2d47e75d965a029bdb
2026,2026-08-24,210_SALES_DATA_NNME_24082026.DAT,C:\Users\jonat\PycharmProjects\NSWpropertyData\RawData\DAT\2026\20260824\210_SALES_DATA_NNME_24082026.DAT,6466,509899d572ff21dcf40c6d1bbbe6d7366e13229c8524e4e042e7da7ddfb5d960
2026,2026-08-24,214_SALES_DATA_NNME_24082026.DAT,C:\Users\jonat\PycharmProjects\NSWpropertyData\RawData\DAT\2026\20260824\214_SALES_DATA_NNME_24082026.DAT,55589,96b5dfadd9ae0c1b3b5e7e1ff04f2802b944274c97e51a35c07f16405cadfcf4
2026,2026-08-24,216_SALES_DATA_NNME_24082026.DAT,C:\Users\jonat\PycharmProjects\NSWpropertyData\RawData\DAT\2026\20260824\216_SALES_DATA_NNME_24082026.DAT,9097,88ba328f803b5f364afcf24c8f8f40da9cd59e195be5e37a6533c872f6850a61
2026,2026-08-24,217_SALES_DATA_NNME_24082026.DAT,C:\Users\jonat\PycharmProjects\NSWpropertyData\RawData\DAT\2026\20260824\217_SALES_DATA_NNME_24082026.DAT,49721,ff9d0e58d97e25888fb30ce21194bc0eff27f4dc7761c80e922933c8811edde4
2026,2026-08-24,218_SALES_DATA_NNME_24082026.DAT,C:\Users\jonat\PycharmProjects\NSWpropertyData\RawData\DAT\2026\20260824\218_SALES_DATA_NNME_24082026.DAT,20418,e8473e24f9998a28d5448857fb82045da70b2c8318839e3d6fdba70e9b26b0e5
2026,2026-08-24,219_SALES_DATA_NNME_24082026.DAT,C:\Users\jonat\PycharmProjects\NSWpropertyData\RawData\DAT\2026\20260824\219_SALES_DATA_NNME_24082026.DAT,11028,12bde70c7e38d5b22bbabea1dd4af71fd931631a648f9a7c2d8e36cc7f9a5e4f
2026,2026-08-24,220_SALES_DATA_NNME_24082026.DAT,C:\Users\jonat\PycharmProjects\NSWpropertyData\RawData\DAT\2026\20260824\220_SALES_DATA_NNME_24082026.DAT,19564,fc540de6b091224479d04e69918a12f4df3aff06e8d91dbfe61176928204ef26
2026,2026-08-24,222_SALES_DATA_NNME_24082026.DAT,C:\Users\jonat\PycharmProjects\NSWpropertyData\RawData\DAT\2026\20260824\222_SALES_DATA_NNME_24082026.DAT,3333,3dba15d1b586575cded4209a2cc38e47e7d821c9e1eea835811147c1c608ff4c
2026,2026-08-24,223_SALES_DATA_NNME_24082026.DAT,C:\Users\jonat\PycharmProjects\NSWpropertyData\RawData\DAT\2026\20260824\223_SALES_DATA_NNME_24082026.DAT,36170,56263cbeb55bb46c61984fa4461d844ac1a109a7281d2dbd6963cc71eb7bf1ab
2026,2026-08-24,224_SALES_DATA_NNME_24082026.DAT,C:\Users\jonat\PycharmProjects\NSWpropertyData\RawData\DAT\2026\20260824\224_SALES_DATA_NNME_24082026.DAT,26367,c07392212aed05095f774267e922c639c9dc478abbceed75a11866ee7a30e313
2026,2026-08-24,226_SALES_DATA_NNME_24082026.DAT,C:\Users\jonat\PycharmProjects\NSWpropertyData\RawData\DAT\2026\20260824\226_SALES_DATA_NNME_24082026.DAT,8750,ac613b3432ab067959cf74f2613f5f504fb4efa0214235c4f9aa8b1d2f0e0cf1
2026,2026-08-24,230_SALES_DATA_NNME_24082026.DAT,C:\Users\jonat\PycharmProjects\NSWpropertyData\RawData\DAT\2026\20260824\230_SALES_DATA_NNME_24082026.DAT,294,8711ae693471d79772d6e871229f88c2a07eb4912b409d6c2c5b65f8d3a3f560
2026,2026-08-24,231_SALES_DATA_NNME_24082026.DAT,C:\Users\jonat\PycharmProjects\NSWpropertyData\RawData\DAT\2026\20260824\231_SALES_DATA_NNME_24082026.DAT,1168,13bb0870922475645781f45fdd4db3aafb32a56dd753175c96cdecd95710fddd
2026,2026-08-24,232_SALES_DATA_NNME_24082026.DAT,C:\Users\jonat\PycharmProjects\NSWpropertyData\RawData\DAT\2026\20260824\232_SALES_DATA_NNME_24082026.DAT,1985,847d4eb253a4d5b92478ed0c598fd2776bbc2a20adb0f1ab85ac203208d44f4f
2026,2026-08-24,233_SALES_DATA_NNME_24082026.DAT,C:\Users\jonat\PycharmProjects\NSWpropertyData\RawData\DAT\2026\20260824\233_SALES_DATA_NNME_24082026.DAT,340,1983eae819988d03a4d1607ec5b82a3c996e1370c104c3200159e0f548f993d0
2026,2026-08-24,234_SALES_DATA_NNME_24082026.DAT,C:\Users\jonat\PycharmProjects\NSWpropertyData\RawData\DAT\2026\20260824\234_SALES_DATA_NNME_24082026.DAT,1277,df44c5339af140070e944d38b22d71a5954eec3df1165a03c893b41bf438662f
2026,2026-08-24,235_SALES_DATA_NNME_24082026.DAT,C:\Users\jonat\PycharmProjects\NSWpropertyData\RawData\DAT\2026\20260824\235_SALES_DATA_NNME_24082026.DAT,287,f8514e32c83ea5d4f95d9d87d5a33c52cddf2c1f5c12eb7191df84e4c84217fa
2026,2026-08-24,236_SALES_DATA_NNME_24082026.DAT,C:\Users\jonat\PycharmProjects\NSWpropertyData\RawData\DAT\2026\20260824\236_SALES_DATA_NNME_24082026.DAT,2122,db30e7dfb55e620ebaebc2c14c9251902539a216a3ff411d30ac515411aedf09
2026,2026-08-24,238_SALES_DATA_NNME_24082026.DAT,C:\Users\jonat\PycharmProjects\NSWpropertyData\RawData\DAT\2026\20260824\238_SALES_DATA_NNME_24082026.DAT,830,d60be98eb85d8cf6266a11375081adacbfcb41809488df3b7202e7c085d5a703
2026,2026-08-24,239_SALES_DATA_NNME_24082026.DAT,C:\Users\jonat\PycharmProjects\NSWpropertyData\RawData\DAT\2026\20260824\239_SALES_DATA_NNME_24082026.DAT,333,0ac49fe9ba5536402979ce0d28221fe9d5150d7eae811a6fb92e5acb36eb07eb
2026,2026-08-24,240_SALES_DATA_NNME_24082026.DAT,C:\Users\jonat\PycharmProjects\NSWpropertyData\RawData\DAT\2026\20260824\240_SALES_DATA_NNME_24082026.DAT,2145,f0ad4a4b41f89899759aa034e281dae66807e40e9c4ad7beb3fbd7e1a91dacd4
2026,2026-08-24,243_SALES_DATA_NNME_24082026.DAT,C:\Users\jonat\PycharmProjects\NSWpropertyData\RawData\DAT\2026\20260824\243_SALES_DATA_NNME_24082026.DAT,287,ab3ba47b0f2747b3013c2d3e6b0b60ec6ce5b0b021acce91fc70b401493774f3
2026,2026-08-24,244_SALES_DATA_NNME_24082026.DAT,C:\Users\jonat\PycharmProjects\NSWpropertyData\RawData\DAT\2026\20260824\244_SALES_DATA_NNME_24082026.DAT,1550,8878aff481bd8bcad82d7b33f919ddaf39fcbc805566cdc644e96b49c2286bcd
2026,2026-08-24,247_SALES_DATA_NNME_24082026.DAT,C:\Users\jonat\PycharmProjects\NSWpropertyData\RawData\DAT\2026\20260824\247_SALES_DATA_NNME_24082026.DAT,2864,886614e96086822656339578371ab814d5454568343c296c2557efb82c408174
2026,2026-08-24,250_SALES_DATA_NNME_24082026.DAT,C:\Users\jonat\PycharmProjects\NSWpropertyData\RawData\DAT\2026\20260824\250_SALES_DATA_NNME_24082026.DAT,2683,8504dbf827e731e8b4f816497766e635e53b8cf7100e3023682313bf21270a8e
2026,2026-08-24,251_SALES_DATA_NNME_24082026.DAT,C:\Users\jonat\PycharmProjects\NSWpropertyData\RawData\DAT\2026\20260824\251_SALES_DATA_NNME_24082026.DAT,709,99851a79c9c6f93946fd7348fc4be503e9df0da0a21ed024980e635f9416fdaf
2026,2026-08-24,252_SALES_DATA_NNME_24082026.DAT,C:\Users\jonat\PycharmProjects\NSWpropertyData\RawData\DAT\2026\20260824\252_SALES_DATA_NNME_24082026.DAT,333,5f448d0844f9b4466d2db13b65973f629fe47782b9079094d9b700e43410106c
2026,2026-08-24,253_SALES_DATA_NNME_24082026.DAT,C:\Users\jonat\PycharmProjects\NSWpropertyData\RawData\DAT\2026\20260824\253_SALES_DATA_NNME_24082026.DAT,315,c4d071d94e2e5a11e92f82581d8a9f8ea2968edbf9d58d65ae0ec7fed7e58ea4
2026,2026-08-24,254_SALES_DATA_NNME_24082026.DAT,C:\Users\jonat\PycharmProjects\NSWpropertyData\RawData\DAT\2026\20260824\254_SALES_DATA_NNME_24082026.DAT,300,cdc45ac2408712de7e54448a2c0a415a3bc8fb0235eef0335e06df91f551af03
2026,2026-08-24,255_SALES_DATA_NNME_24082026.DAT,C:\Users\jonat\PycharmProjects\NSWpropertyData\RawData\DAT\2026\20260824\255_SALES_DATA_NNME_24082026.DAT,549,9f3ed9ad346a15a13433a45ff022c3f48c72995ce888342cf89dc9a737147dc2
2026,2026-08-24,257_SALES_DATA_NNME_24082026.DAT,C:\Users\jonat\PycharmProjects\NSWpropertyData\RawData\DAT\2026\20260824\257_SALES_DATA_NNME_24082026.DAT,4427,a39e3e46878745b4561e010e0189814c030960500d11dc649b72ab4365d989ca
2026,2026-08-24,258_SALES_DATA_NNME_24082026.DAT,C:\Users\jonat\PycharmProjects\NSWpropertyData\RawData\DAT\2026\20260824\258_SALES_DATA_NNME_24082026.DAT,27426,edb54effebc46f65c343dc7491466fee85fb7b1815bbb0689c38e2b22db3fafe
2026,2026-08-24,259_SALES_DATA_NNME_24082026.DAT,C:\Users\jonat\PycharmProjects\NSWpropertyData\RawData\DAT\2026\20260824\259_SALES_DATA_NNME_24082026.DAT,42915,a6a648e4de04b9af25419806c1104accfb7e58df1db8e11317acfb083f527045
2026,2026-08-24,260_SALES_DATA_NNME_24082026.DAT,C:\Users\jonat\PycharmProjects\NSWpropertyData\RawData\DAT\2026\20260824\260_SALES_DATA_NNME_24082026.DAT,26504,1a90e10e224148eede28e4320003e94369e3d57fb301cea27f7b6ccd74c46569
2026,2026-08-24,261_SALES_DATA_NNME_24082026.DAT,C:\Users\jonat\PycharmProjects\NSWpropertyData\RawData\DAT\2026\20260824\261_SALES_DATA_NNME_24082026.DAT,15855,39e0ca8f754ff1229a61dcf4e234f6c17829a29d93fa697e55fc01891e83b5e3
2026,2026-08-24,262_SALES_DATA_NNME_24082026.DAT,C:\Users\jonat\PycharmProjects\NSWpropertyData\RawData\DAT\2026\20260824\262_SALES_DATA_NNME_24082026.DAT,1363,41e41c13a2481eb86fe340c4fbb4b1864b1a7eb390b5152f6ebd59656c8949d4
2026,2026-08-24,263_SALES_DATA_NNME_24082026.DAT,C:\Users\jonat\PycharmProjects\NSWpropertyData\RawData\DAT\2026\20260824\263_SALES_DATA_NNME_24082026.DAT,1202,a1544ab72c3a79e72b9381792c7eaf19e738ecf8e0f9f022801de6cf52cd0644
2026,2026-08-24,264_SALES_DATA_NNME_24082026.DAT,C:\Users\jonat\PycharmProjects\NSWpropertyData\RawData\DAT\2026\20260824\264_SALES_DATA_NNME_24082026.DAT,13294,2fefb70ff106bdacad34ebdf009fb00019f29fb480eee7a71de6300de6539a08
2026,2026-08-24,265_SALES_DATA_NNME_24082026.DAT,C:\Users\jonat\PycharmProjects\NSWpropertyData\RawData\DAT\2026\20260824\265_SALES_DATA_NNME_24082026.DAT,605,c5135f6ac5ea1075df48ab010755b7f01f30c07c07102c5b3a9de8590d59343b
2026,2026-08-24,266_SALES_DATA_NNME_24082026.DAT,C:\Users\jonat\PycharmProjects\NSWpropertyData\RawData\DAT\2026\20260824\266_SALES_DATA_NNME_24082026.DAT,3899,c1d39d9dced5aa4a199bb28d162eec42ea9a5060d8223a416be70b4840bc410f
2026,2026-08-24,267_SALES_DATA_NNME_24082026.DAT,C:\Users\jonat\PycharmProjects\NSWpropertyData\RawData\DAT\2026\20260824\267_SALES_DATA_NNME_24082026.DAT,18253,965e52c9756f550d935334e78155a7f2a4f52d9490dedca06c5e881cc7d3efbd
2026,2026-08-24,268_SALES_DATA_NNME_24082026.DAT,C:\Users\jonat\PycharmProjects\NSWpropertyData\RawData\DAT\2026\20260824\268_SALES_DATA_NNME_24082026.DAT,15159,d43d3fcff29ca80232bc0bae972767b766cea311cc7a0e64eebc5544e64bda01
2026,2026-08-24,269_SALES_DATA_NNME_24082026.DAT,C:\Users\jonat\PycharmProjects\NSWpropertyData\RawData\DAT\2026\20260824\269_SALES_DATA_NNME_24082026.DAT,4765,2391cd7eb2af3cdec52594914086bc75742c0ea4b1b149ac86f9d97d1fc340e5
2026,2026-08-24,270_SALES_DATA_NNME_24082026.DAT,C:\Users\jonat\PycharmProjects\NSWpropertyData\RawData\DAT\2026\20260824\270_SALES_DATA_NNME_24082026.DAT,1195,c2467bcffb305deb5111a5176360c15aa7baaf53d8d68ae029d1c92c6d38b9ba
2026,2026-08-24,271_SALES_DATA_NNME_24082026.DAT,C:\Users\jonat\PycharmProjects\NSWpropertyData\RawData\DAT\2026\20260824\271_SALES_DATA_NNME_24082026.DAT,23118,eeb6ab81e42f32e5edf1d300bebbd369ec449fe34fe6c6b371e821f0a8908327
2026,2026-08-24,272_SALES_DATA_NNME_24082026.DAT,C:\Users\jonat\PycharmProjects\NSWpropertyData\RawData\DAT\2026\20260824\272_SALES_DATA_NNME_24082026.DAT,10858,5c84bf3a25ced3b60c8d97b181cbb343cf412ba1a3060f6c788400c20abd3549
2026,2026-08-24,273_SALES_DATA_NNME_24082026.DAT,C:\Users\jonat\PycharmProjects\NSWpropertyData\RawData\DAT\2026\20260824\273_SALES_DATA_NNME_24082026.DAT,5076,f486586eaf38a255625ecc99c6005f740ef79d2e76eccb0ca7433af2b16d6cfc
2026,2026-08-24,274_SALES_DATA_NNME_24082026.DAT,C:\Users\jonat\PycharmProjects\NSWpropertyData\RawData\DAT\2026\20260824\274_SALES_DATA_NNME_24082026.DAT,1155,4914301265d92daa0d50a2b97584a668398d6a612f63b46d290790ff227e1488
2026,2026-08-24,275_SALES_DATA_NNME_24082026.DAT,C:\Users\jonat\PycharmProjects\NSWpropertyData\RawData\DAT\2026\20260824\275_SALES_DATA_NNME_24082026.DAT,8682,3ce9f9ebbacf292b63283dc584211cb923f12a0c0a1feef92e90e2710e72fb4f
2026,2026-08-24,276_SALES_DATA_NNME_24082026.DAT,C:\Users\jonat\PycharmProjects\NSWpropertyData\RawData\DAT\2026\20260824\276_SALES_DATA_NNME_24082026.DAT,20438,f47763f82cea3eb2d9b9a5fb36e33782195b11c007cc3547a4fc1febc502c778
2026,2026-08-24,300_SALES_DATA_NNME_24082026.DAT,C:\Users\jonat\PycharmProjects\NSWpropertyData\RawData\DAT\2026\20260824\300_SALES_DATA_NNME_24082026.DAT,1397,0d821021e9d426417bc0cf3cd8cc2f6816c1a525678ad9c9376d32eed92a71bf
2026,2026-08-24,301_SALES_DATA_NNME_24082026.DAT,C:\Users\jonat\PycharmProjects\NSWpropertyData\RawData\DAT\2026\20260824\301_SALES_DATA_NNME_24082026.DAT,1259,d5e8db5c722dd69334317609ef21ae67e070571c87423d2c6404bc67db3d8376
2026,2026-08-24,302_SALES_DATA_NNME_24082026.DAT,C:\Users\jonat\PycharmProjects\NSWpropertyData\RawData\DAT\2026\20260824\302_SALES_DATA_NNME_24082026.DAT,628,13ae9725563287a20c521d1848b6fb29f4efc6fe3521364aacaf6e1e7c96d851
2026,2026-08-24,303_SALES_DATA_NNME_24082026.DAT,C:\Users\jonat\PycharmProjects\NSWpropertyData\RawData\DAT\2026\20260824\303_SALES_DATA_NNME_24082026.DAT,5378,8557e3d9805dfce64bb38e16991afc3c8e28026916a1a31deebfa1744f31de84
2026,2026-08-24,511_SALES_DATA_NNME_24082026.DAT,C:\Users\jonat\PycharmProjects\NSWpropertyData\RawData\DAT\2026\20260824\511_SALES_DATA_NNME_24082026.DAT,1825,3e5d1ba48830fafed993511a6762b02cab6aea07ae076aac652a55f1ab3be594
2026,2026-08-24,526_SALES_DATA_NNME_24082026.DAT,C:\Users\jonat\PycharmProjects\NSWpropertyData\RawData\DAT\2026\20260824\526_SALES_DATA_NNME_24082026.DAT,3658,1a2384f69c5dd4dd3bb5c0c079a7b913c65345c15f85830a6199927b0d8282f4
2026,2026-08-24,528_SALES_DATA_NNME_24082026.DAT,C:\Users\jonat\PycharmProjects\NSWpropertyData\RawData\DAT\2026\20260824\528_SALES_DATA_NNME_24082026.DAT,3368,6b64d91c0b9fbaec5e11b841b93f58c3d8e03e90fa8c56226dbec05df1a9d833
2026,2026-08-24,529_SALES_DATA_NNME_24082026.DAT,C:\Users\jonat\PycharmProjects\NSWpropertyData\RawData\DAT\2026\20260824\529_SALES_DATA_NNME_24082026.DAT,2443,91675ce39761b70d9aeae73db98908919d0f6e9709a9b76e032558fa56869609
2026,2026-08-24,537_SALES_DATA_NNME_24082026.DAT,C:\Users\jonat\PycharmProjects\NSWpropertyData\RawData\DAT\2026\20260824\537_SALES_DATA_NNME_24082026.DAT,1102,9721ead92c219fabeae4408f42c07054a43089d0bc4baf1acb9dfb43a4a89c71
2026,2026-08-24,538_SALES_DATA_NNME_24082026.DAT,C:\Users\jonat\PycharmProjects\NSWpropertyData\RawData\DAT\2026\20260824\538_SALES_DATA_NNME_24082026.DAT,1110,1b57b5c22406817ac5f80d1e92611b24acf4fb99765924e0ec86691e18e2ec26
2026,2026-08-24,560_SALES_DATA_NNME_24082026.DAT,C:\Users\jonat\PycharmProjects\NSWpropertyData\RawData\DAT\2026\20260824\560_SALES_DATA_NNME_24082026.DAT,1477,88c8ea675e6da63d378bbd2434f089de6a2bc3dfd38d2a8b3004e7001a428db9
2026,2026-08-24,575_SALES_DATA_NNME_24082026.DAT,C:\Users\jonat\PycharmProjects\NSWpropertyData\RawData\DAT\2026\20260824\575_SALES_DATA_NNME_24082026.DAT,11036,975dc2bc370970457da9cbbbd353eeeb64229a10a4978ffa2ebb60c53072dab2
2026,2026-08-24,608_SALES_DATA_NNME_24082026.DAT,C:\Users\jonat\PycharmProjects\NSWpropertyData\RawData\DAT\2026\20260824\608_SALES_DATA_NNME_24082026.DAT,6639,8745a2101d38ecee886b2bd62f3e4ea8b360e3b9bba8850c7e4e70cb8b5ba8a6
2026,2026-08-24,620_SALES_DATA_NNME_24082026.DAT,C:\Users\jonat\PycharmProjects\NSWpropertyData\RawData\DAT\2026\20260824\620_SALES_DATA_NNME_24082026.DAT,6714,4c3ba6c4ab06cb7079e1dcf1b074af196d64d684c6805d4949ff04f6c70b95be
2026,2026-08-24,656_SALES_DATA_NNME_24082026.DAT,C:\Users\jonat\PycharmProjects\NSWpropertyData\RawData\DAT\2026\20260824\656_SALES_DATA_NNME_24082026.DAT,12351,d95402ec38b6464f7579703f76e043e705a3b6c423c8b66c28bcbf81b7d957de
2026,2026-08-24,666_SALES_DATA_NNME_24082026.DAT,C:\Users\jonat\PycharmProjects\NSWpropertyData\RawData\DAT\2026\20260824\666_SALES_DATA_NNME_24082026.DAT,11038,8c79a4724f91d33d3a6fae9c998763ce6c5d8e912488e0c2b93a83d62ec22d76
2026,2026-08-24,708_SALES_DATA_NNME_24082026.DAT,C:\Users\jonat\PycharmProjects\NSWpropertyData\RawData\DAT\2026\20260824\708_SALES_DATA_NNME_24082026.DAT,23281,f6ce02e5cd624c8f5bbe9818c47051add755247d2bab01bc27b6bcd651627e66
2026,2026-08-31,001_SALES_DATA_NNME_31082026.DAT,C:\Users\jonat\PycharmProjects\NSWpropertyData\RawData\DAT\2026\20260831\001_SALES_DATA_NNME_31082026.DAT,50155,fb1422ecfe7cce2a4e02bbd12cdbe48ee371060a4b1d82c8b7cac2bfb9631b7f
2026,2026-08-31,002_SALES_DATA_NNME_31082026.DAT,C:\Users\jonat\PycharmProjects\NSWpropertyData\RawData\DAT\2026\20260831\002_SALES_DATA_NNME_31082026.DAT,983,d7b4de5d06774fa061fd5a941ccf930f172aa83a64762c2aa2b3a3f3b1a9fa4a
2026,2026-08-31,004_SALES_DATA_NNME_31082026.DAT,C:\Users\jonat\PycharmProjects\NSWpropertyData\RawData\DAT\2026\20260831\004_SALES_DATA_NNME_31082026.DAT,37503,c2f20c067af87bf426d0423e6c15d960888fc36079d4dd19cff0f6086392cb4e
2026,2026-08-31,005_SALES_DATA_NNME_31082026.DAT,C:\Users\jonat\PycharmProjects\NSWpropertyData\RawData\DAT\2026\20260831\005_SALES_DATA_NNME_31082026.DAT,67487,581603f770a268e2b087cf8c0a76d2211713b8e4abe906af951e246a2deba126
2026,2026-08-31,007_SALES_DATA_NNME_31082026.DAT,C:\Users\jonat\PycharmProjects\NSWpropertyData\RawData\DAT\2026\20260831\007_SALES_DATA_NNME_31082026.DAT,4302,080da1b8e03f2ed4dbcdec3faf0856e57aeb09265a3290d878033c64141249ca
2026,2026-08-31,008_SALES_DATA_NNME_31082026.DAT,C:\Users\jonat\PycharmProjects\NSWpropertyData\RawData\DAT\2026\20260831\008_SALES_DATA_NNME_31082026.DAT,29206,8df51d78dab3406fc0ea517bf872a451876a9cc9f29ed15d93fc1cec82ea3567
2026,2026-08-31,010_SALES_DATA_NNME_31082026.DAT,C:\Users\jonat\PycharmProjects\NSWpropertyData\RawData\DAT\2026\20260831\010_SALES_DATA_NNME_31082026.DAT,12958,838adcfcb5b46061e9a18bac14b3d7ac885ac54bd620f734b872ccc819fd56a4
2026,2026-08-31,012_SALES_DATA_NNME_31082026.DAT,C:\Users\jonat\PycharmProjects\NSWpropertyData\RawData\DAT\2026\20260831\012_SALES_DATA_NNME_31082026.DAT,4939,1fac64a44278237e58e46e634db36c5c72cbdbb1dc9ddfccde82b2fcc774e716
2026,2026-08-31,018_SALES_DATA_NNME_31082026.DAT,C:\Users\jonat\PycharmProjects\NSWpropertyData\RawData\DAT\2026\20260831\018_SALES_DATA_NNME_31082026.DAT,5768,ac845b96924aebfacaef4587ddc064abbcb4215a603d20a4a1c4d8b34d267a00
2026,2026-08-31,042_SALES_DATA_NNME_31082026.DAT,C:\Users\jonat\PycharmProjects\NSWpropertyData\RawData\DAT\2026\20260831\042_SALES_DATA_NNME_31082026.DAT,3590,d5a427999e8d53e7eee9e8d41371bcfb826cf450c815a10b3032c3c7c056cebe
2026,2026-08-31,043_SALES_DATA_NNME_31082026.DAT,C:\Users\jonat\PycharmProjects\NSWpropertyData\RawData\DAT\2026\20260831\043_SALES_DATA_NNME_31082026.DAT,1138,69e98daf368d3093a8078df5ed945b40f81e2882a4f4bdba1591825e8c9dc6d6
2026,2026-08-31,050_SALES_DATA_NNME_31082026.DAT,C:\Users\jonat\PycharmProjects\NSWpropertyData\RawData\DAT\2026\20260831\050_SALES_DATA_NNME_31082026.DAT,9419,2dbf1a8dad7270d524eb4e76fbac84ad28e78307917651d8011254f0a23e9fe0
2026,2026-08-31,051_SALES_DATA_NNME_31082026.DAT,C:\Users\jonat\PycharmProjects\NSWpropertyData\RawData\DAT\2026\20260831\051_SALES_DATA_NNME_31082026.DAT,1194,0c14aa2afba7856bf037397c23136bf5c773e8ff9540be19fc42cd0242e0929c
2026,2026-08-31,052_SALES_DATA_NNME_31082026.DAT,C:\Users\jonat\PycharmProjects\NSWpropertyData\RawData\DAT\2026\20260831\052_SALES_DATA_NNME_31082026.DAT,628,f157a5dd0bbbac22b77dda16d0639e7cf53930354996903eaa3061dc3c3ae3e0
2026,2026-08-31,054_SALES_DATA_NNME_31082026.DAT,C:\Users\jonat\PycharmProjects\NSWpropertyData\RawData\DAT\2026\20260831\054_SALES_DATA_NNME_31082026.DAT,417,ca13f5f707f266848b9d36884e52733b8f1639ed3a59cf0e50f3aaa49183bf7e
2026,2026-08-31,061_SALES_DATA_NNME_31082026.DAT,C:\Users\jonat\PycharmProjects\NSWpropertyData\RawData\DAT\2026\20260831\061_SALES_DATA_NNME_31082026.DAT,1925,060b9bc2d5777c82a4f62ab652ed750215fd04be9bf2e0c0010eaabe4f705ae5
2026,2026-08-31,065_SALES_DATA_NNME_31082026.DAT,C:\Users\jonat\PycharmProjects\NSWpropertyData\RawData\DAT\2026\20260831\065_SALES_DATA_NNME_31082026.DAT,1376,e54cfd8b8e8836f82e283672b6a8574163a3b3b4082e8c8cac5c45fb83163d8e
2026,2026-08-31,066_SALES_DATA_NNME_31082026.DAT,C:\Users\jonat\PycharmProjects\NSWpropertyData\RawData\DAT\2026\20260831\066_SALES_DATA_NNME_31082026.DAT,1235,b1edf4953b88bbdce972b5f87bbf5b0a27b95859d0bae9ab1cf7ce8a2046df66
2026,2026-08-31,070_SALES_DATA_NNME_31082026.DAT,C:\Users\jonat\PycharmProjects\NSWpropertyData\RawData\DAT\2026\20260831\070_SALES_DATA_NNME_31082026.DAT,598,50062e4cfa69a0b229d776b0b151d27576dde27dc2362dc72738363207744e8c
2026,2026-08-31,074_SALES_DATA_NNME_31082026.DAT,C:\Users\jonat\PycharmProjects\NSWpropertyData\RawData\DAT\2026\20260831\074_SALES_DATA_NNME_31082026.DAT,1447,f84206d338498bade9a6408e6dd88d4e9f0ff79d78abe94bd776d76ff28a6189
2026,2026-08-31,081_SALES_DATA_NNME_31082026.DAT,C:\Users\jonat\PycharmProjects\NSWpropertyData\RawData\DAT\2026\20260831\081_SALES_DATA_NNME_31082026.DAT,96372,855379643bfe96284e972c198f1a28e584e8bf61ac0c36c82179f8ab71c4e120
2026,2026-08-31,082_SALES_DATA_NNME_31082026.DAT,C:\Users\jonat\PycharmProjects\NSWpropertyData\RawData\DAT\2026\20260831\082_SALES_DATA_NNME_31082026.DAT,13954,8d9bed60ad81f1e3d6360a908cb636080d3244c78d134ded3dbf14d5c3395eea
2026,2026-08-31,083_SALES_DATA_NNME_31082026.DAT,C:\Users\jonat\PycharmProjects\NSWpropertyData\RawData\DAT\2026\20260831\083_SALES_DATA_NNME_31082026.DAT,336,2e9c893fd900e51f1bd84d95730a7255b14077482145fa5449dc01f80bc41b90
2026,2026-08-31,084_SALES_DATA_NNME_31082026.DAT,C:\Users\jonat\PycharmProjects\NSWpropertyData\RawData\DAT\2026\20260831\084_SALES_DATA_NNME_31082026.DAT,11916,078c1c203077207361d6b40a244606a4da99f98ecc21bd991e4e7c93de81f641
2026,2026-08-31,085_SALES_DATA_NNME_31082026.DAT,C:\Users\jonat\PycharmProjects\NSWpropertyData\RawData\DAT\2026\20260831\085_SALES_DATA_NNME_31082026.DAT,19614,77b9523079ff8c284eb21b341aae416af4f525d320939b206a2731cf26e7719f
2026,2026-08-31,087_SALES_DATA_NNME_31082026.DAT,C:\Users\jonat\PycharmProjects\NSWpropertyData\RawData\DAT\2026\20260831\087_SALES_DATA_NNME_31082026.DAT,3926,1f8d51bcbc2a35aaae1f51fc21c24b32945eba683b4c58fa26b1b29e0889237e
2026,2026-08-31,088_SALES_DATA_NNME_31082026.DAT,C:\Users\jonat\PycharmProjects\NSWpropertyData\RawData\DAT\2026\20260831\088_SALES_DATA_NNME_31082026.DAT,21227,2134cdbdc333c1d4fc9bd83ad4b4d4c71dd16e0d5dc35bd31908f9c354ec2f2a
2026,2026-08-31,090_SALES_DATA_NNME_31082026.DAT,C:\Users\jonat\PycharmProjects\NSWpropertyData\RawData\DAT\2026\20260831\090_SALES_DATA_NNME_31082026.DAT,46977,0dd8c7906f790a2f6a9c05a5215d2b5814c0defa69236589bba4f193a76e9f34
2026,2026-08-31,092_SALES_DATA_NNME_31082026.DAT,C:\Users\jonat\PycharmProjects\NSWpropertyData\RawData\DAT\2026\20260831\092_SALES_DATA_NNME_31082026.DAT,17802,a60a5790d4b7cc0f42d68ab5042c078cefd45a246d5221ef5a78285344d0d112
2026,2026-08-31,097_SALES_DATA_NNME_31082026.DAT,C:\Users\jonat\PycharmProjects\NSWpropertyData\RawData\DAT\2026\20260831\097_SALES_DATA_NNME_31082026.DAT,6699,973c4718c629d3b8822ebbfed92703d50ed3351e667057f7fb0947ee18e927c3
2026,2026-08-31,098_SALES_DATA_NNME_31082026.DAT,C:\Users\jonat\PycharmProjects\NSWpropertyData\RawData\DAT\2026\20260831\098_SALES_DATA_NNME_31082026.DAT,4341,ebddd09baca820815ffbfc8dd9a9b718e16a88934117ae36e8f9323d7ec448a7
2026,2026-08-31,100_SALES_DATA_NNME_31082026.DAT,C:\Users\jonat\PycharmProjects\NSWpropertyData\RawData\DAT\2026\20260831\100_SALES_DATA_NNME_31082026.DAT,32028,28c427aa85f14c12fe03f33f8e644ca5f485101d0a157b8ba69fef04fd41a1f7
2026,2026-08-31,101_SALES_DATA_NNME_31082026.DAT,C:\Users\jonat\PycharmProjects\NSWpropertyData\RawData\DAT\2026\20260831\101_SALES_DATA_NNME_31082026.DAT,53406,a9499fba5bc1578312bbe307d9dc874d2166d58088a7104bfb1bfc28a9fd2db0
2026,2026-08-31,102_SALES_DATA_NNME_31082026.DAT,C:\Users\jonat\PycharmProjects\NSWpropertyData\RawData\DAT\2026\20260831\102_SALES_DATA_NNME_31082026.DAT,12182,8450d729a30aeb6bf02a8ac3d4a275f1fed59ff69169a7b22dd302e9107f3b76
2026,2026-08-31,103_SALES_DATA_NNME_31082026.DAT,C:\Users\jonat\PycharmProjects\NSWpropertyData\RawData\DAT\2026\20260831\103_SALES_DATA_NNME_31082026.DAT,22006,6352c1348a67bebff8d5abb1701848a19b7b1ab4a2743aae1a997daa8535090b
2026,2026-08-31,109_SALES_DATA_NNME_31082026.DAT,C:\Users\jonat\PycharmProjects\NSWpropertyData\RawData\DAT\2026\20260831\109_SALES_DATA_NNME_31082026.DAT,2592,d182e496808c6fbc93902fe97dcc6901eac021540372d347375ac960f28cec0c
2026,2026-08-31,116_SALES_DATA_NNME_31082026.DAT,C:\Users\jonat\PycharmProjects\NSWpropertyData\RawData\DAT\2026\20260831\116_SALES_DATA_NNME_31082026.DAT,2527,e6241cc8ef245121bea811d9a10af725e22c60e8362b8464572a0789714223f2
2026,2026-08-31,117_SALES_DATA_NNME_31082026.DAT,C:\Users\jonat\PycharmProjects\NSWpropertyData\RawData\DAT\2026\20260831\117_SALES_DATA_NNME_31082026.DAT,4144,bd0c146225d6c8073bafaa81715a67bad77848216903fd365f6bcfb0f99ba564
2026,2026-08-31,118_SALES_DATA_NNME_31082026.DAT,C:\Users\jonat\PycharmProjects\NSWpropertyData\RawData\DAT\2026\20260831\118_SALES_DATA_NNME_31082026.DAT,1578,5ce7747dc9992c35b3e757c35dd7dcf66fc8e4c1c2e33c3fd6e1519ba4f4bd98
2026,2026-08-31,123_SALES_DATA_NNME_31082026.DAT,C:\Users\jonat\PycharmProjects\NSWpropertyData\RawData\DAT\2026\20260831\123_SALES_DATA_NNME_31082026.DAT,688,b42dab65a746c89931e177c277d2529f30715e453ce5c9676ec6edc9a0d2c9b4
2026,2026-08-31,124_SALES_DATA_NNME_31082026.DAT,C:\Users\jonat\PycharmProjects\NSWpropertyData\RawData\DAT\2026\20260831\124_SALES_DATA_NNME_31082026.DAT,6441,dfcc544f4f5de7233e87a6e57db5e9ff75f217bad0b0039f992deeb941709a46
2026,2026-08-31,137_SALES_DATA_NNME_31082026.DAT,C:\Users\jonat\PycharmProjects\NSWpropertyData\RawData\DAT\2026\20260831\137_SALES_DATA_NNME_31082026.DAT,4559,93e39768e579062706f7ae2c2ceb4f38455eb8b98d9a400b8f5200a996faea88
2026,2026-08-31,139_SALES_DATA_NNME_31082026.DAT,C:\Users\jonat\PycharmProjects\NSWpropertyData\RawData\DAT\2026\20260831\139_SALES_DATA_NNME_31082026.DAT,25764,b542e053d9d5594b36e40843ca80cce86b4d6cc3e1c0466990c8ba98cda6bd91
2026,2026-08-31,143_SALES_DATA_NNME_31082026.DAT,C:\Users\jonat\PycharmProjects\NSWpropertyData\RawData\DAT\2026\20260831\143_SALES_DATA_NNME_31082026.DAT,3650,87bd9b68bcc67169e9b6986f31e2d9cfa86950e7c34a56e7d1a5922f4ed74e7f
2026,2026-08-31,144_SALES_DATA_NNME_31082026.DAT,C:\Users\jonat\PycharmProjects\NSWpropertyData\RawData\DAT\2026\20260831\144_SALES_DATA_NNME_31082026.DAT,45832,5edd57a8a7090923146e757157626ee7bc6b0974f0f05a436b35fc5fb385532a
2026,2026-08-31,148_SALES_DATA_NNME_31082026.DAT,C:\Users\jonat\PycharmProjects\NSWpropertyData\RawData\DAT\2026\20260831\148_SALES_DATA_NNME_31082026.DAT,9109,dfd041dcfd703b2bc6d9d52697f643ee10e201e9b439ed8d22af42d033dc921a
2026,2026-08-31,149_SALES_DATA_NNME_31082026.DAT,C:\Users\jonat\PycharmProjects\NSWpropertyData\RawData\DAT\2026\20260831\149_SALES_DATA_NNME_31082026.DAT,2358,796753ca6d2c897967b3c6521b55036cd53791aeb434480f85be556614d40d58
2026,2026-08-31,150_SALES_DATA_NNME_31082026.DAT,C:\Users\jonat\PycharmProjects\NSWpropertyData\RawData\DAT\2026\20260831\150_SALES_DATA_NNME_31082026.DAT,12785,457ccb66ce93e49e93bd3cb1b71c028e87f6a8096c0c7bd93f2c989094da9234
2026,2026-08-31,151_SALES_DATA_NNME_31082026.DAT,C:\Users\jonat\PycharmProjects\NSWpropertyData\RawData\DAT\2026\20260831\151_SALES_DATA_NNME_31082026.DAT,3257,69dea7f8e724469217a4215b433190edb71cd5a6dc6dc993425b96d288fd11a6
2026,2026-08-31,152_SALES_DATA_NNME_31082026.DAT,C:\Users\jonat\PycharmProjects\NSWpropertyData\RawData\DAT\2026\20260831\152_SALES_DATA_NNME_31082026.DAT,11896,88ffb611bd49bf3dcc6df54b878e3c003e8fee748d59c02aee313dbb416b7370
2026,2026-08-31,157_SALES_DATA_NNME_31082026.DAT,C:\Users\jonat\PycharmProjects\NSWpropertyData\RawData\DAT\2026\20260831\157_SALES_DATA_NNME_31082026.DAT,3740,ea260716786432bec09014b32bb44ff1c584ce0ae6f438eeabe4f89b88050977
2026,2026-08-31,158_SALES_DATA_NNME_31082026.DAT,C:\Users\jonat\PycharmProjects\NSWpropertyData\RawData\DAT\2026\20260831\158_SALES_DATA_NNME_31082026.DAT,1398,24039c90f73b2b0ba3e86b5548908e8d3d041c2fc811abe9ce09b4967a44e767
2026,2026-08-31,159_SALES_DATA_NNME_31082026.DAT,C:\Users\jonat\PycharmProjects\NSWpropertyData\RawData\DAT\2026\20260831\159_SALES_DATA_NNME_31082026.DAT,3760,7c23d463e71e27099483042623ffaabcd467bf82999f2f030c06436b8e55b8c7
2026,2026-08-31,164_SALES_DATA_NNME_31082026.DAT,C:\Users\jonat\PycharmProjects\NSWpropertyData\RawData\DAT\2026\20260831\164_SALES_DATA_NNME_31082026.DAT,2190,e214aeb82bbd1040440ba895da572152dd3d23392491f92b882034478df341c1
2026,2026-08-31,171_SALES_DATA_NNME_31082026.DAT,C:\Users\jonat\PycharmProjects\NSWpropertyData\RawData\DAT\2026\20260831\171_SALES_DATA_NNME_31082026.DAT,26471,8402ffabadaba1a93bc8b3ace7bb557affe5cefba3cdb2f91df089e9fd8a9561
2026,2026-08-31,187_SALES_DATA_NNME_31082026.DAT,C:\Users\jonat\PycharmProjects\NSWpropertyData\RawData\DAT\2026\20260831\187_SALES_DATA_NNME_31082026.DAT,1734,8626e964e600d3994251a62f5e512e426e81b1622f88d320d95e3e7fb1ed960f
2026,2026-08-31,188_SALES_DATA_NNME_31082026.DAT,C:\Users\jonat\PycharmProjects\NSWpropertyData\RawData\DAT\2026\20260831\188_SALES_DATA_NNME_31082026.DAT,2159,beb54eff584283893553f691b06c311aba822bc0249c7a6d70da7576972c98a7
2026,2026-08-31,192_SALES_DATA_NNME_31082026.DAT,C:\Users\jonat\PycharmProjects\NSWpropertyData\RawData\DAT\2026\20260831\192_SALES_DATA_NNME_31082026.DAT,1329,4efede762f6284d55d2913c9c2867fa18ba4162ff042702e47fbbc26abaa7bbf
2026,2026-08-31,199_SALES_DATA_NNME_31082026.DAT,C:\Users\jonat\PycharmProjects\NSWpropertyData\RawData\DAT\2026\20260831\199_SALES_DATA_NNME_31082026.DAT,1791,c11c44be17d256e00a6d1db354a4f56e49b26f4ac7224f92141f6a301d2d4da2
2026,2026-08-31,207_SALES_DATA_NNME_31082026.DAT,C:\Users\jonat\PycharmProjects\NSWpropertyData\RawData\DAT\2026\20260831\207_SALES_DATA_NNME_31082026.DAT,33318,fa64bdbc23bf5c0d3c38f93cd65c1a20cbb01ae9d9223076fd05e2c0573934ca
2026,2026-08-31,209_SALES_DATA_NNME_31082026.DAT,C:\Users\jonat\PycharmProjects\NSWpropertyData\RawData\DAT\2026\20260831\209_SALES_DATA_NNME_31082026.DAT,3850,678ee06ad62a3537858ed0b08246b77d2f890dceddf5e24c52df8ba6dbcac526
2026,2026-08-31,210_SALES_DATA_NNME_31082026.DAT,C:\Users\jonat\PycharmProjects\NSWpropertyData\RawData\DAT\2026\20260831\210_SALES_DATA_NNME_31082026.DAT,7620,f59765026a2eaf35082ba6d2bd37606f864b99cbd93e572cf6928222c9e97a52
2026,2026-08-31,214_SALES_DATA_NNME_31082026.DAT,C:\Users\jonat\PycharmProjects\NSWpropertyData\RawData\DAT\2026\20260831\214_SALES_DATA_NNME_31082026.DAT,140537,6f0e79e8ca651bd1ac3fbc9306d6a445e51fe41bd5ed7058003da301f43adef0
2026,2026-08-31,216_SALES_DATA_NNME_31082026.DAT,C:\Users\jonat\PycharmProjects\NSWpropertyData\RawData\DAT\2026\20260831\216_SALES_DATA_NNME_31082026.DAT,7501,21a05c1e00cf98c463713476a377581e8821a53de471991940b0a05b5e666c24
2026,2026-08-31,217_SALES_DATA_NNME_31082026.DAT,C:\Users\jonat\PycharmProjects\NSWpropertyData\RawData\DAT\2026\20260831\217_SALES_DATA_NNME_31082026.DAT,94722,9d69e3101d993a117f51b980691ae4f28728493ccd068adff11071caa2b4cb3a
2026,2026-08-31,218_SALES_DATA_NNME_31082026.DAT,C:\Users\jonat\PycharmProjects\NSWpropertyData\RawData\DAT\2026\20260831\218_SALES_DATA_NNME_31082026.DAT,65669,03b44545616da929b9b78e57725176ec0e841b6eb68471f15cd04a9d74bc03f7
2026,2026-08-31,219_SALES_DATA_NNME_31082026.DAT,C:\Users\jonat\PycharmProjects\NSWpropertyData\RawData\DAT\2026\20260831\219_SALES_DATA_NNME_31082026.DAT,31310,8a096c0249f1168080485590385f01c8f8ea1aac65e118fe38641187760f2929
2026,2026-08-31,220_SALES_DATA_NNME_31082026.DAT,C:\Users\jonat\PycharmProjects\NSWpropertyData\RawData\DAT\2026\20260831\220_SALES_DATA_NNME_31082026.DAT,95176,09da8ab8fb79b3ed134f802f576194d660328f4c023e4f4a7642cd9335369ca3
2026,2026-08-31,222_SALES_DATA_NNME_31082026.DAT,C:\Users\jonat\PycharmProjects\NSWpropertyData\RawData\DAT\2026\20260831\222_SALES_DATA_NNME_31082026.DAT,1564,824417aec6ed5b276dfcd0fe56acd5de7d0686887afddb5aae76fafbf11e0484
2026,2026-08-31,223_SALES_DATA_NNME_31082026.DAT,C:\Users\jonat\PycharmProjects\NSWpropertyData\RawData\DAT\2026\20260831\223_SALES_DATA_NNME_31082026.DAT,121539,42322045f4fc1f2e90f8591c5d0f8acaacf300ffa6469f9eb67cc3f954fe9128
2026,2026-08-31,224_SALES_DATA_NNME_31082026.DAT,C:\Users\jonat\PycharmProjects\NSWpropertyData\RawData\DAT\2026\20260831\224_SALES_DATA_NNME_31082026.DAT,51706,7735f11bb9727ec56525f649c06b57961508c77f8b2fa2d5d2192c962c56d6ba
2026,2026-08-31,226_SALES_DATA_NNME_31082026.DAT,C:\Users\jonat\PycharmProjects\NSWpropertyData\RawData\DAT\2026\20260831\226_SALES_DATA_NNME_31082026.DAT,12217,d85ec72024655261bcb9fabab15d4fb044a0557eaf94f8281736f90b7b447f66
2026,2026-08-31,230_SALES_DATA_NNME_31082026.DAT,C:\Users\jonat\PycharmProjects\NSWpropertyData\RawData\DAT\2026\20260831\230_SALES_DATA_NNME_31082026.DAT,1219,54c78ba1d4ebe8333705ac5ed95b9e0f27f8f5a366c9393d96a897a95e0b0775
2026,2026-08-31,231_SALES_DATA_NNME_31082026.DAT,C:\Users\jonat\PycharmProjects\NSWpropertyData\RawData\DAT\2026\20260831\231_SALES_DATA_NNME_31082026.DAT,984,ca911ba019e3f9f9fc4700b4eb30950a39db6d1b3800108baace0dadca7bca79
2026,2026-08-31,232_SALES_DATA_NNME_31082026.DAT,C:\Users\jonat\PycharmProjects\NSWpropertyData\RawData\DAT\2026\20260831\232_SALES_DATA_NNME_31082026.DAT,331,136a8053533b1ec27bf0bb6a8b9971e67422fc2836b0c256b7249c8c51fb6028
2026,2026-08-31,233_SALES_DATA_NNME_31082026.DAT,C:\Users\jonat\PycharmProjects\NSWpropertyData\RawData\DAT\2026\20260831\233_SALES_DATA_NNME_31082026.DAT,581,dca2d46a31608eeb254cb57f4be47d24843949b4f905a184c9db3f24b11b1432
2026,2026-08-31,234_SALES_DATA_NNME_31082026.DAT,C:\Users\jonat\PycharmProjects\NSWpropertyData\RawData\DAT\2026\20260831\234_SALES_DATA_NNME_31082026.DAT,3465,c6dee0ee80340a31e1397bed8de5fd8003ec5d08c99f1ebc2cb0f95e6f45d67f
2026,2026-08-31,236_SALES_DATA_NNME_31082026.DAT,C:\Users\jonat\PycharmProjects\NSWpropertyData\RawData\DAT\2026\20260831\236_SALES_DATA_NNME_31082026.DAT,1230,752a2a30f8806d8135d9ba84c651c55cb460f75d0be16888c7e1d39e728eafae
2026,2026-08-31,238_SALES_DATA_NNME_31082026.DAT,C:\Users\jonat\PycharmProjects\NSWpropertyData\RawData\DAT\2026\20260831\238_SALES_DATA_NNME_31082026.DAT,696,40fb2b9f07bbe25af5b9946ab70abea50d6a0b27807fb2ed30abf83947352eb0
2026,2026-08-31,240_SALES_DATA_NNME_31082026.DAT,C:\Users\jonat\PycharmProjects\NSWpropertyData\RawData\DAT\2026\20260831\240_SALES_DATA_NNME_31082026.DAT,2335,ce9ffdcdfc44f08f919999194e3222969b14eca77501b57276e5cdb09ab717e4
2026,2026-08-31,243_SALES_DATA_NNME_31082026.DAT,C:\Users\jonat\PycharmProjects\NSWpropertyData\RawData\DAT\2026\20260831\243_SALES_DATA_NNME_31082026.DAT,558,e5e31d5bb58ac77333a48c5c15d2fd328369228737e04e1fbec2117104ae6126
2026,2026-08-31,244_SALES_DATA_NNME_31082026.DAT,C:\Users\jonat\PycharmProjects\NSWpropertyData\RawData\DAT\2026\20260831\244_SALES_DATA_NNME_31082026.DAT,951,fc6d814233eb9af882901e6bca803e63fd83c2127ab6eb008b59cd02ed531a7e
2026,2026-08-31,247_SALES_DATA_NNME_31082026.DAT,C:\Users\jonat\PycharmProjects\NSWpropertyData\RawData\DAT\2026\20260831\247_SALES_DATA_NNME_31082026.DAT,4441,faf5e09f6eab1db9985659301991def0a549d2604c2036abbb4096a8489da50a
2026,2026-08-31,250_SALES_DATA_NNME_31082026.DAT,C:\Users\jonat\PycharmProjects\NSWpropertyData\RawData\DAT\2026\20260831\250_SALES_DATA_NNME_31082026.DAT,1401,65f974a7230d70f76fec44a7e517ee7f06e3a0e06491b82ddf0a1597c6085332
2026,2026-08-31,251_SALES_DATA_NNME_31082026.DAT,C:\Users\jonat\PycharmProjects\NSWpropertyData\RawData\DAT\2026\20260831\251_SALES_DATA_NNME_31082026.DAT,2696,3a830445e10f36d1acc31351ef749d9c1417dd11304f9970b41cb829d1f44caa
2026,2026-08-31,252_SALES_DATA_NNME_31082026.DAT,C:\Users\jonat\PycharmProjects\NSWpropertyData\RawData\DAT\2026\20260831\252_SALES_DATA_NNME_31082026.DAT,697,cabfd760c6cd18ea547df13322a2133080f90e326ce48d52a1d4f6d8e6a35d81
2026,2026-08-31,254_SALES_DATA_NNME_31082026.DAT,C:\Users\jonat\PycharmProjects\NSWpropertyData\RawData\DAT\2026\20260831\254_SALES_DATA_NNME_31082026.DAT,366,afd47b3fb114591d75438bf56dacca83adc24c7dc886ee3bf12fa581d3604db1
2026,2026-08-31,255_SALES_DATA_NNME_31082026.DAT,C:\Users\jonat\PycharmProjects\NSWpropertyData\RawData\DAT\2026\20260831\255_SALES_DATA_NNME_31082026.DAT,3683,a911716157d8294bc63f282ef795903258ee14f386087c272bba00818d3fb8ea
2026,2026-08-31,257_SALES_DATA_NNME_31082026.DAT,C:\Users\jonat\PycharmProjects\NSWpropertyData\RawData\DAT\2026\20260831\257_SALES_DATA_NNME_31082026.DAT,7191,758a928b1963a1f95725de1633bb09986a69eea800069f017019a528654268d0
2026,2026-08-31,258_SALES_DATA_NNME_31082026.DAT,C:\Users\jonat\PycharmProjects\NSWpropertyData\RawData\DAT\2026\20260831\258_SALES_DATA_NNME_31082026.DAT,39475,103e51de58fa0eefded1d347d9c5492be2d87d1c9697511d62b2a13b884f114c
2026,2026-08-31,259_SALES_DATA_NNME_31082026.DAT,C:\Users\jonat\PycharmProjects\NSWpropertyData\RawData\DAT\2026\20260831\259_SALES_DATA_NNME_31082026.DAT,66497,af75063893c6a5594a13dc55aaa7d4dfa884fc2908a2f01d5685cce2c79b9da0
2026,2026-08-31,260_SALES_DATA_NNME_31082026.DAT,C:\Users\jonat\PycharmProjects\NSWpropertyData\RawData\DAT\2026\20260831\260_SALES_DATA_NNME_31082026.DAT,88745,bd37cfe57fbdffa852c7e4e527405021522e98c635de1b6aa6461976412e3a7e
2026,2026-08-31,261_SALES_DATA_NNME_31082026.DAT,C:\Users\jonat\PycharmProjects\NSWpropertyData\RawData\DAT\2026\20260831\261_SALES_DATA_NNME_31082026.DAT,26702,f270b42eef7e02c3edd8312783fd761c412cd1a407c1e829eaa3b0f4466d1d20
2026,2026-08-31,262_SALES_DATA_NNME_31082026.DAT,C:\Users\jonat\PycharmProjects\NSWpropertyData\RawData\DAT\2026\20260831\262_SALES_DATA_NNME_31082026.DAT,2235,30c98bd07d8698f9e8253d432caba88f3c2ce28dd34abfc12617089feb6fe4fa
2026,2026-08-31,263_SALES_DATA_NNME_31082026.DAT,C:\Users\jonat\PycharmProjects\NSWpropertyData\RawData\DAT\2026\20260831\263_SALES_DATA_NNME_31082026.DAT,2156,f10a8411d261f5c749a3f17774c1c58c364b964535c4b6818d44eaa603b5115d
2026,2026-08-31,264_SALES_DATA_NNME_31082026.DAT,C:\Users\jonat\PycharmProjects\NSWpropertyData\RawData\DAT\2026\20260831\264_SALES_DATA_NNME_31082026.DAT,12394,69f12b41c70486da1b52dbc8ca23b883b424d956ee83f511e2156d150d6f7244
2026,2026-08-31,265_SALES_DATA_NNME_31082026.DAT,C:\Users\jonat\PycharmProjects\NSWpropertyData\RawData\DAT\2026\20260831\265_SALES_DATA_NNME_31082026.DAT,1670,49a1174c1c10c5954818ae48826ba4f7290bb6465b633c96f010b0927a9266dc
2026,2026-08-31,266_SALES_DATA_NNME_31082026.DAT,C:\Users\jonat\PycharmProjects\NSWpropertyData\RawData\DAT\2026\20260831\266_SALES_DATA_NNME_31082026.DAT,6485,70d7b9b7da2dece056f71636c253c2a598099d84cb3fe50590f8fafcac831551
2026,2026-08-31,267_SALES_DATA_NNME_31082026.DAT,C:\Users\jonat\PycharmProjects\NSWpropertyData\RawData\DAT\2026\20260831\267_SALES_DATA_NNME_31082026.DAT,19710,3382eb8b4115be961aa64c06ebb28b6c9164d49cb0f36b6c0209d227525c35bd
2026,2026-08-31,268_SALES_DATA_NNME_31082026.DAT,C:\Users\jonat\PycharmProjects\NSWpropertyData\RawData\DAT\2026\20260831\268_SALES_DATA_NNME_31082026.DAT,32515,b865669dc4af5c69cbc8b01ffaac4b2341fe79b925abcba8809286c89b3162a7
2026,2026-08-31,269_SALES_DATA_NNME_31082026.DAT,C:\Users\jonat\PycharmProjects\NSWpropertyData\RawData\DAT\2026\20260831\269_SALES_DATA_NNME_31082026.DAT,2525,b7d16c6b4e9f52ba2b110d6197601d886c448cfda1a626d608520b1741d863bc
2026,2026-08-31,271_SALES_DATA_NNME_31082026.DAT,C:\Users\jonat\PycharmProjects\NSWpropertyData\RawData\DAT\2026\20260831\271_SALES_DATA_NNME_31082026.DAT,32101,c65489240cbe253a0a3ea5f79176e0bbc065463b9962eb9f5a30b9e8e232ee69
2026,2026-08-31,272_SALES_DATA_NNME_31082026.DAT,C:\Users\jonat\PycharmProjects\NSWpropertyData\RawData\DAT\2026\20260831\272_SALES_DATA_NNME_31082026.DAT,14532,a2530acc3c850c6c3df296d7614cf520253804622ae22d33290b539cda302678
2026,2026-08-31,273_SALES_DATA_NNME_31082026.DAT,C:\Users\jonat\PycharmProjects\NSWpropertyData\RawData\DAT\2026\20260831\273_SALES_DATA_NNME_31082026.DAT,4184,d08f693793c744e78253fe4cc645de57d7a7071d01e8255e1a294b169e66f11c
2026,2026-08-31,274_SALES_DATA_NNME_31082026.DAT,C:\Users\jonat\PycharmProjects\NSWpropertyData\RawData\DAT\2026\20260831\274_SALES_DATA_NNME_31082026.DAT,1813,dfc238fd9658dd43fb2457fb338ab8194922aa6fc78676b411c09c069fde1eaf
2026,2026-08-31,275_SALES_DATA_NNME_31082026.DAT,C:\Users\jonat\PycharmProjects\NSWpropertyData\RawData\DAT\2026\20260831\275_SALES_DATA_NNME_31082026.DAT,32271,8d57f17c82d2b1121e947c7f3fca1e8e4ba1e536c7d58f2f98ee4804d52a6e78
2026,2026-08-31,276_SALES_DATA_NNME_31082026.DAT,C:\Users\jonat\PycharmProjects\NSWpropertyData\RawData\DAT\2026\20260831\276_SALES_DATA_NNME_31082026.DAT,37277,971491fedf4fd94fca738405844d8f1bce2fd05307714d3ed5785287b14c7e41
2026,2026-08-31,300_SALES_DATA_NNME_31082026.DAT,C:\Users\jonat\PycharmProjects\NSWpropertyData\RawData\DAT\2026\20260831\300_SALES_DATA_NNME_31082026.DAT,959,3592cffb1c4231d229e1ab79776ca87232b661ed57124457b85f069e627ba691
2026,2026-08-31,301_SALES_DATA_NNME_31082026.DAT,C:\Users\jonat\PycharmProjects\NSWpropertyData\RawData\DAT\2026\20260831\301_SALES_DATA_NNME_31082026.DAT,2399,333481ad77a8504dff86eb1f8dafbbcf86f95dc30794260b14cf66e6676ea737
2026,2026-08-31,302_SALES_DATA_NNME_31082026.DAT,C:\Users\jonat\PycharmProjects\NSWpropertyData\RawData\DAT\2026\20260831\302_SALES_DATA_NNME_31082026.DAT,1203,0390084d723bcdbd4bac03b528dcc2fe25181c545d317748ac18dc3229f15d60
2026,2026-08-31,303_SALES_DATA_NNME_31082026.DAT,C:\Users\jonat\PycharmProjects\NSWpropertyData\RawData\DAT\2026\20260831\303_SALES_DATA_NNME_31082026.DAT,7685,b3b450b69f3bf80f4885bc1da7b6449eb74b9086d825ff834195b6539fb4e82f
2026,2026-08-31,511_SALES_DATA_NNME_31082026.DAT,C:\Users\jonat\PycharmProjects\NSWpropertyData\RawData\DAT\2026\20260831\511_SALES_DATA_NNME_31082026.DAT,1403,168347208280af44501bb45b1c22f9653782943f09d484b5fdf9a691416c5816
2026,2026-08-31,526_SALES_DATA_NNME_31082026.DAT,C:\Users\jonat\PycharmProjects\NSWpropertyData\RawData\DAT\2026\20260831\526_SALES_DATA_NNME_31082026.DAT,1462,ba4a3982aaef2744e9e1e1dfcd4eb9d5ad8d9504119662ded865a2777a2988ba
2026,2026-08-31,528_SALES_DATA_NNME_31082026.DAT,C:\Users\jonat\PycharmProjects\NSWpropertyData\RawData\DAT\2026\20260831\528_SALES_DATA_NNME_31082026.DAT,3078,1e57ac9e21ea0344e3922bfc94c00de6f34ca82f368e0b71bb56b3c0b7efbdbd
2026,2026-08-31,529_SALES_DATA_NNME_31082026.DAT,C:\Users\jonat\PycharmProjects\NSWpropertyData\RawData\DAT\2026\20260831\529_SALES_DATA_NNME_31082026.DAT,8336,9bee9d68bae2616632bca5505a38d0b916c643967995c20ea59d1e70c442a851
2026,2026-08-31,537_SALES_DATA_NNME_31082026.DAT,C:\Users\jonat\PycharmProjects\NSWpropertyData\RawData\DAT\2026\20260831\537_SALES_DATA_NNME_31082026.DAT,1484,18506e7da512102fc61fe632d89920656ae93014251fd3e13513f4585900a090
2026,2026-08-31,538_SALES_DATA_NNME_31082026.DAT,C:\Users\jonat\PycharmProjects\NSWpropertyData\RawData\DAT\2026\20260831\538_SALES_DATA_NNME_31082026.DAT,1181,7bfb37eb5cac997eb0867d6c06da79cd52447135f33835419b9e736391ca80ac
2026,2026-08-31,560_SALES_DATA_NNME_31082026.DAT,C:\Users\jonat\PycharmProjects\NSWpropertyData\RawData\DAT\2026\20260831\560_SALES_DATA_NNME_31082026.DAT,1706,afe0bc20e7f6f705f9a0146783eab48471519e0b9716126f5c90588cdd379d9e
2026,2026-08-31,575_SALES_DATA_NNME_31082026.DAT,C:\Users\jonat\PycharmProjects\NSWpropertyData\RawData\DAT\2026\20260831\575_SALES_DATA_NNME_31082026.DAT,22538,a6161190385db349200e7fff36677d9bc8e8ee6a450428575c809088b05b846d
2026,2026-08-31,608_SALES_DATA_NNME_31082026.DAT,C:\Users\jonat\PycharmProjects\NSWpropertyData\RawData\DAT\2026\20260831\608_SALES_DATA_NNME_31082026.DAT,10070,41a5830d2a1a6de4e6ab32ab8b4b76ff4a48f2537f33ad4ad9865f8e84e1a376
2026,2026-08-31,620_SALES_DATA_NNME_31082026.DAT,C:\Users\jonat\PycharmProjects\NSWpropertyData\RawData\DAT\2026\20260831\620_SALES_DATA_NNME_31082026.DAT,5059,959bdc8c4002281d7a19a72fac491195de000fe4dd31df2dc4a9bb735215ce8c
2026,2026-08-31,656_SALES_DATA_NNME_31082026.DAT,C:\Users\jonat\PycharmProjects\NSWpropertyData\RawData\DAT\2026\20260831\656_SALES_DATA_NNME_31082026.DAT,16027,2de6067dcd42b033122e73dc31622e418555303a9a2cc8b6903306625ad207c6
2026,2026-08-31,666_SALES_DATA_NNME_31082026.DAT,C:\Users\jonat\PycharmProjects\NSWpropertyData\RawData\DAT\2026\20260831\666_SALES_DATA_NNME_31082026.DAT,9049,62a19aeda649b00d5ef7371b10b1b8010d94a7afb8b1107be04a3dcf034c11c8
2026,2026-08-31,708_SALES_DATA_NNME_31082026.DAT,C:\Users\jonat\PycharmProjects\NSWpropertyData\RawData\DAT\2026\20260831\708_SALES_DATA_NNME_31082026.DAT,73928,c3b8f4a69454cb048d3f2dccefc943c751c935a670deb43d69cff72864d7438f
2026,2026-08-31,902_SALES_DATA_NNME_31082026.DAT,C:\Users\jonat\PycharmProjects\NSWpropertyData\RawData\DAT\2026\20260831\902_SALES_DATA_NNME_31082026.DAT,743,94255c4ca31c434397eadf4875cdfef5e2176f02136ed03932a0a0b93b6ab7fc
2026,2026-09-07,001_SALES_DATA_NNME_07092026.DAT,C:\Users\jonat\PycharmProjects\NSWpropertyData\RawData\DAT\2026\20260907\001_SALES_DATA_NNME_07092026.DAT,18607,d8630ac186f967c13540f764038a13e5cdc00d5fceaa6478cf1a8c98d2e2585e
2026,2026-09-07,002_SALES_DATA_NNME_07092026.DAT,C:\Users\jonat\PycharmProjects\NSWpropertyData\RawData\DAT\2026\20260907\002_SALES_DATA_NNME_07092026.DAT,1689,8fca8ea76081f1f30e91b5f6d7a494046c2d3d066fa5312e7175bf9b5a2a01db
2026,2026-09-07,004_SALES_DATA_NNME_07092026.DAT,C:\Users\jonat\PycharmProjects\NSWpropertyData\RawData\DAT\2026\20260907\004_SALES_DATA_NNME_07092026.DAT,28559,e1d680c33bb71ea3ba9496e841719c6d95ec9f255498cb5565338c938eb613c8
2026,2026-09-07,005_SALES_DATA_NNME_07092026.DAT,C:\Users\jonat\PycharmProjects\NSWpropertyData\RawData\DAT\2026\20260907\005_SALES_DATA_NNME_07092026.DAT,30308,595cdd831e81ec431f064e012ffee22443ad502db877b06be6694121771896ff
2026,2026-09-07,007_SALES_DATA_NNME_07092026.DAT,C:\Users\jonat\PycharmProjects\NSWpropertyData\RawData\DAT\2026\20260907\007_SALES_DATA_NNME_07092026.DAT,2776,98226365052dc031642e3e27195e879664d5952611795a08cc475055267f12de
2026,2026-09-07,008_SALES_DATA_NNME_07092026.DAT,C:\Users\jonat\PycharmProjects\NSWpropertyData\RawData\DAT\2026\20260907\008_SALES_DATA_NNME_07092026.DAT,25403,d689fd247d5a87fef910258c40ff6d93d2cd520a223ef51e321edfbb97f053b4
2026,2026-09-07,010_SALES_DATA_NNME_07092026.DAT,C:\Users\jonat\PycharmProjects\NSWpropertyData\RawData\DAT\2026\20260907\010_SALES_DATA_NNME_07092026.DAT,10053,1de32a9cc6b89feae9fe45aa1bd44d69da46510629bc1699f36051714ad0925c
2026,2026-09-07,012_SALES_DATA_NNME_07092026.DAT,C:\Users\jonat\PycharmProjects\NSWpropertyData\RawData\DAT\2026\20260907\012_SALES_DATA_NNME_07092026.DAT,3268,316574fd73cec22f5452f193146efcd0c139470a353b87dfd10925705775b34c
2026,2026-09-07,018_SALES_DATA_NNME_07092026.DAT,C:\Users\jonat\PycharmProjects\NSWpropertyData\RawData\DAT\2026\20260907\018_SALES_DATA_NNME_07092026.DAT,4181,d29a9c4d4a652ed026f02bec5caf7df74a6847f1841a38898ba6b211bb56f788
2026,2026-09-07,042_SALES_DATA_NNME_07092026.DAT,C:\Users\jonat\PycharmProjects\NSWpropertyData\RawData\DAT\2026\20260907\042_SALES_DATA_NNME_07092026.DAT,1325,8a03b330bbe270298b2f141d1f2435b17dfa40719ec573dce14154f684b7a66d
2026,2026-09-07,043_SALES_DATA_NNME_07092026.DAT,C:\Users\jonat\PycharmProjects\NSWpropertyData\RawData\DAT\2026\20260907\043_SALES_DATA_NNME_07092026.DAT,881,a2bee3087b0ef36a36c431f7dea595268613e54d53f6e159bb1336d6157e21ca
2026,2026-09-07,050_SALES_DATA_NNME_07092026.DAT,C:\Users\jonat\PycharmProjects\NSWpropertyData\RawData\DAT\2026\20260907\050_SALES_DATA_NNME_07092026.DAT,9928,bad3be8f1c61850f194bcbf4cbd5abb268c7cdaa462aac6505a6aa30a8d71ca6
2026,2026-09-07,051_SALES_DATA_NNME_07092026.DAT,C:\Users\jonat\PycharmProjects\NSWpropertyData\RawData\DAT\2026\20260907\051_SALES_DATA_NNME_07092026.DAT,2112,ade7480d440c9aee3bb694e92f76158c232f6db7ebdf323f29aa619571f98fc2
2026,2026-09-07,052_SALES_DATA_NNME_07092026.DAT,C:\Users\jonat\PycharmProjects\NSWpropertyData\RawData\DAT\2026\20260907\052_SALES_DATA_NNME_07092026.DAT,584,156b941ed5bc3b9955103cdbd51b613c50c830de64323633cf2ff1d8f7000a0d
2026,2026-09-07,054_SALES_DATA_NNME_07092026.DAT,C:\Users\jonat\PycharmProjects\NSWpropertyData\RawData\DAT\2026\20260907\054_SALES_DATA_NNME_07092026.DAT,575,0d515b900a74e03ef56c60e857ddda368d9c14e0398cd2318a6209f6bd0cc432
2026,2026-09-07,061_SALES_DATA_NNME_07092026.DAT,C:\Users\jonat\PycharmProjects\NSWpropertyData\RawData\DAT\2026\20260907\061_SALES_DATA_NNME_07092026.DAT,1608,640fdf925414172b214c48fdd64e903bf1823ac935a43b4deb9d7aae40ce9221
2026,2026-09-07,065_SALES_DATA_NNME_07092026.DAT,C:\Users\jonat\PycharmProjects\NSWpropertyData\RawData\DAT\2026\20260907\065_SALES_DATA_NNME_07092026.DAT,2125,c9613016b85b94daed64571780aac882f53c568717c2ed6732192831cfa94d02
2026,2026-09-07,066_SALES_DATA_NNME_07092026.DAT,C:\Users\jonat\PycharmProjects\NSWpropertyData\RawData\DAT\2026\20260907\066_SALES_DATA_NNME_07092026.DAT,1070,752be38e7ed9e5927aa577c9812f6396ac75e1ce9c69b7c49ff277619ccb6b3a
2026,2026-09-07,070_SALES_DATA_NNME_07092026.DAT,C:\Users\jonat\PycharmProjects\NSWpropertyData\RawData\DAT\2026\20260907\070_SALES_DATA_NNME_07092026.DAT,1325,2ca1815452aeb972510fc8603e19cc8e5ca5eba0f8140c51da22b2c235ef6ccc
2026,2026-09-07,074_SALES_DATA_NNME_07092026.DAT,C:\Users\jonat\PycharmProjects\NSWpropertyData\RawData\DAT\2026\20260907\074_SALES_DATA_NNME_07092026.DAT,2714,da60c38245b4d60a22b2e2a17b0474c132552c5e5c3a990cc2c9b8bc726cfb73
2026,2026-09-07,081_SALES_DATA_NNME_07092026.DAT,C:\Users\jonat\PycharmProjects\NSWpropertyData\RawData\DAT\2026\20260907\081_SALES_DATA_NNME_07092026.DAT,39510,eb95fcac4eaf44719a7df3786752a72f76c799760f71a31d932810ee6c389a6a
2026,2026-09-07,082_SALES_DATA_NNME_07092026.DAT,C:\Users\jonat\PycharmProjects\NSWpropertyData\RawData\DAT\2026\20260907\082_SALES_DATA_NNME_07092026.DAT,13324,b8e645a730125956fa0c09ebc356396334630a50e40a0dfe140099cf4bbf4640
2026,2026-09-07,083_SALES_DATA_NNME_07092026.DAT,C:\Users\jonat\PycharmProjects\NSWpropertyData\RawData\DAT\2026\20260907\083_SALES_DATA_NNME_07092026.DAT,294,6f66644f0bf791427b54e8c6f2c2270addcc478b0a9485fa8b815c97096308bb
2026,2026-09-07,084_SALES_DATA_NNME_07092026.DAT,C:\Users\jonat\PycharmProjects\NSWpropertyData\RawData\DAT\2026\20260907\084_SALES_DATA_NNME_07092026.DAT,9540,9bf1b2de3272d6e8f2e5f131ccea9a681f8e1534aaab08322b9ed5a0bd25e370
2026,2026-09-07,085_SALES_DATA_NNME_07092026.DAT,C:\Users\jonat\PycharmProjects\NSWpropertyData\RawData\DAT\2026\20260907\085_SALES_DATA_NNME_07092026.DAT,4427,fd077c4657b7cd21bfa6b72de57e4b3e0b2e184938a988e4a8837fd74f4e4d2d
2026,2026-09-07,087_SALES_DATA_NNME_07092026.DAT,C:\Users\jonat\PycharmProjects\NSWpropertyData\RawData\DAT\2026\20260907\087_SALES_DATA_NNME_07092026.DAT,4345,4d7d8500bd8a4baded709711fb0ecfe6f2518bdb0d52b24512ad1e6e54dcce24
2026,2026-09-07,088_SALES_DATA_NNME_07092026.DAT,C:\Users\jonat\PycharmProjects\NSWpropertyData\RawData\DAT\2026\20260907\088_SALES_DATA_NNME_07092026.DAT,10591,d4aafa6dae1585b98d3a8eeff5c8ab379125b1f1e1c41b7692db924a802d6d4a
2026,2026-09-07,090_SALES_DATA_NNME_07092026.DAT,C:\Users\jonat\PycharmProjects\NSWpropertyData\RawData\DAT\2026\20260907\090_SALES_DATA_NNME_07092026.DAT,39671,d0bc546399924f1a930a16a75ec7b8c9bd445099c262822850cb8b6ef12d165a
2026,2026-09-07,092_SALES_DATA_NNME_07092026.DAT,C:\Users\jonat\PycharmProjects\NSWpropertyData\RawData\DAT\2026\20260907\092_SALES_DATA_NNME_07092026.DAT,4589,bd1582809d138e1684dc1014517c5b451a4d0377518954a7d829f6e40cca6355
2026,2026-09-07,097_SALES_DATA_NNME_07092026.DAT,C:\Users\jonat\PycharmProjects\NSWpropertyData\RawData\DAT\2026\20260907\097_SALES_DATA_NNME_07092026.DAT,5370,c759e057dd13ae238a83429785f4fb0232546d852c862245ee1f48e2e46f0501
2026,2026-09-07,098_SALES_DATA_NNME_07092026.DAT,C:\Users\jonat\PycharmProjects\NSWpropertyData\RawData\DAT\2026\20260907\098_SALES_DATA_NNME_07092026.DAT,4134,c755de073ef03394337bafa9376ab261bb73499392e0c0fe1be4c386c5628ad5
2026,2026-09-07,100_SALES_DATA_NNME_07092026.DAT,C:\Users\jonat\PycharmProjects\NSWpropertyData\RawData\DAT\2026\20260907\100_SALES_DATA_NNME_07092026.DAT,14190,afa6153606e003d30236ebf4d6ae90107cf607e92a666989a28fe609aa7c6dda
2026,2026-09-07,101_SALES_DATA_NNME_07092026.DAT,C:\Users\jonat\PycharmProjects\NSWpropertyData\RawData\DAT\2026\20260907\101_SALES_DATA_NNME_07092026.DAT,12101,4a5e5ae37048152acf300cb63347cd36504d2db4748b2b16107d04ac0bcad69a
2026,2026-09-07,102_SALES_DATA_NNME_07092026.DAT,C:\Users\jonat\PycharmProjects\NSWpropertyData\RawData\DAT\2026\20260907\102_SALES_DATA_NNME_07092026.DAT,5787,1b23710b63e7675ebcf6bc37e6fbc88ecfe3c33cdeeb1d49897e6530f1dc5540
2026,2026-09-07,103_SALES_DATA_NNME_07092026.DAT,C:\Users\jonat\PycharmProjects\NSWpropertyData\RawData\DAT\2026\20260907\103_SALES_DATA_NNME_07092026.DAT,26758,fa5a8d184142e62b7d68b650d0b661d11b94722c090d61edcbf6f12ee6e073e2
2026,2026-09-07,109_SALES_DATA_NNME_07092026.DAT,C:\Users\jonat\PycharmProjects\NSWpropertyData\RawData\DAT\2026\20260907\109_SALES_DATA_NNME_07092026.DAT,1698,c564ee6f8df1712132d51db6b7b48cc9925c342f818494c785c6dc81bf6302ab
2026,2026-09-07,116_SALES_DATA_NNME_07092026.DAT,C:\Users\jonat\PycharmProjects\NSWpropertyData\RawData\DAT\2026\20260907\116_SALES_DATA_NNME_07092026.DAT,2813,353b86a55f915f375b5c659eb64b5dbc56a1f358bfff4d44b7c37919ca643293
2026,2026-09-07,117_SALES_DATA_NNME_07092026.DAT,C:\Users\jonat\PycharmProjects\NSWpropertyData\RawData\DAT\2026\20260907\117_SALES_DATA_NNME_07092026.DAT,3458,de2bfc38660423752f0f1155d3f0de9df1d6b7fc810dc6438dd8b1d9053db75a
2026,2026-09-07,118_SALES_DATA_NNME_07092026.DAT,C:\Users\jonat\PycharmProjects\NSWpropertyData\RawData\DAT\2026\20260907\118_SALES_DATA_NNME_07092026.DAT,669,34b4d633db978b8a2449b2d076dda1127ab43e37e98af7265bc95670efe5759f
2026,2026-09-07,123_SALES_DATA_NNME_07092026.DAT,C:\Users\jonat\PycharmProjects\NSWpropertyData\RawData\DAT\2026\20260907\123_SALES_DATA_NNME_07092026.DAT,2523,6ed3b127526d58f618756ec13fd748aef7e4fcf53bb40a7729b6e2a465f4b404
2026,2026-09-07,124_SALES_DATA_NNME_07092026.DAT,C:\Users\jonat\PycharmProjects\NSWpropertyData\RawData\DAT\2026\20260907\124_SALES_DATA_NNME_07092026.DAT,6653,40835a75ee8882fe8c5d2d0396fbb15f207a40ce78c9f81517704c38e064da25
2026,2026-09-07,137_SALES_DATA_NNME_07092026.DAT,C:\Users\jonat\PycharmProjects\NSWpropertyData\RawData\DAT\2026\20260907\137_SALES_DATA_NNME_07092026.DAT,2185,10d41e0b9ff25ca18cb5bb4ce49d064aa6fd367d1987dccba7f5ac0f229566eb
2026,2026-09-07,139_SALES_DATA_NNME_07092026.DAT,C:\Users\jonat\PycharmProjects\NSWpropertyData\RawData\DAT\2026\20260907\139_SALES_DATA_NNME_07092026.DAT,11838,aba7ec78cbb1591658fa18ea0a5ea6fc475b55841d5865b54974a92a981cba4b
2026,2026-09-07,143_SALES_DATA_NNME_07092026.DAT,C:\Users\jonat\PycharmProjects\NSWpropertyData\RawData\DAT\2026\20260907\143_SALES_DATA_NNME_07092026.DAT,5365,15584cb7c150c668bbc3b18db71a307f0eccbedba6a7eaed323d2fc10763dfec
2026,2026-09-07,144_SALES_DATA_NNME_07092026.DAT,C:\Users\jonat\PycharmProjects\NSWpropertyData\RawData\DAT\2026\20260907\144_SALES_DATA_NNME_07092026.DAT,25211,de73414a7cdd367e1ef26bf806befb758cf4cf74e4f06da3bb7797b501a734bb
2026,2026-09-07,148_SALES_DATA_NNME_07092026.DAT,C:\Users\jonat\PycharmProjects\NSWpropertyData\RawData\DAT\2026\20260907\148_SALES_DATA_NNME_07092026.DAT,6317,e8d642e79a38912021c60349a93b1d55456d5d20d6b8c0b99e044556724ee51d
2026,2026-09-07,149_SALES_DATA_NNME_07092026.DAT,C:\Users\jonat\PycharmProjects\NSWpropertyData\RawData\DAT\2026\20260907\149_SALES_DATA_NNME_07092026.DAT,1582,830767d371a63c710d8af51b9dd83cffb17ad60f46f88a0cd7f74a6209c106de
2026,2026-09-07,150_SALES_DATA_NNME_07092026.DAT,C:\Users\jonat\PycharmProjects\NSWpropertyData\RawData\DAT\2026\20260907\150_SALES_DATA_NNME_07092026.DAT,5388,c71fcf265788510d22551a3e38996e3edebcfe3da15497aac82630bcb75c1ea4
2026,2026-09-07,151_SALES_DATA_NNME_07092026.DAT,C:\Users\jonat\PycharmProjects\NSWpropertyData\RawData\DAT\2026\20260907\151_SALES_DATA_NNME_07092026.DAT,4893,3f6d99dfc45089798bc63e51b7b4e2ac7929219a696f90d8e764f3102be0d2dc
2026,2026-09-07,152_SALES_DATA_NNME_07092026.DAT,C:\Users\jonat\PycharmProjects\NSWpropertyData\RawData\DAT\2026\20260907\152_SALES_DATA_NNME_07092026.DAT,10192,f1892c10bb65e7cae35478f0bdda00960f0351737126a9e5d3a087fb54df89ff
2026,2026-09-07,157_SALES_DATA_NNME_07092026.DAT,C:\Users\jonat\PycharmProjects\NSWpropertyData\RawData\DAT\2026\20260907\157_SALES_DATA_NNME_07092026.DAT,3715,dc606c991896af0a042b75ff7fd5dfa0291b5a880f809aadaa23b6a8ca385484
2026,2026-09-07,158_SALES_DATA_NNME_07092026.DAT,C:\Users\jonat\PycharmProjects\NSWpropertyData\RawData\DAT\2026\20260907\158_SALES_DATA_NNME_07092026.DAT,1116,5fab2016b6f9d87e7d58f6f773775c579884121944ba6b686ce903bcce0f37e1
2026,2026-09-07,159_SALES_DATA_NNME_07092026.DAT,C:\Users\jonat\PycharmProjects\NSWpropertyData\RawData\DAT\2026\20260907\159_SALES_DATA_NNME_07092026.DAT,6140,83151f3e8c05313055d54299ba8aa14ea4414b522ebbde77cd5e5857a5721bc3
2026,2026-09-07,164_SALES_DATA_NNME_07092026.DAT,C:\Users\jonat\PycharmProjects\NSWpropertyData\RawData\DAT\2026\20260907\164_SALES_DATA_NNME_07092026.DAT,4715,15a8b2662e0d2fcb09e92db13b8efbec34c9f45c834abf5010f4aedf386f0c59
2026,2026-09-07,171_SALES_DATA_NNME_07092026.DAT,C:\Users\jonat\PycharmProjects\NSWpropertyData\RawData\DAT\2026\20260907\171_SALES_DATA_NNME_07092026.DAT,12991,c8d45aa94f3d1a979ea82ea4d49ba3351717f94cd1967452c264fd547777b8c1
2026,2026-09-07,187_SALES_DATA_NNME_07092026.DAT,C:\Users\jonat\PycharmProjects\NSWpropertyData\RawData\DAT\2026\20260907\187_SALES_DATA_NNME_07092026.DAT,2472,eeb19e188a43db0586ee92f3255ecd99581ca50fbf0ff91c63cd3f87070435bd
2026,2026-09-07,188_SALES_DATA_NNME_07092026.DAT,C:\Users\jonat\PycharmProjects\NSWpropertyData\RawData\DAT\2026\20260907\188_SALES_DATA_NNME_07092026.DAT,2651,868f85119bb637c9108af83f1d9355dc279cf63bce37af65e19ed84d1525f3e9
2026,2026-09-07,192_SALES_DATA_NNME_07092026.DAT,C:\Users\jonat\PycharmProjects\NSWpropertyData\RawData\DAT\2026\20260907\192_SALES_DATA_NNME_07092026.DAT,891,7dbb47104f04b594682f087f73f0fd04ff295415248220a12487c54c4037841b
2026,2026-09-07,199_SALES_DATA_NNME_07092026.DAT,C:\Users\jonat\PycharmProjects\NSWpropertyData\RawData\DAT\2026\20260907\199_SALES_DATA_NNME_07092026.DAT,2296,5165559b716f12e064b946d2b415d74ffb15e719ee74ab95c96b1502206133a9
2026,2026-09-07,207_SALES_DATA_NNME_07092026.DAT,C:\Users\jonat\PycharmProjects\NSWpropertyData\RawData\DAT\2026\20260907\207_SALES_DATA_NNME_07092026.DAT,8490,210c49d3634878af735dae3f6636a5ecfef8c1de5dc73575e4e4d38e6edbad93
2026,2026-09-07,209_SALES_DATA_NNME_07092026.DAT,C:\Users\jonat\PycharmProjects\NSWpropertyData\RawData\DAT\2026\20260907\209_SALES_DATA_NNME_07092026.DAT,4116,a84107cf7fd875f81d9d0dffe6dd7a31d9939a7c6f0de43ec35763e0249d37dc
2026,2026-09-07,210_SALES_DATA_NNME_07092026.DAT,C:\Users\jonat\PycharmProjects\NSWpropertyData\RawData\DAT\2026\20260907\210_SALES_DATA_NNME_07092026.DAT,9791,3abd95dedc90280c7cb1509fbc5cb31f5e1a13099d860a0ea764cd442c71ae60
2026,2026-09-07,214_SALES_DATA_NNME_07092026.DAT,C:\Users\jonat\PycharmProjects\NSWpropertyData\RawData\DAT\2026\20260907\214_SALES_DATA_NNME_07092026.DAT,56009,08fb2ae78052c6c3b168a2dad3689f6a437f55adc162561edf74249bbcd559d1
2026,2026-09-07,216_SALES_DATA_NNME_07092026.DAT,C:\Users\jonat\PycharmProjects\NSWpropertyData\RawData\DAT\2026\20260907\216_SALES_DATA_NNME_07092026.DAT,9351,4d9dac1926d72842994259e6b2d05013a4cdd464ff074431673deb7011cf8796
2026,2026-09-07,217_SALES_DATA_NNME_07092026.DAT,C:\Users\jonat\PycharmProjects\NSWpropertyData\RawData\DAT\2026\20260907\217_SALES_DATA_NNME_07092026.DAT,24771,ecaffd7946ad0794895ed26aac534ec684b9de42bf447c8e6106d6869dffa6b9
2026,2026-09-07,218_SALES_DATA_NNME_07092026.DAT,C:\Users\jonat\PycharmProjects\NSWpropertyData\RawData\DAT\2026\20260907\218_SALES_DATA_NNME_07092026.DAT,27318,13f0299e7942bc7dc4b749ea2565b6af6ce51604fc9a886b84fd25f2e0a2980e
2026,2026-09-07,219_SALES_DATA_NNME_07092026.DAT,C:\Users\jonat\PycharmProjects\NSWpropertyData\RawData\DAT\2026\20260907\219_SALES_DATA_NNME_07092026.DAT,9326,6992bd536862c89186d6ad9bc83b3e3a769ac796c6672500412d52360fe0134e
2026,2026-09-07,220_SALES_DATA_NNME_07092026.DAT,C:\Users\jonat\PycharmProjects\NSWpropertyData\RawData\DAT\2026\20260907\220_SALES_DATA_NNME_07092026.DAT,8472,675c68520fa0da995c2eec6a8d32ad585ab0b7bb661bb2efbcb121e99501126c
2026,2026-09-07,222_SALES_DATA_NNME_07092026.DAT,C:\Users\jonat\PycharmProjects\NSWpropertyData\RawData\DAT\2026\20260907\222_SALES_DATA_NNME_07092026.DAT,4170,2f47934434a211255cada35386d189b800692288eea6273f72850b54dc0d3447
2026,2026-09-07,223_SALES_DATA_NNME_07092026.DAT,C:\Users\jonat\PycharmProjects\NSWpropertyData\RawData\DAT\2026\20260907\223_SALES_DATA_NNME_07092026.DAT,36991,9d81915742508ec7740e780416ec36ecd319216ce682b43e055c120e83be2e36
2026,2026-09-07,224_SALES_DATA_NNME_07092026.DAT,C:\Users\jonat\PycharmProjects\NSWpropertyData\RawData\DAT\2026\20260907\224_SALES_DATA_NNME_07092026.DAT,25532,8804fe26672540be7aa6856dc394bf4ebcf4befc4ee16c5c5295594565a5fc4e
2026,2026-09-07,226_SALES_DATA_NNME_07092026.DAT,C:\Users\jonat\PycharmProjects\NSWpropertyData\RawData\DAT\2026\20260907\226_SALES_DATA_NNME_07092026.DAT,10518,fb819793fe86973a2e15d60b496a38dcb1760d73782533416ba36969ae8b0bab
2026,2026-09-07,231_SALES_DATA_NNME_07092026.DAT,C:\Users\jonat\PycharmProjects\NSWpropertyData\RawData\DAT\2026\20260907\231_SALES_DATA_NNME_07092026.DAT,939,3d967808a4426f35dbd76c1b71f2c1d8d7037f87a9768ebde01b846aad50cd69
2026,2026-09-07,234_SALES_DATA_NNME_07092026.DAT,C:\Users\jonat\PycharmProjects\NSWpropertyData\RawData\DAT\2026\20260907\234_SALES_DATA_NNME_07092026.DAT,2124,62516c001f4faff8a7c032a6a1699ab9d2a8f3c987d27ff7fd23ce4dd355edb4
2026,2026-09-07,235_SALES_DATA_NNME_07092026.DAT,C:\Users\jonat\PycharmProjects\NSWpropertyData\RawData\DAT\2026\20260907\235_SALES_DATA_NNME_07092026.DAT,291,0b0b8e95a99dd5921c64eea8a4bc0247bf90636d5504b5f277bfb682e14ed0a4
2026,2026-09-07,236_SALES_DATA_NNME_07092026.DAT,C:\Users\jonat\PycharmProjects\NSWpropertyData\RawData\DAT\2026\20260907\236_SALES_DATA_NNME_07092026.DAT,338,2aa4984cf014762af7e19a724dd1a0a9b40077dbf22ec0e5ffdc23813c70659c
2026,2026-09-07,238_SALES_DATA_NNME_07092026.DAT,C:\Users\jonat\PycharmProjects\NSWpropertyData\RawData\DAT\2026\20260907\238_SALES_DATA_NNME_07092026.DAT,910,42266dda6753132025ce5d57637093cd76e0b6628362ff3e0c7f3d7915e43491
2026,2026-09-07,239_SALES_DATA_NNME_07092026.DAT,C:\Users\jonat\PycharmProjects\NSWpropertyData\RawData\DAT\2026\20260907\239_SALES_DATA_NNME_07092026.DAT,812,507866bc8a85a809db3a49ddd72544a868fada70b646d64328dd96defa526b72
2026,2026-09-07,240_SALES_DATA_NNME_07092026.DAT,C:\Users\jonat\PycharmProjects\NSWpropertyData\RawData\DAT\2026\20260907\240_SALES_DATA_NNME_07092026.DAT,553,e5ab486b0ebca9a277fa7b9c8fbef1a11c257b99789da6a7c56aedbc37612b5a
2026,2026-09-07,243_SALES_DATA_NNME_07092026.DAT,C:\Users\jonat\PycharmProjects\NSWpropertyData\RawData\DAT\2026\20260907\243_SALES_DATA_NNME_07092026.DAT,556,6d2c2ae61a6cd950e64cfed9ccb7db8bc7f4c3fed193f45db0b94771ede7da4d
2026,2026-09-07,244_SALES_DATA_NNME_07092026.DAT,C:\Users\jonat\PycharmProjects\NSWpropertyData\RawData\DAT\2026\20260907\244_SALES_DATA_NNME_07092026.DAT,587,99cbdd6a39179abd2424189c4cd74f7e2e70fe99c636055c8ee95b34776f916a
2026,2026-09-07,247_SALES_DATA_NNME_07092026.DAT,C:\Users\jonat\PycharmProjects\NSWpropertyData\RawData\DAT\2026\20260907\247_SALES_DATA_NNME_07092026.DAT,1411,d522d98097a36fa4ab0ef73e05e6090690afe2a9cb1b2f963ccc8c6406053d05
2026,2026-09-07,250_SALES_DATA_NNME_07092026.DAT,C:\Users\jonat\PycharmProjects\NSWpropertyData\RawData\DAT\2026\20260907\250_SALES_DATA_NNME_07092026.DAT,2384,fb4652934dc45b7d6cbdf0f236a9d5307f4bbe438b4b27ebfb5dc92a7b68bd43
2026,2026-09-07,251_SALES_DATA_NNME_07092026.DAT,C:\Users\jonat\PycharmProjects\NSWpropertyData\RawData\DAT\2026\20260907\251_SALES_DATA_NNME_07092026.DAT,551,2c2ca15ed6018396a917a996b33971f5fcd55c79abecd999ab5c39de63ac1c5e
2026,2026-09-07,252_SALES_DATA_NNME_07092026.DAT,C:\Users\jonat\PycharmProjects\NSWpropertyData\RawData\DAT\2026\20260907\252_SALES_DATA_NNME_07092026.DAT,459,f08be1e148e9b7c6800a8199495195f8f13d400f627df4c471c55ba5d277e2e8
2026,2026-09-07,253_SALES_DATA_NNME_07092026.DAT,C:\Users\jonat\PycharmProjects\NSWpropertyData\RawData\DAT\2026\20260907\253_SALES_DATA_NNME_07092026.DAT,302,fb94ce248dec4ec2fbe4fe431466deddb2a312713c8602644f4c62a2c5c8baed
2026,2026-09-07,255_SALES_DATA_NNME_07092026.DAT,C:\Users\jonat\PycharmProjects\NSWpropertyData\RawData\DAT\2026\20260907\255_SALES_DATA_NNME_07092026.DAT,2076,aefc249d898940b041d794a65a4cf9a3c7183f22ccf8fd4d813458216a1b930a
2026,2026-09-07,257_SALES_DATA_NNME_07092026.DAT,C:\Users\jonat\PycharmProjects\NSWpropertyData\RawData\DAT\2026\20260907\257_SALES_DATA_NNME_07092026.DAT,4327,9f38ea4d2864bcd027db3b599c94658b7b652d0b3600c5fbc13f96a153919c24
2026,2026-09-07,258_SALES_DATA_NNME_07092026.DAT,C:\Users\jonat\PycharmProjects\NSWpropertyData\RawData\DAT\2026\20260907\258_SALES_DATA_NNME_07092026.DAT,25454,fd11b0f57da8aac2cef6c4dc44cc1f9fcad4eaa0deee121f8f36f7b7a3bee8a5
2026,2026-09-07,259_SALES_DATA_NNME_07092026.DAT,C:\Users\jonat\PycharmProjects\NSWpropertyData\RawData\DAT\2026\20260907\259_SALES_DATA_NNME_07092026.DAT,51089,90ab33bd431fb44d9916d4ec7f92b09e74de16867a719ce0a658e7f3635b558e
2026,2026-09-07,260_SALES_DATA_NNME_07092026.DAT,C:\Users\jonat\PycharmProjects\NSWpropertyData\RawData\DAT\2026\20260907\260_SALES_DATA_NNME_07092026.DAT,57397,0b5d776cd0b1e1e955d8b8cdb40d8b60a857a3b0f0a84d1c2eb89e721c59f37d
2026,2026-09-07,261_SALES_DATA_NNME_07092026.DAT,C:\Users\jonat\PycharmProjects\NSWpropertyData\RawData\DAT\2026\20260907\261_SALES_DATA_NNME_07092026.DAT,20235,7210a10852a797ca7e962ac058e7c3d19c213395acbb9099f54853762374fdf1
2026,2026-09-07,262_SALES_DATA_NNME_07092026.DAT,C:\Users\jonat\PycharmProjects\NSWpropertyData\RawData\DAT\2026\20260907\262_SALES_DATA_NNME_07092026.DAT,1872,52f41c120969595e6319967b926d70e47b070de51c438692cf39c4d4a4dee1fa
2026,2026-09-07,263_SALES_DATA_NNME_07092026.DAT,C:\Users\jonat\PycharmProjects\NSWpropertyData\RawData\DAT\2026\20260907\263_SALES_DATA_NNME_07092026.DAT,3167,7ddfa2310f87ef224e0812317c4ca0ac5f594b805985774f5587cd22d638ede8
2026,2026-09-07,264_SALES_DATA_NNME_07092026.DAT,C:\Users\jonat\PycharmProjects\NSWpropertyData\RawData\DAT\2026\20260907\264_SALES_DATA_NNME_07092026.DAT,12187,7b2e40876aaa58c97aa38f565e3707165f3b54b0760ebf4fd25e73dc1119c6ce
2026,2026-09-07,265_SALES_DATA_NNME_07092026.DAT,C:\Users\jonat\PycharmProjects\NSWpropertyData\RawData\DAT\2026\20260907\265_SALES_DATA_NNME_07092026.DAT,1401,b150f7cd8a47bee9c8b20b3fc115f27c5befe440ac6ff95188b1ea23197d15dc
2026,2026-09-07,266_SALES_DATA_NNME_07092026.DAT,C:\Users\jonat\PycharmProjects\NSWpropertyData\RawData\DAT\2026\20260907\266_SALES_DATA_NNME_07092026.DAT,4679,c99e540b251dba0ddf3d9b1744b0753217822cc80421e2128ae06aefec933205
2026,2026-09-07,267_SALES_DATA_NNME_07092026.DAT,C:\Users\jonat\PycharmProjects\NSWpropertyData\RawData\DAT\2026\20260907\267_SALES_DATA_NNME_07092026.DAT,23843,c0bcf6782abfc1293543f00454e75f7790effdf7466f1cef57c6d6d2e9664533
2026,2026-09-07,268_SALES_DATA_NNME_07092026.DAT,C:\Users\jonat\PycharmProjects\NSWpropertyData\RawData\DAT\2026\20260907\268_SALES_DATA_NNME_07092026.DAT,14408,e9f33955ee0c383cdcd39712294eb4da4a88e8091409672a9522f8e0b56f5f50
2026,2026-09-07,269_SALES_DATA_NNME_07092026.DAT,C:\Users\jonat\PycharmProjects\NSWpropertyData\RawData\DAT\2026\20260907\269_SALES_DATA_NNME_07092026.DAT,4339,6b8049fa49462db8dc804699bb68e44fcd84136b2f020e831a0fddd97f6b6ae6
2026,2026-09-07,270_SALES_DATA_NNME_07092026.DAT,C:\Users\jonat\PycharmProjects\NSWpropertyData\RawData\DAT\2026\20260907\270_SALES_DATA_NNME_07092026.DAT,845,2244270922bfc5f9fdc3cb3c9bdc4d621add957d0a573276f3d96a7de67c2139
2026,2026-09-07,271_SALES_DATA_NNME_07092026.DAT,C:\Users\jonat\PycharmProjects\NSWpropertyData\RawData\DAT\2026\20260907\271_SALES_DATA_NNME_07092026.DAT,36193,41e1c84a5061eafb82c9fec14546766fa62314567cb71edc8f4c58125283c91f
2026,2026-09-07,272_SALES_DATA_NNME_07092026.DAT,C:\Users\jonat\PycharmProjects\NSWpropertyData\RawData\DAT\2026\20260907\272_SALES_DATA_NNME_07092026.DAT,10267,6bf9476ee98a5e1ebce6a8bd3767b8ae9515b5578572a7b19de26ce61e07e8be
2026,2026-09-07,273_SALES_DATA_NNME_07092026.DAT,C:\Users\jonat\PycharmProjects\NSWpropertyData\RawData\DAT\2026\20260907\273_SALES_DATA_NNME_07092026.DAT,4585,cf638ab69a35623038da00e61012f2fc46bdc146d2e686308df3e59a1a7c89f3
2026,2026-09-07,274_SALES_DATA_NNME_07092026.DAT,C:\Users\jonat\PycharmProjects\NSWpropertyData\RawData\DAT\2026\20260907\274_SALES_DATA_NNME_07092026.DAT,2455,b6dc705c10b5b2df66bda8eb9117981c0501cf29fa297270e8af661fc9162f7f
2026,2026-09-07,275_SALES_DATA_NNME_07092026.DAT,C:\Users\jonat\PycharmProjects\NSWpropertyData\RawData\DAT\2026\20260907\275_SALES_DATA_NNME_07092026.DAT,10181,5177cbcec2fef207e8918ef4e47711e62435be92398cb166a78c24b476f854be
2026,2026-09-07,276_SALES_DATA_NNME_07092026.DAT,C:\Users\jonat\PycharmProjects\NSWpropertyData\RawData\DAT\2026\20260907\276_SALES_DATA_NNME_07092026.DAT,19531,f741db3400ad96a42ef920463b9810a539a97c3eb76b0a2d43d5591097b7f4d0
2026,2026-09-07,301_SALES_DATA_NNME_07092026.DAT,C:\Users\jonat\PycharmProjects\NSWpropertyData\RawData\DAT\2026\20260907\301_SALES_DATA_NNME_07092026.DAT,916,ae7085a2a5931ad805d1be6e20f18ac90efd46ff4304acdc9df160bcda6b45f3
2026,2026-09-07,302_SALES_DATA_NNME_07092026.DAT,C:\Users\jonat\PycharmProjects\NSWpropertyData\RawData\DAT\2026\20260907\302_SALES_DATA_NNME_07092026.DAT,1180,af2e63b65e21de454e4b11ee6629675fb938de54acec68239de9891ae0ef7f70
2026,2026-09-07,303_SALES_DATA_NNME_07092026.DAT,C:\Users\jonat\PycharmProjects\NSWpropertyData\RawData\DAT\2026\20260907\303_SALES_DATA_NNME_07092026.DAT,10101,381df9ce7ad3d1f4e1a75d377c3aebda741001b838ce32d7f9f8e5e92984d8b7
2026,2026-09-07,511_SALES_DATA_NNME_07092026.DAT,C:\Users\jonat\PycharmProjects\NSWpropertyData\RawData\DAT\2026\20260907\511_SALES_DATA_NNME_07092026.DAT,2509,f7f62c70ba24ec40346a085d588dd49ef4cd64958c6c12c4207a09ac9a0f0df1
2026,2026-09-07,526_SALES_DATA_NNME_07092026.DAT,C:\Users\jonat\PycharmProjects\NSWpropertyData\RawData\DAT\2026\20260907\526_SALES_DATA_NNME_07092026.DAT,4083,27184cedeb90d34e38892ff22d36dcbd35f90d5304da0ae3984e6e5b59c79fd6
2026,2026-09-07,528_SALES_DATA_NNME_07092026.DAT,C:\Users\jonat\PycharmProjects\NSWpropertyData\RawData\DAT\2026\20260907\528_SALES_DATA_NNME_07092026.DAT,8209,8013647ab9dcc822803d553408d840f2e343424404fb3cc291bc4e871ef4e127
2026,2026-09-07,529_SALES_DATA_NNME_07092026.DAT,C:\Users\jonat\PycharmProjects\NSWpropertyData\RawData\DAT\2026\20260907\529_SALES_DATA_NNME_07092026.DAT,4794,1cadf3acf3fd7b7d89a39184f885085f660137b29623af4dba415d2cca4d3a69
2026,2026-09-07,537_SALES_DATA_NNME_07092026.DAT,C:\Users\jonat\PycharmProjects\NSWpropertyData\RawData\DAT\2026\20260907\537_SALES_DATA_NNME_07092026.DAT,2426,6b30846146c9fbf7fa071ebdf88ba747a3d84a6346932a881849eb45ffdfbbb9
2026,2026-09-07,538_SALES_DATA_NNME_07092026.DAT,C:\Users\jonat\PycharmProjects\NSWpropertyData\RawData\DAT\2026\20260907\538_SALES_DATA_NNME_07092026.DAT,1324,49aa30cd25ad8cefef34a62e02e99b7817bd4f0e9de65816a280ff2272ea2ef6
2026,2026-09-07,560_SALES_DATA_NNME_07092026.DAT,C:\Users\jonat\PycharmProjects\NSWpropertyData\RawData\DAT\2026\20260907\560_SALES_DATA_NNME_07092026.DAT,1705,0c8f3f4d929d9de5740ff0e91e7329eafcc708ea0d53acb587473604ef453c22
2026,2026-09-07,575_SALES_DATA_NNME_07092026.DAT,C:\Users\jonat\PycharmProjects\NSWpropertyData\RawData\DAT\2026\20260907\575_SALES_DATA_NNME_07092026.DAT,11106,2c588d1ca6b71e7da329a2e94c60b8fe12001139f266a82873bb02dd83af040f
2026,2026-09-07,608_SALES_DATA_NNME_07092026.DAT,C:\Users\jonat\PycharmProjects\NSWpropertyData\RawData\DAT\2026\20260907\608_SALES_DATA_NNME_07092026.DAT,8130,8c12896066142d52e137b6a8553896a39de0057a8463cab615cd0c5b99e1121a
2026,2026-09-07,620_SALES_DATA_NNME_07092026.DAT,C:\Users\jonat\PycharmProjects\NSWpropertyData\RawData\DAT\2026\20260907\620_SALES_DATA_NNME_07092026.DAT,10606,4a9de83dde5135fa20816794e296c2866a096c10315bff873328f65fb7c464ef
2026,2026-09-07,656_SALES_DATA_NNME_07092026.DAT,C:\Users\jonat\PycharmProjects\NSWpropertyData\RawData\DAT\2026\20260907\656_SALES_DATA_NNME_07092026.DAT,13537,c96b177202bcf2804645f752b32cc97acc858cb784d2b8ae942dafbb741f7e1e
2026,2026-09-07,666_SALES_DATA_NNME_07092026.DAT,C:\Users\jonat\PycharmProjects\NSWpropertyData\RawData\DAT\2026\20260907\666_SALES_DATA_NNME_07092026.DAT,7937,310a4126d41a50fe6f68a2d2a23a446aad18bff202fe3378af1ad1e3df20d40b
2026,2026-09-07,708_SALES_DATA_NNME_07092026.DAT,C:\Users\jonat\PycharmProjects\NSWpropertyData\RawData\DAT\2026\20260907\708_SALES_DATA_NNME_07092026.DAT,40651,e355231c0901179730e3fb6d92be5d5141d3ef8a49088ae6595b0cccc4d4e8bf
